character,prefix,mii_pitch,sound_id,name,action,cpu_variant
Mario,MR,,923,VO_MR_SELECT_CHAR_01,SELECT_CHAR_01,
Mario,MR,,924,VO_MR_SELECT_CHAR_02,SELECT_CHAR_02,
Mario,MR,,925,VO_MR_SELECT_CHAR_END,SELECT_CHAR_END,
Mario,MR,,1067,VO_MR_SELECT_KART_01,SELECT_KART_01,
Mario,MR,,1068,VO_MR_SELECT_KART_02,SELECT_KART_02,
Mario,MR,,1069,VO_MR_SELECT_KART_END,SELECT_KART_END,
Mario,MR,,1100,VO_MR_SELECT_TEAM_BLUE_01,SELECT_TEAM_BLUE_01,
Mario,MR,,1101,VO_MR_SELECT_TEAM_RED_01,SELECT_TEAM_RED_01,
Mario,MR,,1129,VO_MR_ATK,ATK,
Mario,MR,,1130,VO_MR_ATK2,ATK2,
Mario,MR,,1131,VO_MR_ATK_END,ATK_END,
Mario,MR,,1132,VO_MR_DSH,DSH,
Mario,MR,,1133,VO_MR_DSH2,DSH2,
Mario,MR,,1134,VO_MR_DSH3,DSH3,
Mario,MR,,1135,VO_MR_DSH4,DSH4,
Mario,MR,,1136,VO_MR_DSH5,DSH5,
Mario,MR,,1137,VO_MR_DSH_END,DSH_END,
Mario,MR,,1138,VO_MR_JP_ACT,JP_ACT,
Mario,MR,,1139,VO_MR_JP_ACT2,JP_ACT2,
Mario,MR,,1140,VO_MR_JP_ACT_END,JP_ACT_END,
Mario,MR,,1141,VO_MR_JP_L,JP_L,
Mario,MR,,1142,VO_MR_JP_L2,JP_L2,
Mario,MR,,1143,VO_MR_JP_L_END,JP_L_END,
Mario,MR,,1144,VO_MR_JP_M,JP_M,
Mario,MR,,1145,VO_MR_JP_M2,JP_M2,
Mario,MR,,1146,VO_MR_JP_M_END,JP_M_END,
Mario,MR,,1147,VO_MR_JP_S,JP_S,
Mario,MR,,1148,VO_MR_JP_S2,JP_S2,
Mario,MR,,1149,VO_MR_JP_S_END,JP_S_END,
Mario,MR,,1150,VO_MR_LND_L,LND_L,
Mario,MR,,1151,VO_MR_LND_L2,LND_L2,
Mario,MR,,1152,VO_MR_LND_L_END,LND_L_END,
Mario,MR,,1153,VO_MR_LND_S,LND_S,
Mario,MR,,1154,VO_MR_LND_S2,LND_S2,
Mario,MR,,1155,VO_MR_LND_S_END,LND_S_END,
Mario,MR,,1156,VO_MR_STR_FAIL,STR_FAIL,
Mario,MR,,1157,VO_MR_STR_FAIL2,STR_FAIL2,
Mario,MR,,1158,VO_MR_STR_FAIL_END,STR_FAIL_END,
Mario,MR,,1159,VO_MR_WLE,WLE,
Mario,MR,,1160,VO_MR_WLE2,WLE2,
Mario,MR,,1161,VO_MR_WLE_END,WLE_END,
Mario,MR,,1162,VO_MR_WLE_FAIL,WLE_FAIL,
Mario,MR,,1163,VO_MR_WLE_FAIL2,WLE_FAIL2,
Mario,MR,,1164,VO_MR_WLE_FAIL_END,WLE_FAIL_END,
Mario,MR,,1165,VO_MR_OVTAK,OVTAK,
Mario,MR,,1166,VO_MR_OVTAK2,OVTAK2,
Mario,MR,,1167,VO_MR_OVTAK_END,OVTAK_END,
Mario,MR,,1168,VO_MR_DMG_L,DMG_L,
Mario,MR,,1169,VO_MR_DMG_L2,DMG_L2,
Mario,MR,,1170,VO_MR_DMG_L_END,DMG_L_END,
Mario,MR,,1171,VO_MR_DMG_M,DMG_M,
Mario,MR,,1172,VO_MR_DMG_M2,DMG_M2,
Mario,MR,,1173,VO_MR_DMG_M_END,DMG_M_END,
Mario,MR,,1174,VO_MR_DMG_S,DMG_S,
Mario,MR,,1175,VO_MR_DMG_S2,DMG_S2,
Mario,MR,,1176,VO_MR_DMG_S_END,DMG_S_END,
Mario,MR,,1177,VO_MR_DMG_SPN,DMG_SPN,
Mario,MR,,1178,VO_MR_DMG_SPN2,DMG_SPN2,
Mario,MR,,1179,VO_MR_DMG_SPN_END,DMG_SPN_END,
Mario,MR,,1180,VO_MR_DMG_FRE,DMG_FRE,
Mario,MR,,1181,VO_MR_DMG_FRE2,DMG_FRE2,
Mario,MR,,1182,VO_MR_DMG_FRE_END,DMG_FRE_END,
Mario,MR,,1183,VO_MR_FAL,FAL,
Mario,MR,,1184,VO_MR_FAL2,FAL2,
Mario,MR,,1185,VO_MR_FAL_END,FAL_END,
Mario,MR,,1186,VO_MR_FAL_W,FAL_W,
Mario,MR,,1187,VO_MR_FAL_W2,FAL_W2,
Mario,MR,,1188,VO_MR_FAL_W_END,FAL_W_END,
Mario,MR,,1189,VO_MR_RET,RET,
Mario,MR,,1190,VO_MR_RET2,RET2,
Mario,MR,,1191,VO_MR_RET_END,RET_END,
Mario,MR,,1192,VO_MR_RET_W,RET_W,
Mario,MR,,1193,VO_MR_RET_W2,RET_W2,
Mario,MR,,1194,VO_MR_RET_W_END,RET_W_END,
Mario,MR,,1195,VO_MR_ITM_PUT,ITM_PUT,
Mario,MR,,1196,VO_MR_ITM_PUT2,ITM_PUT2,
Mario,MR,,1197,VO_MR_ITM_PUT_END,ITM_PUT_END,
Mario,MR,,1198,VO_MR_ITM_TRW,ITM_TRW,
Mario,MR,,1199,VO_MR_ITM_TRW2,ITM_TRW2,
Mario,MR,,1200,VO_MR_ITM_TRW_END,ITM_TRW_END,
Mario,MR,,1201,VO_MR_ITM_SCES,ITM_SCES,
Mario,MR,,1202,VO_MR_ITM_SCES2,ITM_SCES2,
Mario,MR,,1203,VO_MR_ITM_SCES_END,ITM_SCES_END,
Mario,MR,,1204,VO_MR_ITM_PWUP,ITM_PWUP,
Mario,MR,,1205,VO_MR_ITM_PWUP2,ITM_PWUP2,
Mario,MR,,1206,VO_MR_ITM_PWUP_END,ITM_PWUP_END,
Mario,MR,,1207,VO_MR_CAN,CAN,
Mario,MR,,1208,VO_MR_CAN2,CAN2,
Mario,MR,,1209,VO_MR_CAN_END,CAN_END,
Mario,MR,,1210,VO_MR_NPC_ATK,NPC_ATK,yes
Mario,MR,,1211,VO_MR_NPC_ATK2,NPC_ATK2,yes
Mario,MR,,1212,VO_MR_NPC_ATK_3,NPC_ATK_3,yes
Mario,MR,,1213,VO_MR_NPC_ATK_4,NPC_ATK_4,yes
Mario,MR,,1214,VO_MR_NPC_ATK_END,NPC_ATK_END,yes
Mario,MR,,1215,VO_MR_NPC_DSH,NPC_DSH,yes
Mario,MR,,1216,VO_MR_NPC_DSH2,NPC_DSH2,yes
Mario,MR,,1217,VO_MR_NPC_DSH3,NPC_DSH3,yes
Mario,MR,,1218,VO_MR_NPC_DSH4,NPC_DSH4,yes
Mario,MR,,1219,VO_MR_NPC_DSH5,NPC_DSH5,yes
Mario,MR,,1220,VO_MR_NPC_DSH_END,NPC_DSH_END,yes
Mario,MR,,1221,VO_MR_NPC_JP_M,NPC_JP_M,yes
Mario,MR,,1222,VO_MR_NPC_JP_M2,NPC_JP_M2,yes
Mario,MR,,1223,VO_MR_NPC_JP_M_END,NPC_JP_M_END,yes
Mario,MR,,1224,VO_MR_NPC_WLE_FAIL,NPC_WLE_FAIL,yes
Mario,MR,,1225,VO_MR_NPC_WLE_FAIL2,NPC_WLE_FAIL2,yes
Mario,MR,,1226,VO_MR_NPC_WLE_FAIL_END,NPC_WLE_FAIL_END,yes
Mario,MR,,1227,VO_MR_NPC_OVTAK,NPC_OVTAK,yes
Mario,MR,,1228,VO_MR_NPC_OVTAK2,NPC_OVTAK2,yes
Mario,MR,,1229,VO_MR_NPC_OVTAK_END,NPC_OVTAK_END,yes
Mario,MR,,1230,VO_MR_NPC_DMG_L,NPC_DMG_L,yes
Mario,MR,,1231,VO_MR_NPC_DMG_L2,NPC_DMG_L2,yes
Mario,MR,,1232,VO_MR_NPC_DMG_L_END,NPC_DMG_L_END,yes
Mario,MR,,1233,VO_MR_NPC_DMG_S,NPC_DMG_S,yes
Mario,MR,,1234,VO_MR_NPC_DMG_S2,NPC_DMG_S2,yes
Mario,MR,,1235,VO_MR_NPC_DMG_S_END,NPC_DMG_S_END,yes
Mario,MR,,1236,VO_MR_NPC_DMG_SPN,NPC_DMG_SPN,yes
Mario,MR,,1237,VO_MR_NPC_DMG_SPN2,NPC_DMG_SPN2,yes
Mario,MR,,1238,VO_MR_NPC_DMG_SPN_END,NPC_DMG_SPN_END,yes
Mario,MR,,1239,VO_MR_NPC_FAL,NPC_FAL,yes
Mario,MR,,1240,VO_MR_NPC_FAL_W,NPC_FAL_W,yes
Mario,MR,,1241,VO_MR_NPC_RET,NPC_RET,yes
Mario,MR,,1242,VO_MR_NPC_ITM_SCES,NPC_ITM_SCES,yes
Mario,MR,,1243,VO_MR_NPC_ITM_PWUP,NPC_ITM_PWUP,yes
Mario,MR,,1244,VO_MR_NPC_CAN,NPC_CAN,yes
Mario,MR,,1245,VO_MR_GOL_TOP,GOL_TOP,
Mario,MR,,1246,VO_MR_GOL_TOP2,GOL_TOP2,
Mario,MR,,1247,VO_MR_GOL_TOP_END,GOL_TOP_END,
Mario,MR,,1248,VO_MR_GOL_GOD,GOL_GOD,
Mario,MR,,1249,VO_MR_GOL_GOD2,GOL_GOD2,
Mario,MR,,1250,VO_MR_GOL_GOD_END,GOL_GOD_END,
Mario,MR,,1251,VO_MR_GOL_BAD,GOL_BAD,
Mario,MR,,1252,VO_MR_GOL_BAD2,GOL_BAD2,
Mario,MR,,1253,VO_MR_GOL_BAD_END,GOL_BAD_END,
Mario,MR,,1254,VO_MR_GOL_TA_TOP,GOL_TA_TOP,
Mario,MR,,1255,VO_MR_GOL_TA_TOP_END,GOL_TA_TOP_END,
Mario,MR,,1256,VO_MR_GOL_TA_BAD_END,GOL_TA_BAD_END,
Mario,MR,,1257,VO_MR_STRM,STRM,
Mario,MR,,1258,VO_MR_STRM2,STRM2,
Mario,MR,,1259,VO_MR_STRM_END,STRM_END,
Mario,MR,,1260,VO_MR_NPC_STRM,NPC_STRM,yes
Luigi,LG,,926,VO_LG_SELECT_CHAR_01,SELECT_CHAR_01,
Luigi,LG,,927,VO_LG_SELECT_CHAR_02,SELECT_CHAR_02,
Luigi,LG,,928,VO_LG_SELECT_CHAR_END,SELECT_CHAR_END,
Luigi,LG,,1070,VO_LG_SELECT_KART_01,SELECT_KART_01,
Luigi,LG,,1071,VO_LG_SELECT_KART_02,SELECT_KART_02,
Luigi,LG,,1072,VO_LG_SELECT_KART_END,SELECT_KART_END,
Luigi,LG,,1102,VO_LG_SELECT_TEAM_BLUE_01,SELECT_TEAM_BLUE_01,
Luigi,LG,,1103,VO_LG_SELECT_TEAM_RED_01,SELECT_TEAM_RED_01,
Luigi,LG,,1261,VO_LG_ATK,ATK,
Luigi,LG,,1262,VO_LG_ATK2,ATK2,
Luigi,LG,,1263,VO_LG_ATK_END,ATK_END,
Luigi,LG,,1264,VO_LG_DSH,DSH,
Luigi,LG,,1265,VO_LG_DSH2,DSH2,
Luigi,LG,,1266,VO_LG_DSH3,DSH3,
Luigi,LG,,1267,VO_LG_DSH4,DSH4,
Luigi,LG,,1268,VO_LG_DSH5,DSH5,
Luigi,LG,,1269,VO_LG_DSH_END,DSH_END,
Luigi,LG,,1270,VO_LG_JP_ACT,JP_ACT,
Luigi,LG,,1271,VO_LG_JP_ACT2,JP_ACT2,
Luigi,LG,,1272,VO_LG_JP_ACT_END,JP_ACT_END,
Luigi,LG,,1273,VO_LG_JP_L,JP_L,
Luigi,LG,,1274,VO_LG_JP_L2,JP_L2,
Luigi,LG,,1275,VO_LG_JP_L_END,JP_L_END,
Luigi,LG,,1276,VO_LG_JP_M,JP_M,
Luigi,LG,,1277,VO_LG_JP_M2,JP_M2,
Luigi,LG,,1278,VO_LG_JP_M_END,JP_M_END,
Luigi,LG,,1279,VO_LG_JP_S,JP_S,
Luigi,LG,,1280,VO_LG_JP_S2,JP_S2,
Luigi,LG,,1281,VO_LG_JP_S_END,JP_S_END,
Luigi,LG,,1282,VO_LG_LND_L,LND_L,
Luigi,LG,,1283,VO_LG_LND_L2,LND_L2,
Luigi,LG,,1284,VO_LG_LND_L_END,LND_L_END,
Luigi,LG,,1285,VO_LG_LND_S,LND_S,
Luigi,LG,,1286,VO_LG_LND_S2,LND_S2,
Luigi,LG,,1287,VO_LG_LND_S_END,LND_S_END,
Luigi,LG,,1288,VO_LG_STR_FAIL,STR_FAIL,
Luigi,LG,,1289,VO_LG_STR_FAIL2,STR_FAIL2,
Luigi,LG,,1290,VO_LG_STR_FAIL_END,STR_FAIL_END,
Luigi,LG,,1291,VO_LG_WLE,WLE,
Luigi,LG,,1292,VO_LG_WLE2,WLE2,
Luigi,LG,,1293,VO_LG_WLE_END,WLE_END,
Luigi,LG,,1294,VO_LG_WLE_FAIL,WLE_FAIL,
Luigi,LG,,1295,VO_LG_WLE_FAIL2,WLE_FAIL2,
Luigi,LG,,1296,VO_LG_WLE_FAIL_END,WLE_FAIL_END,
Luigi,LG,,1297,VO_LG_OVTAK,OVTAK,
Luigi,LG,,1298,VO_LG_OVTAK2,OVTAK2,
Luigi,LG,,1299,VO_LG_OVTAK_END,OVTAK_END,
Luigi,LG,,1300,VO_LG_DMG_L,DMG_L,
Luigi,LG,,1301,VO_LG_DMG_L2,DMG_L2,
Luigi,LG,,1302,VO_LG_DMG_L_END,DMG_L_END,
Luigi,LG,,1303,VO_LG_DMG_M,DMG_M,
Luigi,LG,,1304,VO_LG_DMG_M2,DMG_M2,
Luigi,LG,,1305,VO_LG_DMG_M_END,DMG_M_END,
Luigi,LG,,1306,VO_LG_DMG_S,DMG_S,
Luigi,LG,,1307,VO_LG_DMG_S2,DMG_S2,
Luigi,LG,,1308,VO_LG_DMG_S_END,DMG_S_END,
Luigi,LG,,1309,VO_LG_DMG_SPN,DMG_SPN,
Luigi,LG,,1310,VO_LG_DMG_SPN2,DMG_SPN2,
Luigi,LG,,1311,VO_LG_DMG_SPN_END,DMG_SPN_END,
Luigi,LG,,1312,VO_LG_DMG_FRE,DMG_FRE,
Luigi,LG,,1313,VO_LG_DMG_FRE2,DMG_FRE2,
Luigi,LG,,1314,VO_LG_DMG_FRE_END,DMG_FRE_END,
Luigi,LG,,1315,VO_LG_FAL,FAL,
Luigi,LG,,1316,VO_LG_FAL2,FAL2,
Luigi,LG,,1317,VO_LG_FAL_END,FAL_END,
Luigi,LG,,1318,VO_LG_FAL_W,FAL_W,
Luigi,LG,,1319,VO_LG_FAL_W2,FAL_W2,
Luigi,LG,,1320,VO_LG_FAL_W_END,FAL_W_END,
Luigi,LG,,1321,VO_LG_RET,RET,
Luigi,LG,,1322,VO_LG_RET2,RET2,
Luigi,LG,,1323,VO_LG_RET_END,RET_END,
Luigi,LG,,1324,VO_LG_RET_W,RET_W,
Luigi,LG,,1325,VO_LG_RET_W2,RET_W2,
Luigi,LG,,1326,VO_LG_RET_W_END,RET_W_END,
Luigi,LG,,1327,VO_LG_ITM_PUT,ITM_PUT,
Luigi,LG,,1328,VO_LG_ITM_PUT2,ITM_PUT2,
Luigi,LG,,1329,VO_LG_ITM_PUT_END,ITM_PUT_END,
Luigi,LG,,1330,VO_LG_ITM_TRW,ITM_TRW,
Luigi,LG,,1331,VO_LG_ITM_TRW2,ITM_TRW2,
Luigi,LG,,1332,VO_LG_ITM_TRW_END,ITM_TRW_END,
Luigi,LG,,1333,VO_LG_ITM_SCES,ITM_SCES,
Luigi,LG,,1334,VO_LG_ITM_SCES2,ITM_SCES2,
Luigi,LG,,1335,VO_LG_ITM_SCES_END,ITM_SCES_END,
Luigi,LG,,1336,VO_LG_ITM_PWUP,ITM_PWUP,
Luigi,LG,,1337,VO_LG_ITM_PWUP2,ITM_PWUP2,
Luigi,LG,,1338,VO_LG_ITM_PWUP_END,ITM_PWUP_END,
Luigi,LG,,1339,VO_LG_CAN,CAN,
Luigi,LG,,1340,VO_LG_CAN2,CAN2,
Luigi,LG,,1341,VO_LG_CAN_END,CAN_END,
Luigi,LG,,1342,VO_LG_NPC_ATK,NPC_ATK,yes
Luigi,LG,,1343,VO_LG_NPC_ATK2,NPC_ATK2,yes
Luigi,LG,,1344,VO_LG_NPC_ATK_3,NPC_ATK_3,yes
Luigi,LG,,1345,VO_LG_NPC_ATK_4,NPC_ATK_4,yes
Luigi,LG,,1346,VO_LG_NPC_ATK_END,NPC_ATK_END,yes
Luigi,LG,,1347,VO_LG_NPC_DSH,NPC_DSH,yes
Luigi,LG,,1348,VO_LG_NPC_DSH2,NPC_DSH2,yes
Luigi,LG,,1349,VO_LG_NPC_DSH3,NPC_DSH3,yes
Luigi,LG,,1350,VO_LG_NPC_DSH4,NPC_DSH4,yes
Luigi,LG,,1351,VO_LG_NPC_DSH5,NPC_DSH5,yes
Luigi,LG,,1352,VO_LG_NPC_DSH_END,NPC_DSH_END,yes
Luigi,LG,,1353,VO_LG_NPC_JP_M,NPC_JP_M,yes
Luigi,LG,,1354,VO_LG_NPC_JP_M2,NPC_JP_M2,yes
Luigi,LG,,1355,VO_LG_NPC_JP_M_END,NPC_JP_M_END,yes
Luigi,LG,,1356,VO_LG_NPC_WLE_FAIL,NPC_WLE_FAIL,yes
Luigi,LG,,1357,VO_LG_NPC_WLE_FAIL2,NPC_WLE_FAIL2,yes
Luigi,LG,,1358,VO_LG_NPC_WLE_FAIL_END,NPC_WLE_FAIL_END,yes
Luigi,LG,,1359,VO_LG_NPC_OVTAK,NPC_OVTAK,yes
Luigi,LG,,1360,VO_LG_NPC_OVTAK2,NPC_OVTAK2,yes
Luigi,LG,,1361,VO_LG_NPC_OVTAK_END,NPC_OVTAK_END,yes
Luigi,LG,,1362,VO_LG_NPC_DMG_L,NPC_DMG_L,yes
Luigi,LG,,1363,VO_LG_NPC_DMG_L2,NPC_DMG_L2,yes
Luigi,LG,,1364,VO_LG_NPC_DMG_L_END,NPC_DMG_L_END,yes
Luigi,LG,,1365,VO_LG_NPC_DMG_S,NPC_DMG_S,yes
Luigi,LG,,1366,VO_LG_NPC_DMG_S2,NPC_DMG_S2,yes
Luigi,LG,,1367,VO_LG_NPC_DMG_S_END,NPC_DMG_S_END,yes
Luigi,LG,,1368,VO_LG_NPC_DMG_SPN,NPC_DMG_SPN,yes
Luigi,LG,,1369,VO_LG_NPC_DMG_SPN2,NPC_DMG_SPN2,yes
Luigi,LG,,1370,VO_LG_NPC_DMG_SPN_END,NPC_DMG_SPN_END,yes
Luigi,LG,,1371,VO_LG_NPC_FAL,NPC_FAL,yes
Luigi,LG,,1372,VO_LG_NPC_FAL_W,NPC_FAL_W,yes
Luigi,LG,,1373,VO_LG_NPC_RET,NPC_RET,yes
Luigi,LG,,1374,VO_LG_NPC_ITM_SCES,NPC_ITM_SCES,yes
Luigi,LG,,1375,VO_LG_NPC_ITM_PWUP,NPC_ITM_PWUP,yes
Luigi,LG,,1376,VO_LG_NPC_CAN,NPC_CAN,yes
Luigi,LG,,1377,VO_LG_GOL_TOP,GOL_TOP,
Luigi,LG,,1378,VO_LG_GOL_TOP2,GOL_TOP2,
Luigi,LG,,1379,VO_LG_GOL_TOP_END,GOL_TOP_END,
Luigi,LG,,1380,VO_LG_GOL_GOD,GOL_GOD,
Luigi,LG,,1381,VO_LG_GOL_GOD2,GOL_GOD2,
Luigi,LG,,1382,VO_LG_GOL_GOD_END,GOL_GOD_END,
Luigi,LG,,1383,VO_LG_GOL_BAD,GOL_BAD,
Luigi,LG,,1384,VO_LG_GOL_BAD2,GOL_BAD2,
Luigi,LG,,1385,VO_LG_GOL_BAD_END,GOL_BAD_END,
Luigi,LG,,1386,VO_LG_GOL_TA_TOP,GOL_TA_TOP,
Luigi,LG,,1387,VO_LG_GOL_TA_TOP2,GOL_TA_TOP2,
Luigi,LG,,1388,VO_LG_GOL_TA_TOP_END,GOL_TA_TOP_END,
Luigi,LG,,1389,VO_LG_GOL_TA_GOD,GOL_TA_GOD,
Luigi,LG,,1390,VO_LG_GOL_TA_BAD,GOL_TA_BAD,
Luigi,LG,,1391,VO_LG_GOL_TA_BAD2,GOL_TA_BAD2,
Luigi,LG,,1392,VO_LG_GOL_TA_BAD_END,GOL_TA_BAD_END,
Luigi,LG,,1393,VO_LG_STRM,STRM,
Luigi,LG,,1394,VO_LG_STRM2,STRM2,
Luigi,LG,,1395,VO_LG_STRM_END,STRM_END,
Luigi,LG,,1396,VO_LG_NPC_STRM,NPC_STRM,yes
Yoshi,YS,,929,VO_YS_SELECT_CHAR_01,SELECT_CHAR_01,
Yoshi,YS,,930,VO_YS_SELECT_CHAR_02,SELECT_CHAR_02,
Yoshi,YS,,931,VO_YS_SELECT_CHAR_END,SELECT_CHAR_END,
Yoshi,YS,,1073,VO_YS_SELECT_KART_01,SELECT_KART_01,
Yoshi,YS,,1074,VO_YS_SELECT_KART_02,SELECT_KART_02,
Yoshi,YS,,1075,VO_YS_SELECT_KART_END,SELECT_KART_END,
Yoshi,YS,,1397,VO_YS_ATK,ATK,
Yoshi,YS,,1398,VO_YS_ATK2,ATK2,
Yoshi,YS,,1399,VO_YS_ATK_END,ATK_END,
Yoshi,YS,,1400,VO_YS_DSH,DSH,
Yoshi,YS,,1401,VO_YS_DSH2,DSH2,
Yoshi,YS,,1402,VO_YS_DSH3,DSH3,
Yoshi,YS,,1403,VO_YS_DSH4,DSH4,
Yoshi,YS,,1404,VO_YS_DSH5,DSH5,
Yoshi,YS,,1405,VO_YS_DSH_END,DSH_END,
Yoshi,YS,,1406,VO_YS_JP_ACT,JP_ACT,
Yoshi,YS,,1407,VO_YS_JP_ACT2,JP_ACT2,
Yoshi,YS,,1408,VO_YS_JP_ACT_END,JP_ACT_END,
Yoshi,YS,,1409,VO_YS_JP_L,JP_L,
Yoshi,YS,,1410,VO_YS_JP_L2,JP_L2,
Yoshi,YS,,1411,VO_YS_JP_L_END,JP_L_END,
Yoshi,YS,,1412,VO_YS_JP_M,JP_M,
Yoshi,YS,,1413,VO_YS_JP_M2,JP_M2,
Yoshi,YS,,1414,VO_YS_JP_M_END,JP_M_END,
Yoshi,YS,,1415,VO_YS_JP_S,JP_S,
Yoshi,YS,,1416,VO_YS_JP_S2,JP_S2,
Yoshi,YS,,1417,VO_YS_JP_S_END,JP_S_END,
Yoshi,YS,,1418,VO_YS_LND_L,LND_L,
Yoshi,YS,,1419,VO_YS_LND_L2,LND_L2,
Yoshi,YS,,1420,VO_YS_LND_L_END,LND_L_END,
Yoshi,YS,,1421,VO_YS_LND_S,LND_S,
Yoshi,YS,,1422,VO_YS_LND_S2,LND_S2,
Yoshi,YS,,1423,VO_YS_LND_S_END,LND_S_END,
Yoshi,YS,,1424,VO_YS_WLE,WLE,
Yoshi,YS,,1425,VO_YS_WLE2,WLE2,
Yoshi,YS,,1426,VO_YS_WLE_END,WLE_END,
Yoshi,YS,,1427,VO_YS_WLE_FAIL,WLE_FAIL,
Yoshi,YS,,1428,VO_YS_WLE_FAIL2,WLE_FAIL2,
Yoshi,YS,,1429,VO_YS_WLE_FAIL_END,WLE_FAIL_END,
Yoshi,YS,,1430,VO_YS_OVTAK,OVTAK,
Yoshi,YS,,1431,VO_YS_OVTAK2,OVTAK2,
Yoshi,YS,,1432,VO_YS_OVTAK_END,OVTAK_END,
Yoshi,YS,,1433,VO_YS_DMG_L,DMG_L,
Yoshi,YS,,1434,VO_YS_DMG_L2,DMG_L2,
Yoshi,YS,,1435,VO_YS_DMG_L_END,DMG_L_END,
Yoshi,YS,,1436,VO_YS_DMG_M,DMG_M,
Yoshi,YS,,1437,VO_YS_DMG_M2,DMG_M2,
Yoshi,YS,,1438,VO_YS_DMG_M_END,DMG_M_END,
Yoshi,YS,,1439,VO_YS_DMG_S,DMG_S,
Yoshi,YS,,1440,VO_YS_DMG_S2,DMG_S2,
Yoshi,YS,,1441,VO_YS_DMG_S_END,DMG_S_END,
Yoshi,YS,,1442,VO_YS_DMG_SPN,DMG_SPN,
Yoshi,YS,,1443,VO_YS_DMG_SPN2,DMG_SPN2,
Yoshi,YS,,1444,VO_YS_DMG_SPN_END,DMG_SPN_END,
Yoshi,YS,,1445,VO_YS_FAL,FAL,
Yoshi,YS,,1446,VO_YS_FAL2,FAL2,
Yoshi,YS,,1447,VO_YS_FAL_END,FAL_END,
Yoshi,YS,,1448,VO_YS_FAL_W,FAL_W,
Yoshi,YS,,1449,VO_YS_FAL_W2,FAL_W2,
Yoshi,YS,,1450,VO_YS_FAL_W_END,FAL_W_END,
Yoshi,YS,,1451,VO_YS_RET,RET,
Yoshi,YS,,1452,VO_YS_RET2,RET2,
Yoshi,YS,,1453,VO_YS_RET_END,RET_END,
Yoshi,YS,,1454,VO_YS_ITM_PUT,ITM_PUT,
Yoshi,YS,,1455,VO_YS_ITM_PUT2,ITM_PUT2,
Yoshi,YS,,1456,VO_YS_ITM_PUT_END,ITM_PUT_END,
Yoshi,YS,,1457,VO_YS_ITM_TRW,ITM_TRW,
Yoshi,YS,,1458,VO_YS_ITM_TRW2,ITM_TRW2,
Yoshi,YS,,1459,VO_YS_ITM_TRW_END,ITM_TRW_END,
Yoshi,YS,,1460,VO_YS_ITM_SCES,ITM_SCES,
Yoshi,YS,,1461,VO_YS_ITM_SCES2,ITM_SCES2,
Yoshi,YS,,1462,VO_YS_ITM_SCES_END,ITM_SCES_END,
Yoshi,YS,,1463,VO_YS_CAN,CAN,
Yoshi,YS,,1464,VO_YS_CAN2,CAN2,
Yoshi,YS,,1465,VO_YS_CAN_END,CAN_END,
Yoshi,YS,,1466,VO_YS_NPC_ATK,NPC_ATK,yes
Yoshi,YS,,1467,VO_YS_NPC_ATK2,NPC_ATK2,yes
Yoshi,YS,,1468,VO_YS_NPC_ATK_3,NPC_ATK_3,yes
Yoshi,YS,,1469,VO_YS_NPC_ATK_4,NPC_ATK_4,yes
Yoshi,YS,,1470,VO_YS_NPC_ATK_END,NPC_ATK_END,yes
Yoshi,YS,,1471,VO_YS_NPC_DSH,NPC_DSH,yes
Yoshi,YS,,1472,VO_YS_NPC_DSH2,NPC_DSH2,yes
Yoshi,YS,,1473,VO_YS_NPC_DSH3,NPC_DSH3,yes
Yoshi,YS,,1474,VO_YS_NPC_DSH4,NPC_DSH4,yes
Yoshi,YS,,1475,VO_YS_NPC_DSH5,NPC_DSH5,yes
Yoshi,YS,,1476,VO_YS_NPC_DSH_END,NPC_DSH_END,yes
Yoshi,YS,,1477,VO_YS_NPC_JP_M,NPC_JP_M,yes
Yoshi,YS,,1478,VO_YS_NPC_JP_M2,NPC_JP_M2,yes
Yoshi,YS,,1479,VO_YS_NPC_JP_M_END,NPC_JP_M_END,yes
Yoshi,YS,,1480,VO_YS_NPC_WLE_FAIL,NPC_WLE_FAIL,yes
Yoshi,YS,,1481,VO_YS_NPC_WLE_FAIL2,NPC_WLE_FAIL2,yes
Yoshi,YS,,1482,VO_YS_NPC_WLE_FAIL_END,NPC_WLE_FAIL_END,yes
Yoshi,YS,,1483,VO_YS_NPC_OVTAK,NPC_OVTAK,yes
Yoshi,YS,,1484,VO_YS_NPC_OVTAK2,NPC_OVTAK2,yes
Yoshi,YS,,1485,VO_YS_NPC_OVTAK_END,NPC_OVTAK_END,yes
Yoshi,YS,,1486,VO_YS_NPC_DMG_L,NPC_DMG_L,yes
Yoshi,YS,,1487,VO_YS_NPC_DMG_L2,NPC_DMG_L2,yes
Yoshi,YS,,1488,VO_YS_NPC_DMG_L_END,NPC_DMG_L_END,yes
Yoshi,YS,,1489,VO_YS_NPC_DMG_S,NPC_DMG_S,yes
Yoshi,YS,,1490,VO_YS_NPC_DMG_S2,NPC_DMG_S2,yes
Yoshi,YS,,1491,VO_YS_NPC_DMG_S_END,NPC_DMG_S_END,yes
Yoshi,YS,,1492,VO_YS_NPC_DMG_SPN,NPC_DMG_SPN,yes
Yoshi,YS,,1493,VO_YS_NPC_DMG_SPN2,NPC_DMG_SPN2,yes
Yoshi,YS,,1494,VO_YS_NPC_DMG_SPN_END,NPC_DMG_SPN_END,yes
Yoshi,YS,,1495,VO_YS_NPC_FAL,NPC_FAL,yes
Yoshi,YS,,1496,VO_YS_NPC_FAL_W,NPC_FAL_W,yes
Yoshi,YS,,1497,VO_YS_NPC_RET,NPC_RET,yes
Yoshi,YS,,1498,VO_YS_NPC_ITM_SCES,NPC_ITM_SCES,yes
Yoshi,YS,,1499,VO_YS_NPC_ITM_PWUP,NPC_ITM_PWUP,yes
Yoshi,YS,,1500,VO_YS_NPC_CAN,NPC_CAN,yes
Yoshi,YS,,1501,VO_YS_GOL_TOP,GOL_TOP,
Yoshi,YS,,1502,VO_YS_GOL_TOP2,GOL_TOP2,
Yoshi,YS,,1503,VO_YS_GOL_TOP_END,GOL_TOP_END,
Yoshi,YS,,1504,VO_YS_GOL_GOD,GOL_GOD,
Yoshi,YS,,1505,VO_YS_GOL_GOD2,GOL_GOD2,
Yoshi,YS,,1506,VO_YS_GOL_GOD_END,GOL_GOD_END,
Yoshi,YS,,1507,VO_YS_GOL_BAD,GOL_BAD,
Yoshi,YS,,1508,VO_YS_GOL_BAD2,GOL_BAD2,
Yoshi,YS,,1509,VO_YS_GOL_BAD_END,GOL_BAD_END,
Yoshi,YS,,1510,VO_YS_STRM,STRM,
Yoshi,YS,,1511,VO_YS_STRM2,STRM2,
Yoshi,YS,,1512,VO_YS_STRM_END,STRM_END,
Yoshi,YS,,1513,VO_YS_NPC_STRM,NPC_STRM,yes
Peach,PC,,932,VO_PC_SELECT_CHAR_01,SELECT_CHAR_01,
Peach,PC,,933,VO_PC_SELECT_CHAR_02,SELECT_CHAR_02,
Peach,PC,,934,VO_PC_SELECT_CHAR_END,SELECT_CHAR_END,
Peach,PC,,1076,VO_PC_SELECT_KART_01,SELECT_KART_01,
Peach,PC,,1077,VO_PC_SELECT_KART_02,SELECT_KART_02,
Peach,PC,,1078,VO_PC_SELECT_KART_END,SELECT_KART_END,
Peach,PC,,1104,VO_PC_SELECT_TEAM_BLUE_01,SELECT_TEAM_BLUE_01,
Peach,PC,,1105,VO_PC_SELECT_TEAM_RED_01,SELECT_TEAM_RED_01,
Peach,PC,,1514,VO_PC_ATK,ATK,
Peach,PC,,1515,VO_PC_ATK2,ATK2,
Peach,PC,,1516,VO_PC_ATK_END,ATK_END,
Peach,PC,,1517,VO_PC_DSH,DSH,
Peach,PC,,1518,VO_PC_DSH2,DSH2,
Peach,PC,,1519,VO_PC_DSH3,DSH3,
Peach,PC,,1520,VO_PC_DSH4,DSH4,
Peach,PC,,1521,VO_PC_DSH5,DSH5,
Peach,PC,,1522,VO_PC_DSH_END,DSH_END,
Peach,PC,,1523,VO_PC_JP_ACT,JP_ACT,
Peach,PC,,1524,VO_PC_JP_ACT2,JP_ACT2,
Peach,PC,,1525,VO_PC_JP_ACT_END,JP_ACT_END,
Peach,PC,,1526,VO_PC_JP_L,JP_L,
Peach,PC,,1527,VO_PC_JP_L2,JP_L2,
Peach,PC,,1528,VO_PC_JP_L_END,JP_L_END,
Peach,PC,,1529,VO_PC_JP_M,JP_M,
Peach,PC,,1530,VO_PC_JP_M2,JP_M2,
Peach,PC,,1531,VO_PC_JP_M_END,JP_M_END,
Peach,PC,,1532,VO_PC_JP_S,JP_S,
Peach,PC,,1533,VO_PC_JP_S2,JP_S2,
Peach,PC,,1534,VO_PC_JP_S_END,JP_S_END,
Peach,PC,,1535,VO_PC_LND_L,LND_L,
Peach,PC,,1536,VO_PC_LND_L2,LND_L2,
Peach,PC,,1537,VO_PC_LND_L_END,LND_L_END,
Peach,PC,,1538,VO_PC_LND_S,LND_S,
Peach,PC,,1539,VO_PC_LND_S2,LND_S2,
Peach,PC,,1540,VO_PC_LND_S_END,LND_S_END,
Peach,PC,,1541,VO_PC_WLE,WLE,
Peach,PC,,1542,VO_PC_WLE2,WLE2,
Peach,PC,,1543,VO_PC_WLE_END,WLE_END,
Peach,PC,,1544,VO_PC_WLE_FAIL,WLE_FAIL,
Peach,PC,,1545,VO_PC_WLE_FAIL2,WLE_FAIL2,
Peach,PC,,1546,VO_PC_WLE_FAIL_END,WLE_FAIL_END,
Peach,PC,,1547,VO_PC_OVTAK,OVTAK,
Peach,PC,,1548,VO_PC_OVTAK2,OVTAK2,
Peach,PC,,1549,VO_PC_OVTAK_END,OVTAK_END,
Peach,PC,,1550,VO_PC_DMG_L,DMG_L,
Peach,PC,,1551,VO_PC_DMG_L2,DMG_L2,
Peach,PC,,1552,VO_PC_DMG_L_END,DMG_L_END,
Peach,PC,,1553,VO_PC_DMG_M,DMG_M,
Peach,PC,,1554,VO_PC_DMG_M2,DMG_M2,
Peach,PC,,1555,VO_PC_DMG_M_END,DMG_M_END,
Peach,PC,,1556,VO_PC_DMG_S,DMG_S,
Peach,PC,,1557,VO_PC_DMG_S2,DMG_S2,
Peach,PC,,1558,VO_PC_DMG_S_END,DMG_S_END,
Peach,PC,,1559,VO_PC_DMG_SPN,DMG_SPN,
Peach,PC,,1560,VO_PC_DMG_SPN2,DMG_SPN2,
Peach,PC,,1561,VO_PC_DMG_SPN_END,DMG_SPN_END,
Peach,PC,,1562,VO_PC_DMG_FRE,DMG_FRE,
Peach,PC,,1563,VO_PC_DMG_FRE2,DMG_FRE2,
Peach,PC,,1564,VO_PC_DMG_FRE_END,DMG_FRE_END,
Peach,PC,,1565,VO_PC_FAL,FAL,
Peach,PC,,1566,VO_PC_FAL2,FAL2,
Peach,PC,,1567,VO_PC_FAL_END,FAL_END,
Peach,PC,,1568,VO_PC_FAL_W,FAL_W,
Peach,PC,,1569,VO_PC_FAL_W2,FAL_W2,
Peach,PC,,1570,VO_PC_FAL_W_END,FAL_W_END,
Peach,PC,,1571,VO_PC_RET,RET,
Peach,PC,,1572,VO_PC_RET2,RET2,
Peach,PC,,1573,VO_PC_RET_END,RET_END,
Peach,PC,,1574,VO_PC_RET_W,RET_W,
Peach,PC,,1575,VO_PC_RET_W2,RET_W2,
Peach,PC,,1576,VO_PC_RET_W_END,RET_W_END,
Peach,PC,,1577,VO_PC_ITM_PUT,ITM_PUT,
Peach,PC,,1578,VO_PC_ITM_PUT2,ITM_PUT2,
Peach,PC,,1579,VO_PC_ITM_PUT_END,ITM_PUT_END,
Peach,PC,,1580,VO_PC_ITM_TRW,ITM_TRW,
Peach,PC,,1581,VO_PC_ITM_TRW2,ITM_TRW2,
Peach,PC,,1582,VO_PC_ITM_TRW_END,ITM_TRW_END,
Peach,PC,,1583,VO_PC_ITM_SCES,ITM_SCES,
Peach,PC,,1584,VO_PC_ITM_SCES2,ITM_SCES2,
Peach,PC,,1585,VO_PC_ITM_SCES_END,ITM_SCES_END,
Peach,PC,,1586,VO_PC_ITM_PWUP,ITM_PWUP,
Peach,PC,,1587,VO_PC_ITM_PWUP2,ITM_PWUP2,
Peach,PC,,1588,VO_PC_ITM_PWUP_END,ITM_PWUP_END,
Peach,PC,,1589,VO_PC_CAN,CAN,
Peach,PC,,1590,VO_PC_CAN2,CAN2,
Peach,PC,,1591,VO_PC_CAN_END,CAN_END,
Peach,PC,,1592,VO_PC_NPC_ATK,NPC_ATK,yes
Peach,PC,,1593,VO_PC_NPC_ATK2,NPC_ATK2,yes
Peach,PC,,1594,VO_PC_NPC_ATK_3,NPC_ATK_3,yes
Peach,PC,,1595,VO_PC_NPC_ATK_4,NPC_ATK_4,yes
Peach,PC,,1596,VO_PC_NPC_ATK_END,NPC_ATK_END,yes
Peach,PC,,1597,VO_PC_NPC_DSH,NPC_DSH,yes
Peach,PC,,1598,VO_PC_NPC_DSH2,NPC_DSH2,yes
Peach,PC,,1599,VO_PC_NPC_DSH3,NPC_DSH3,yes
Peach,PC,,1600,VO_PC_NPC_DSH4,NPC_DSH4,yes
Peach,PC,,1601,VO_PC_NPC_DSH5,NPC_DSH5,yes
Peach,PC,,1602,VO_PC_NPC_DSH_END,NPC_DSH_END,yes
Peach,PC,,1603,VO_PC_NPC_JP_M,NPC_JP_M,yes
Peach,PC,,1604,VO_PC_NPC_JP_M2,NPC_JP_M2,yes
Peach,PC,,1605,VO_PC_NPC_JP_M_END,NPC_JP_M_END,yes
Peach,PC,,1606,VO_PC_NPC_WLE_FAIL,NPC_WLE_FAIL,yes
Peach,PC,,1607,VO_PC_NPC_WLE_FAIL2,NPC_WLE_FAIL2,yes
Peach,PC,,1608,VO_PC_NPC_WLE_FAIL_END,NPC_WLE_FAIL_END,yes
Peach,PC,,1609,VO_PC_NPC_OVTAK,NPC_OVTAK,yes
Peach,PC,,1610,VO_PC_NPC_OVTAK2,NPC_OVTAK2,yes
Peach,PC,,1611,VO_PC_NPC_OVTAK_END,NPC_OVTAK_END,yes
Peach,PC,,1612,VO_PC_NPC_DMG_L,NPC_DMG_L,yes
Peach,PC,,1613,VO_PC_NPC_DMG_L2,NPC_DMG_L2,yes
Peach,PC,,1614,VO_PC_NPC_DMG_L_END,NPC_DMG_L_END,yes
Peach,PC,,1615,VO_PC_NPC_DMG_S,NPC_DMG_S,yes
Peach,PC,,1616,VO_PC_NPC_DMG_S2,NPC_DMG_S2,yes
Peach,PC,,1617,VO_PC_NPC_DMG_S_END,NPC_DMG_S_END,yes
Peach,PC,,1618,VO_PC_NPC_DMG_SPN,NPC_DMG_SPN,yes
Peach,PC,,1619,VO_PC_NPC_DMG_SPN2,NPC_DMG_SPN2,yes
Peach,PC,,1620,VO_PC_NPC_DMG_SPN_END,NPC_DMG_SPN_END,yes
Peach,PC,,1621,VO_PC_NPC_FAL,NPC_FAL,yes
Peach,PC,,1622,VO_PC_NPC_FAL_W,NPC_FAL_W,yes
Peach,PC,,1623,VO_PC_NPC_RET,NPC_RET,yes
Peach,PC,,1624,VO_PC_NPC_ITM_SCES,NPC_ITM_SCES,yes
Peach,PC,,1625,VO_PC_NPC_ITM_PWUP,NPC_ITM_PWUP,yes
Peach,PC,,1626,VO_PC_NPC_CAN,NPC_CAN,yes
Peach,PC,,1627,VO_PC_GOL_TOP,GOL_TOP,
Peach,PC,,1628,VO_PC_GOL_TOP2,GOL_TOP2,
Peach,PC,,1629,VO_PC_GOL_TOP_END,GOL_TOP_END,
Peach,PC,,1630,VO_PC_GOL_GOD,GOL_GOD,
Peach,PC,,1631,VO_PC_GOL_GOD2,GOL_GOD2,
Peach,PC,,1632,VO_PC_GOL_GOD_END,GOL_GOD_END,
Peach,PC,,1633,VO_PC_GOL_BAD,GOL_BAD,
Peach,PC,,1634,VO_PC_GOL_BAD2,GOL_BAD2,
Peach,PC,,1635,VO_PC_GOL_BAD_END,GOL_BAD_END,
Peach,PC,,1636,VO_PC_GOL_TA_TOP2,GOL_TA_TOP2,
Peach,PC,,1637,VO_PC_GOL_TA_TOP_END,GOL_TA_TOP_END,
Peach,PC,,1638,VO_PC_STRM,STRM,
Peach,PC,,1639,VO_PC_STRM2,STRM2,
Peach,PC,,1640,VO_PC_STRM_END,STRM_END,
Peach,PC,,1641,VO_PC_NPC_STRM,NPC_STRM,yes
Daisy,DS,,935,VO_DS_SELECT_CHAR_01,SELECT_CHAR_01,
Daisy,DS,,936,VO_DS_SELECT_CHAR_02,SELECT_CHAR_02,
Daisy,DS,,937,VO_DS_SELECT_CHAR_END,SELECT_CHAR_END,
Daisy,DS,,1079,VO_DS_SELECT_KART_01,SELECT_KART_01,
Daisy,DS,,1080,VO_DS_SELECT_KART_02,SELECT_KART_02,
Daisy,DS,,1081,VO_DS_SELECT_KART_END,SELECT_KART_END,
Daisy,DS,,1106,VO_DS_SELECT_TEAM_BLUE_01,SELECT_TEAM_BLUE_01,
Daisy,DS,,1107,VO_DS_SELECT_TEAM_RED_01,SELECT_TEAM_RED_01,
Daisy,DS,,1642,VO_DS_ATK,ATK,
Daisy,DS,,1643,VO_DS_ATK2,ATK2,
Daisy,DS,,1644,VO_DS_ATK_END,ATK_END,
Daisy,DS,,1645,VO_DS_DSH,DSH,
Daisy,DS,,1646,VO_DS_DSH2,DSH2,
Daisy,DS,,1647,VO_DS_DSH3,DSH3,
Daisy,DS,,1648,VO_DS_DSH4,DSH4,
Daisy,DS,,1649,VO_DS_DSH5,DSH5,
Daisy,DS,,1650,VO_DS_DSH_END,DSH_END,
Daisy,DS,,1651,VO_DS_JP_ACT,JP_ACT,
Daisy,DS,,1652,VO_DS_JP_ACT2,JP_ACT2,
Daisy,DS,,1653,VO_DS_JP_ACT_END,JP_ACT_END,
Daisy,DS,,1654,VO_DS_JP_L,JP_L,
Daisy,DS,,1655,VO_DS_JP_L2,JP_L2,
Daisy,DS,,1656,VO_DS_JP_L_END,JP_L_END,
Daisy,DS,,1657,VO_DS_JP_M,JP_M,
Daisy,DS,,1658,VO_DS_JP_M2,JP_M2,
Daisy,DS,,1659,VO_DS_JP_M_END,JP_M_END,
Daisy,DS,,1660,VO_DS_JP_S,JP_S,
Daisy,DS,,1661,VO_DS_JP_S2,JP_S2,
Daisy,DS,,1662,VO_DS_JP_S_END,JP_S_END,
Daisy,DS,,1663,VO_DS_LND_L,LND_L,
Daisy,DS,,1664,VO_DS_LND_L2,LND_L2,
Daisy,DS,,1665,VO_DS_LND_L_END,LND_L_END,
Daisy,DS,,1666,VO_DS_LND_S,LND_S,
Daisy,DS,,1667,VO_DS_LND_S2,LND_S2,
Daisy,DS,,1668,VO_DS_LND_S_END,LND_S_END,
Daisy,DS,,1669,VO_DS_STR_FAIL,STR_FAIL,
Daisy,DS,,1670,VO_DS_STR_FAIL2,STR_FAIL2,
Daisy,DS,,1671,VO_DS_STR_FAIL_END,STR_FAIL_END,
Daisy,DS,,1672,VO_DS_WLE,WLE,
Daisy,DS,,1673,VO_DS_WLE2,WLE2,
Daisy,DS,,1674,VO_DS_WLE_END,WLE_END,
Daisy,DS,,1675,VO_DS_WLE_FAIL,WLE_FAIL,
Daisy,DS,,1676,VO_DS_WLE_FAIL2,WLE_FAIL2,
Daisy,DS,,1677,VO_DS_WLE_FAIL_END,WLE_FAIL_END,
Daisy,DS,,1678,VO_DS_OVTAK,OVTAK,
Daisy,DS,,1679,VO_DS_OVTAK2,OVTAK2,
Daisy,DS,,1680,VO_DS_OVTAK_END,OVTAK_END,
Daisy,DS,,1681,VO_DS_DMG_L,DMG_L,
Daisy,DS,,1682,VO_DS_DMG_L2,DMG_L2,
Daisy,DS,,1683,VO_DS_DMG_L_END,DMG_L_END,
Daisy,DS,,1684,VO_DS_DMG_M,DMG_M,
Daisy,DS,,1685,VO_DS_DMG_M2,DMG_M2,
Daisy,DS,,1686,VO_DS_DMG_M_END,DMG_M_END,
Daisy,DS,,1687,VO_DS_DMG_S,DMG_S,
Daisy,DS,,1688,VO_DS_DMG_S2,DMG_S2,
Daisy,DS,,1689,VO_DS_DMG_S_END,DMG_S_END,
Daisy,DS,,1690,VO_DS_DMG_SPN,DMG_SPN,
Daisy,DS,,1691,VO_DS_DMG_SPN2,DMG_SPN2,
Daisy,DS,,1692,VO_DS_DMG_SPN_END,DMG_SPN_END,
Daisy,DS,,1693,VO_DS_DMG_FRE,DMG_FRE,
Daisy,DS,,1694,VO_DS_DMG_FRE2,DMG_FRE2,
Daisy,DS,,1695,VO_DS_DMG_FRE_END,DMG_FRE_END,
Daisy,DS,,1696,VO_DS_FAL,FAL,
Daisy,DS,,1697,VO_DS_FAL2,FAL2,
Daisy,DS,,1698,VO_DS_FAL_END,FAL_END,
Daisy,DS,,1699,VO_DS_FAL_W,FAL_W,
Daisy,DS,,1700,VO_DS_FAL_W2,FAL_W2,
Daisy,DS,,1701,VO_DS_FAL_W_END,FAL_W_END,
Daisy,DS,,1702,VO_DS_RET,RET,
Daisy,DS,,1703,VO_DS_RET2,RET2,
Daisy,DS,,1704,VO_DS_RET_END,RET_END,
Daisy,DS,,1705,VO_DS_RET_W,RET_W,
Daisy,DS,,1706,VO_DS_RET_W2,RET_W2,
Daisy,DS,,1707,VO_DS_RET_W_END,RET_W_END,
Daisy,DS,,1708,VO_DS_ITM_PUT,ITM_PUT,
Daisy,DS,,1709,VO_DS_ITM_PUT2,ITM_PUT2,
Daisy,DS,,1710,VO_DS_ITM_PUT_END,ITM_PUT_END,
Daisy,DS,,1711,VO_DS_ITM_TRW,ITM_TRW,
Daisy,DS,,1712,VO_DS_ITM_TRW2,ITM_TRW2,
Daisy,DS,,1713,VO_DS_ITM_TRW_END,ITM_TRW_END,
Daisy,DS,,1714,VO_DS_ITM_SCES,ITM_SCES,
Daisy,DS,,1715,VO_DS_ITM_SCES2,ITM_SCES2,
Daisy,DS,,1716,VO_DS_ITM_SCES_END,ITM_SCES_END,
Daisy,DS,,1717,VO_DS_ITM_PWUP,ITM_PWUP,
Daisy,DS,,1718,VO_DS_ITM_PWUP2,ITM_PWUP2,
Daisy,DS,,1719,VO_DS_ITM_PWUP_END,ITM_PWUP_END,
Daisy,DS,,1720,VO_DS_CAN,CAN,
Daisy,DS,,1721,VO_DS_CAN2,CAN2,
Daisy,DS,,1722,VO_DS_CAN_END,CAN_END,
Daisy,DS,,1723,VO_DS_NPC_ATK,NPC_ATK,yes
Daisy,DS,,1724,VO_DS_NPC_ATK2,NPC_ATK2,yes
Daisy,DS,,1725,VO_DS_NPC_ATK_3,NPC_ATK_3,yes
Daisy,DS,,1726,VO_DS_NPC_ATK_4,NPC_ATK_4,yes
Daisy,DS,,1727,VO_DS_NPC_ATK_END,NPC_ATK_END,yes
Daisy,DS,,1728,VO_DS_NPC_DSH,NPC_DSH,yes
Daisy,DS,,1729,VO_DS_NPC_DSH2,NPC_DSH2,yes
Daisy,DS,,1730,VO_DS_NPC_DSH3,NPC_DSH3,yes
Daisy,DS,,1731,VO_DS_NPC_DSH4,NPC_DSH4,yes
Daisy,DS,,1732,VO_DS_NPC_DSH5,NPC_DSH5,yes
Daisy,DS,,1733,VO_DS_NPC_DSH_END,NPC_DSH_END,yes
Daisy,DS,,1734,VO_DS_NPC_JP_M,NPC_JP_M,yes
Daisy,DS,,1735,VO_DS_NPC_JP_M2,NPC_JP_M2,yes
Daisy,DS,,1736,VO_DS_NPC_JP_M_END,NPC_JP_M_END,yes
Daisy,DS,,1737,VO_DS_NPC_WLE_FAIL,NPC_WLE_FAIL,yes
Daisy,DS,,1738,VO_DS_NPC_WLE_FAIL2,NPC_WLE_FAIL2,yes
Daisy,DS,,1739,VO_DS_NPC_WLE_FAIL_END,NPC_WLE_FAIL_END,yes
Daisy,DS,,1740,VO_DS_NPC_OVTAK,NPC_OVTAK,yes
Daisy,DS,,1741,VO_DS_NPC_OVTAK2,NPC_OVTAK2,yes
Daisy,DS,,1742,VO_DS_NPC_OVTAK_END,NPC_OVTAK_END,yes
Daisy,DS,,1743,VO_DS_NPC_DMG_L,NPC_DMG_L,yes
Daisy,DS,,1744,VO_DS_NPC_DMG_L2,NPC_DMG_L2,yes
Daisy,DS,,1745,VO_DS_NPC_DMG_L_END,NPC_DMG_L_END,yes
Daisy,DS,,1746,VO_DS_NPC_DMG_S,NPC_DMG_S,yes
Daisy,DS,,1747,VO_DS_NPC_DMG_S2,NPC_DMG_S2,yes
Daisy,DS,,1748,VO_DS_NPC_DMG_S_END,NPC_DMG_S_END,yes
Daisy,DS,,1749,VO_DS_NPC_DMG_SPN,NPC_DMG_SPN,yes
Daisy,DS,,1750,VO_DS_NPC_DMG_SPN2,NPC_DMG_SPN2,yes
Daisy,DS,,1751,VO_DS_NPC_DMG_SPN_END,NPC_DMG_SPN_END,yes
Daisy,DS,,1752,VO_DS_NPC_FAL,NPC_FAL,yes
Daisy,DS,,1753,VO_DS_NPC_FAL_W,NPC_FAL_W,yes
Daisy,DS,,1754,VO_DS_NPC_RET,NPC_RET,yes
Daisy,DS,,1755,VO_DS_NPC_ITM_SCES,NPC_ITM_SCES,yes
Daisy,DS,,1756,VO_DS_NPC_ITM_PWUP,NPC_ITM_PWUP,yes
Daisy,DS,,1757,VO_DS_NPC_CAN,NPC_CAN,yes
Daisy,DS,,1758,VO_DS_GOL_TOP,GOL_TOP,
Daisy,DS,,1759,VO_DS_GOL_TOP2,GOL_TOP2,
Daisy,DS,,1760,VO_DS_GOL_TOP_END,GOL_TOP_END,
Daisy,DS,,1761,VO_DS_GOL_GOD,GOL_GOD,
Daisy,DS,,1762,VO_DS_GOL_GOD2,GOL_GOD2,
Daisy,DS,,1763,VO_DS_GOL_GOD_END,GOL_GOD_END,
Daisy,DS,,1764,VO_DS_GOL_BAD,GOL_BAD,
Daisy,DS,,1765,VO_DS_GOL_BAD2,GOL_BAD2,
Daisy,DS,,1766,VO_DS_GOL_BAD_END,GOL_BAD_END,
Daisy,DS,,1767,VO_DS_STRM,STRM,
Daisy,DS,,1768,VO_DS_STRM2,STRM2,
Daisy,DS,,1769,VO_DS_STRM_END,STRM_END,
Daisy,DS,,1770,VO_DS_NPC_STRM,NPC_STRM,yes
Birdo,CA,,938,VO_CA_SELECT_CHAR_01,SELECT_CHAR_01,
Birdo,CA,,939,VO_CA_SELECT_CHAR_02,SELECT_CHAR_02,
Birdo,CA,,940,VO_CA_SELECT_CHAR_END,SELECT_CHAR_END,
Birdo,CA,,1771,VO_CA_DSH,DSH,
Birdo,CA,,1772,VO_CA_DSH2,DSH2,
Birdo,CA,,1773,VO_CA_DSH3,DSH3,
Birdo,CA,,1774,VO_CA_DSH4,DSH4,
Birdo,CA,,1775,VO_CA_DSH5,DSH5,
Birdo,CA,,1776,VO_CA_DSH_END,DSH_END,
Birdo,CA,,1777,VO_CA_JP_ACT,JP_ACT,
Birdo,CA,,1778,VO_CA_JP_ACT2,JP_ACT2,
Birdo,CA,,1779,VO_CA_JP_ACT_END,JP_ACT_END,
Birdo,CA,,1780,VO_CA_JP_M,JP_M,
Birdo,CA,,1781,VO_CA_JP_M2,JP_M2,
Birdo,CA,,1782,VO_CA_JP_M_END,JP_M_END,
Birdo,CA,,1783,VO_CA_JP_S,JP_S,
Birdo,CA,,1784,VO_CA_JP_S2,JP_S2,
Birdo,CA,,1785,VO_CA_JP_S_END,JP_S_END,
Birdo,CA,,1786,VO_CA_LND_L,LND_L,
Birdo,CA,,1787,VO_CA_LND_L2,LND_L2,
Birdo,CA,,1788,VO_CA_LND_L_END,LND_L_END,
Birdo,CA,,1789,VO_CA_LND_S,LND_S,
Birdo,CA,,1790,VO_CA_LND_S2,LND_S2,
Birdo,CA,,1791,VO_CA_LND_S_END,LND_S_END,
Birdo,CA,,1792,VO_CA_WLE_FAIL,WLE_FAIL,
Birdo,CA,,1793,VO_CA_WLE_FAIL2,WLE_FAIL2,
Birdo,CA,,1794,VO_CA_WLE_FAIL_END,WLE_FAIL_END,
Birdo,CA,,1795,VO_CA_OVTAK,OVTAK,
Birdo,CA,,1796,VO_CA_OVTAK2,OVTAK2,
Birdo,CA,,1797,VO_CA_OVTAK_END,OVTAK_END,
Birdo,CA,,1798,VO_CA_DMG_L,DMG_L,
Birdo,CA,,1799,VO_CA_DMG_L2,DMG_L2,
Birdo,CA,,1800,VO_CA_DMG_L_END,DMG_L_END,
Birdo,CA,,1801,VO_CA_DMG_S,DMG_S,
Birdo,CA,,1802,VO_CA_DMG_S2,DMG_S2,
Birdo,CA,,1803,VO_CA_DMG_S_END,DMG_S_END,
Birdo,CA,,1804,VO_CA_DMG_SPN,DMG_SPN,
Birdo,CA,,1805,VO_CA_DMG_SPN2,DMG_SPN2,
Birdo,CA,,1806,VO_CA_DMG_SPN_END,DMG_SPN_END,
Birdo,CA,,1807,VO_CA_FAL,FAL,
Birdo,CA,,1808,VO_CA_FAL2,FAL2,
Birdo,CA,,1809,VO_CA_FAL_END,FAL_END,
Birdo,CA,,1810,VO_CA_FAL_W,FAL_W,
Birdo,CA,,1811,VO_CA_FAL_W2,FAL_W2,
Birdo,CA,,1812,VO_CA_FAL_W_END,FAL_W_END,
Birdo,CA,,1813,VO_CA_ITM_PUT,ITM_PUT,
Birdo,CA,,1814,VO_CA_ITM_PUT2,ITM_PUT2,
Birdo,CA,,1815,VO_CA_ITM_PUT_END,ITM_PUT_END,
Birdo,CA,,1816,VO_CA_ITM_TRW,ITM_TRW,
Birdo,CA,,1817,VO_CA_ITM_TRW2,ITM_TRW2,
Birdo,CA,,1818,VO_CA_ITM_TRW_END,ITM_TRW_END,
Birdo,CA,,1819,VO_CA_ITM_SCES,ITM_SCES,
Birdo,CA,,1820,VO_CA_ITM_SCES2,ITM_SCES2,
Birdo,CA,,1821,VO_CA_ITM_SCES_END,ITM_SCES_END,
Birdo,CA,,1822,VO_CA_ITM_PWUP,ITM_PWUP,
Birdo,CA,,1823,VO_CA_ITM_PWUP2,ITM_PWUP2,
Birdo,CA,,1824,VO_CA_ITM_PWUP_END,ITM_PWUP_END,
Birdo,CA,,1825,VO_CA_CAN,CAN,
Birdo,CA,,1826,VO_CA_CAN2,CAN2,
Birdo,CA,,1827,VO_CA_CAN_END,CAN_END,
Birdo,CA,,1828,VO_CA_NPC_ATK,NPC_ATK,yes
Birdo,CA,,1829,VO_CA_NPC_ATK2,NPC_ATK2,yes
Birdo,CA,,1830,VO_CA_NPC_ATK_3,NPC_ATK_3,yes
Birdo,CA,,1831,VO_CA_NPC_ATK_4,NPC_ATK_4,yes
Birdo,CA,,1832,VO_CA_NPC_ATK_END,NPC_ATK_END,yes
Birdo,CA,,1833,VO_CA_NPC_DSH,NPC_DSH,yes
Birdo,CA,,1834,VO_CA_NPC_DSH2,NPC_DSH2,yes
Birdo,CA,,1835,VO_CA_NPC_DSH3,NPC_DSH3,yes
Birdo,CA,,1836,VO_CA_NPC_DSH4,NPC_DSH4,yes
Birdo,CA,,1837,VO_CA_NPC_DSH5,NPC_DSH5,yes
Birdo,CA,,1838,VO_CA_NPC_DSH_END,NPC_DSH_END,yes
Birdo,CA,,1839,VO_CA_NPC_JP_M,NPC_JP_M,yes
Birdo,CA,,1840,VO_CA_NPC_JP_M2,NPC_JP_M2,yes
Birdo,CA,,1841,VO_CA_NPC_JP_M_END,NPC_JP_M_END,yes
Birdo,CA,,1842,VO_CA_NPC_WLE_FAIL,NPC_WLE_FAIL,yes
Birdo,CA,,1843,VO_CA_NPC_WLE_FAIL2,NPC_WLE_FAIL2,yes
Birdo,CA,,1844,VO_CA_NPC_WLE_FAIL_END,NPC_WLE_FAIL_END,yes
Birdo,CA,,1845,VO_CA_NPC_OVTAK,NPC_OVTAK,yes
Birdo,CA,,1846,VO_CA_NPC_OVTAK2,NPC_OVTAK2,yes
Birdo,CA,,1847,VO_CA_NPC_OVTAK_END,NPC_OVTAK_END,yes
Birdo,CA,,1848,VO_CA_NPC_DMG_L,NPC_DMG_L,yes
Birdo,CA,,1849,VO_CA_NPC_DMG_L2,NPC_DMG_L2,yes
Birdo,CA,,1850,VO_CA_NPC_DMG_L_END,NPC_DMG_L_END,yes
Birdo,CA,,1851,VO_CA_NPC_DMG_S,NPC_DMG_S,yes
Birdo,CA,,1852,VO_CA_NPC_DMG_S2,NPC_DMG_S2,yes
Birdo,CA,,1853,VO_CA_NPC_DMG_S_END,NPC_DMG_S_END,yes
Birdo,CA,,1854,VO_CA_NPC_DMG_SPN,NPC_DMG_SPN,yes
Birdo,CA,,1855,VO_CA_NPC_DMG_SPN2,NPC_DMG_SPN2,yes
Birdo,CA,,1856,VO_CA_NPC_DMG_SPN_END,NPC_DMG_SPN_END,yes
Birdo,CA,,1857,VO_CA_NPC_FAL,NPC_FAL,yes
Birdo,CA,,1858,VO_CA_NPC_FAL_W,NPC_FAL_W,yes
Birdo,CA,,1859,VO_CA_NPC_RET,NPC_RET,yes
Birdo,CA,,1860,VO_CA_NPC_ITM_SCES,NPC_ITM_SCES,yes
Birdo,CA,,1861,VO_CA_NPC_ITM_PWUP,NPC_ITM_PWUP,yes
Birdo,CA,,1862,VO_CA_NPC_CAN,NPC_CAN,yes
Birdo,CA,,1863,VO_CA_GOL_TOP,GOL_TOP,
Birdo,CA,,1864,VO_CA_GOL_TOP2,GOL_TOP2,
Birdo,CA,,1865,VO_CA_GOL_TOP_END,GOL_TOP_END,
Birdo,CA,,1866,VO_CA_GOL_GOD,GOL_GOD,
Birdo,CA,,1867,VO_CA_GOL_GOD2,GOL_GOD2,
Birdo,CA,,1868,VO_CA_GOL_GOD_END,GOL_GOD_END,
Birdo,CA,,1869,VO_CA_GOL_BAD,GOL_BAD,
Birdo,CA,,1870,VO_CA_GOL_BAD2,GOL_BAD2,
Birdo,CA,,1871,VO_CA_GOL_BAD_END,GOL_BAD_END,
Birdo,CA,,1872,VO_CA_STRM,STRM,
Birdo,CA,,1873,VO_CA_STRM2,STRM2,
Birdo,CA,,1874,VO_CA_STRM_END,STRM_END,
Birdo,CA,,1875,VO_CA_NPC_STRM,NPC_STRM,yes
Bowser Jr.,JR,,941,VO_JR_SELECT_CHAR_01,SELECT_CHAR_01,
Bowser Jr.,JR,,942,VO_JR_SELECT_CHAR_02,SELECT_CHAR_02,
Bowser Jr.,JR,,943,VO_JR_SELECT_CHAR_END,SELECT_CHAR_END,
Bowser Jr.,JR,,1108,VO_JR_SELECT_TEAM_BLUE_01,SELECT_TEAM_BLUE_01,
Bowser Jr.,JR,,1109,VO_JR_SELECT_TEAM_RED_01,SELECT_TEAM_RED_01,
Bowser Jr.,JR,,1876,VO_JR_ATK,ATK,
Bowser Jr.,JR,,1877,VO_JR_ATK2,ATK2,
Bowser Jr.,JR,,1878,VO_JR_ATK_END,ATK_END,
Bowser Jr.,JR,,1879,VO_JR_DSH,DSH,
Bowser Jr.,JR,,1880,VO_JR_DSH2,DSH2,
Bowser Jr.,JR,,1881,VO_JR_DSH3,DSH3,
Bowser Jr.,JR,,1882,VO_JR_DSH4,DSH4,
Bowser Jr.,JR,,1883,VO_JR_DSH5,DSH5,
Bowser Jr.,JR,,1884,VO_JR_DSH_END,DSH_END,
Bowser Jr.,JR,,1885,VO_JR_JP_ACT,JP_ACT,
Bowser Jr.,JR,,1886,VO_JR_JP_ACT2,JP_ACT2,
Bowser Jr.,JR,,1887,VO_JR_JP_ACT_END,JP_ACT_END,
Bowser Jr.,JR,,1888,VO_JR_JP_L,JP_L,
Bowser Jr.,JR,,1889,VO_JR_JP_L2,JP_L2,
Bowser Jr.,JR,,1890,VO_JR_JP_L_END,JP_L_END,
Bowser Jr.,JR,,1891,VO_JR_JP_M,JP_M,
Bowser Jr.,JR,,1892,VO_JR_JP_M2,JP_M2,
Bowser Jr.,JR,,1893,VO_JR_JP_M_END,JP_M_END,
Bowser Jr.,JR,,1894,VO_JR_JP_S,JP_S,
Bowser Jr.,JR,,1895,VO_JR_JP_S2,JP_S2,
Bowser Jr.,JR,,1896,VO_JR_JP_S_END,JP_S_END,
Bowser Jr.,JR,,1897,VO_JR_LND_L,LND_L,
Bowser Jr.,JR,,1898,VO_JR_LND_L2,LND_L2,
Bowser Jr.,JR,,1899,VO_JR_LND_L_END,LND_L_END,
Bowser Jr.,JR,,1900,VO_JR_LND_S,LND_S,
Bowser Jr.,JR,,1901,VO_JR_LND_S2,LND_S2,
Bowser Jr.,JR,,1902,VO_JR_LND_S_END,LND_S_END,
Bowser Jr.,JR,,1903,VO_JR_STR_FAIL,STR_FAIL,
Bowser Jr.,JR,,1904,VO_JR_STR_FAIL2,STR_FAIL2,
Bowser Jr.,JR,,1905,VO_JR_STR_FAIL_END,STR_FAIL_END,
Bowser Jr.,JR,,1906,VO_JR_WLE,WLE,
Bowser Jr.,JR,,1907,VO_JR_WLE2,WLE2,
Bowser Jr.,JR,,1908,VO_JR_WLE_END,WLE_END,
Bowser Jr.,JR,,1909,VO_JR_WLE_FAIL,WLE_FAIL,
Bowser Jr.,JR,,1910,VO_JR_WLE_FAIL2,WLE_FAIL2,
Bowser Jr.,JR,,1911,VO_JR_WLE_FAIL_END,WLE_FAIL_END,
Bowser Jr.,JR,,1912,VO_JR_OVTAK,OVTAK,
Bowser Jr.,JR,,1913,VO_JR_OVTAK2,OVTAK2,
Bowser Jr.,JR,,1914,VO_JR_OVTAK_END,OVTAK_END,
Bowser Jr.,JR,,1915,VO_JR_DMG_L,DMG_L,
Bowser Jr.,JR,,1916,VO_JR_DMG_L2,DMG_L2,
Bowser Jr.,JR,,1917,VO_JR_DMG_L_END,DMG_L_END,
Bowser Jr.,JR,,1918,VO_JR_DMG_M,DMG_M,
Bowser Jr.,JR,,1919,VO_JR_DMG_M2,DMG_M2,
Bowser Jr.,JR,,1920,VO_JR_DMG_M_END,DMG_M_END,
Bowser Jr.,JR,,1921,VO_JR_DMG_S,DMG_S,
Bowser Jr.,JR,,1922,VO_JR_DMG_S2,DMG_S2,
Bowser Jr.,JR,,1923,VO_JR_DMG_S_END,DMG_S_END,
Bowser Jr.,JR,,1924,VO_JR_DMG_SPN,DMG_SPN,
Bowser Jr.,JR,,1925,VO_JR_DMG_SPN2,DMG_SPN2,
Bowser Jr.,JR,,1926,VO_JR_DMG_SPN_END,DMG_SPN_END,
Bowser Jr.,JR,,1927,VO_JR_DMG_FRE,DMG_FRE,
Bowser Jr.,JR,,1928,VO_JR_DMG_FRE2,DMG_FRE2,
Bowser Jr.,JR,,1929,VO_JR_DMG_FRE_END,DMG_FRE_END,
Bowser Jr.,JR,,1930,VO_JR_FAL,FAL,
Bowser Jr.,JR,,1931,VO_JR_FAL2,FAL2,
Bowser Jr.,JR,,1932,VO_JR_FAL_END,FAL_END,
Bowser Jr.,JR,,1933,VO_JR_FAL_W,FAL_W,
Bowser Jr.,JR,,1934,VO_JR_FAL_W2,FAL_W2,
Bowser Jr.,JR,,1935,VO_JR_FAL_W_END,FAL_W_END,
Bowser Jr.,JR,,1936,VO_JR_RET,RET,
Bowser Jr.,JR,,1937,VO_JR_RET2,RET2,
Bowser Jr.,JR,,1938,VO_JR_RET_END,RET_END,
Bowser Jr.,JR,,1939,VO_JR_RET_W,RET_W,
Bowser Jr.,JR,,1940,VO_JR_RET_W2,RET_W2,
Bowser Jr.,JR,,1941,VO_JR_RET_W_END,RET_W_END,
Bowser Jr.,JR,,1942,VO_JR_ITM_PUT,ITM_PUT,
Bowser Jr.,JR,,1943,VO_JR_ITM_PUT2,ITM_PUT2,
Bowser Jr.,JR,,1944,VO_JR_ITM_PUT_END,ITM_PUT_END,
Bowser Jr.,JR,,1945,VO_JR_ITM_TRW,ITM_TRW,
Bowser Jr.,JR,,1946,VO_JR_ITM_TRW2,ITM_TRW2,
Bowser Jr.,JR,,1947,VO_JR_ITM_TRW_END,ITM_TRW_END,
Bowser Jr.,JR,,1948,VO_JR_ITM_SCES,ITM_SCES,
Bowser Jr.,JR,,1949,VO_JR_ITM_SCES2,ITM_SCES2,
Bowser Jr.,JR,,1950,VO_JR_ITM_SCES_END,ITM_SCES_END,
Bowser Jr.,JR,,1951,VO_JR_ITM_PWUP,ITM_PWUP,
Bowser Jr.,JR,,1952,VO_JR_ITM_PWUP2,ITM_PWUP2,
Bowser Jr.,JR,,1953,VO_JR_ITM_PWUP_END,ITM_PWUP_END,
Bowser Jr.,JR,,1954,VO_JR_CAN,CAN,
Bowser Jr.,JR,,1955,VO_JR_CAN2,CAN2,
Bowser Jr.,JR,,1956,VO_JR_CAN_END,CAN_END,
Bowser Jr.,JR,,1957,VO_JR_NPC_ATK,NPC_ATK,yes
Bowser Jr.,JR,,1958,VO_JR_NPC_ATK2,NPC_ATK2,yes
Bowser Jr.,JR,,1959,VO_JR_NPC_ATK_3,NPC_ATK_3,yes
Bowser Jr.,JR,,1960,VO_JR_NPC_ATK_4,NPC_ATK_4,yes
Bowser Jr.,JR,,1961,VO_JR_NPC_ATK_END,NPC_ATK_END,yes
Bowser Jr.,JR,,1962,VO_JR_NPC_DSH,NPC_DSH,yes
Bowser Jr.,JR,,1963,VO_JR_NPC_DSH2,NPC_DSH2,yes
Bowser Jr.,JR,,1964,VO_JR_NPC_DSH3,NPC_DSH3,yes
Bowser Jr.,JR,,1965,VO_JR_NPC_DSH4,NPC_DSH4,yes
Bowser Jr.,JR,,1966,VO_JR_NPC_DSH5,NPC_DSH5,yes
Bowser Jr.,JR,,1967,VO_JR_NPC_DSH_END,NPC_DSH_END,yes
Bowser Jr.,JR,,1968,VO_JR_NPC_JP_M,NPC_JP_M,yes
Bowser Jr.,JR,,1969,VO_JR_NPC_JP_M2,NPC_JP_M2,yes
Bowser Jr.,JR,,1970,VO_JR_NPC_JP_M_END,NPC_JP_M_END,yes
Bowser Jr.,JR,,1971,VO_JR_NPC_WLE_FAIL,NPC_WLE_FAIL,yes
Bowser Jr.,JR,,1972,VO_JR_NPC_WLE_FAIL2,NPC_WLE_FAIL2,yes
Bowser Jr.,JR,,1973,VO_JR_NPC_WLE_FAIL_END,NPC_WLE_FAIL_END,yes
Bowser Jr.,JR,,1974,VO_JR_NPC_OVTAK,NPC_OVTAK,yes
Bowser Jr.,JR,,1975,VO_JR_NPC_OVTAK2,NPC_OVTAK2,yes
Bowser Jr.,JR,,1976,VO_JR_NPC_OVTAK_END,NPC_OVTAK_END,yes
Bowser Jr.,JR,,1977,VO_JR_NPC_DMG_L,NPC_DMG_L,yes
Bowser Jr.,JR,,1978,VO_JR_NPC_DMG_L2,NPC_DMG_L2,yes
Bowser Jr.,JR,,1979,VO_JR_NPC_DMG_L_END,NPC_DMG_L_END,yes
Bowser Jr.,JR,,1980,VO_JR_NPC_DMG_S,NPC_DMG_S,yes
Bowser Jr.,JR,,1981,VO_JR_NPC_DMG_S2,NPC_DMG_S2,yes
Bowser Jr.,JR,,1982,VO_JR_NPC_DMG_S_END,NPC_DMG_S_END,yes
Bowser Jr.,JR,,1983,VO_JR_NPC_DMG_SPN,NPC_DMG_SPN,yes
Bowser Jr.,JR,,1984,VO_JR_NPC_DMG_SPN2,NPC_DMG_SPN2,yes
Bowser Jr.,JR,,1985,VO_JR_NPC_DMG_SPN_END,NPC_DMG_SPN_END,yes
Bowser Jr.,JR,,1986,VO_JR_NPC_FAL,NPC_FAL,yes
Bowser Jr.,JR,,1987,VO_JR_NPC_FAL_W,NPC_FAL_W,yes
Bowser Jr.,JR,,1988,VO_JR_NPC_RET,NPC_RET,yes
Bowser Jr.,JR,,1989,VO_JR_NPC_ITM_SCES,NPC_ITM_SCES,yes
Bowser Jr.,JR,,1990,VO_JR_NPC_ITM_PWUP,NPC_ITM_PWUP,yes
Bowser Jr.,JR,,1991,VO_JR_NPC_CAN,NPC_CAN,yes
Bowser Jr.,JR,,1992,VO_JR_GOL_TOP,GOL_TOP,
Bowser Jr.,JR,,1993,VO_JR_GOL_TOP2,GOL_TOP2,
Bowser Jr.,JR,,1994,VO_JR_GOL_TOP_END,GOL_TOP_END,
Bowser Jr.,JR,,1995,VO_JR_GOL_GOD,GOL_GOD,
Bowser Jr.,JR,,1996,VO_JR_GOL_GOD2,GOL_GOD2,
Bowser Jr.,JR,,1997,VO_JR_GOL_GOD_END,GOL_GOD_END,
Bowser Jr.,JR,,1998,VO_JR_GOL_BAD,GOL_BAD,
Bowser Jr.,JR,,1999,VO_JR_GOL_BAD2,GOL_BAD2,
Bowser Jr.,JR,,2000,VO_JR_GOL_BAD_END,GOL_BAD_END,
Bowser Jr.,JR,,2001,VO_JR_GOL_TA_TOP,GOL_TA_TOP,
Bowser Jr.,JR,,2002,VO_JR_GOL_TA_TOP_END,GOL_TA_TOP_END,
Bowser Jr.,JR,,2003,VO_JR_STRM,STRM,
Bowser Jr.,JR,,2004,VO_JR_STRM2,STRM2,
Bowser Jr.,JR,,2005,VO_JR_STRM_END,STRM_END,
Bowser Jr.,JR,,2006,VO_JR_NPC_STRM,NPC_STRM,yes
Diddy Kong,DD,,944,VO_DD_SELECT_CHAR_01,SELECT_CHAR_01,
Diddy Kong,DD,,945,VO_DD_SELECT_CHAR_02,SELECT_CHAR_02,
Diddy Kong,DD,,946,VO_DD_SELECT_CHAR_END,SELECT_CHAR_END,
Diddy Kong,DD,,2007,VO_DD_ATK,ATK,
Diddy Kong,DD,,2008,VO_DD_ATK2,ATK2,
Diddy Kong,DD,,2009,VO_DD_ATK_END,ATK_END,
Diddy Kong,DD,,2010,VO_DD_DSH,DSH,
Diddy Kong,DD,,2011,VO_DD_DSH2,DSH2,
Diddy Kong,DD,,2012,VO_DD_DSH3,DSH3,
Diddy Kong,DD,,2013,VO_DD_DSH4,DSH4,
Diddy Kong,DD,,2014,VO_DD_DSH5,DSH5,
Diddy Kong,DD,,2015,VO_DD_DSH_END,DSH_END,
Diddy Kong,DD,,2016,VO_DD_JP_ACT,JP_ACT,
Diddy Kong,DD,,2017,VO_DD_JP_ACT2,JP_ACT2,
Diddy Kong,DD,,2018,VO_DD_JP_ACT_END,JP_ACT_END,
Diddy Kong,DD,,2019,VO_DD_JP_L,JP_L,
Diddy Kong,DD,,2020,VO_DD_JP_L2,JP_L2,
Diddy Kong,DD,,2021,VO_DD_JP_L_END,JP_L_END,
Diddy Kong,DD,,2022,VO_DD_JP_M,JP_M,
Diddy Kong,DD,,2023,VO_DD_JP_M2,JP_M2,
Diddy Kong,DD,,2024,VO_DD_JP_M_END,JP_M_END,
Diddy Kong,DD,,2025,VO_DD_JP_S,JP_S,
Diddy Kong,DD,,2026,VO_DD_JP_S2,JP_S2,
Diddy Kong,DD,,2027,VO_DD_JP_S_END,JP_S_END,
Diddy Kong,DD,,2028,VO_DD_LND_L,LND_L,
Diddy Kong,DD,,2029,VO_DD_LND_L2,LND_L2,
Diddy Kong,DD,,2030,VO_DD_LND_L_END,LND_L_END,
Diddy Kong,DD,,2031,VO_DD_LND_S,LND_S,
Diddy Kong,DD,,2032,VO_DD_LND_S2,LND_S2,
Diddy Kong,DD,,2033,VO_DD_LND_S_END,LND_S_END,
Diddy Kong,DD,,2034,VO_DD_STR_FAIL,STR_FAIL,
Diddy Kong,DD,,2035,VO_DD_STR_FAIL2,STR_FAIL2,
Diddy Kong,DD,,2036,VO_DD_STR_FAIL_END,STR_FAIL_END,
Diddy Kong,DD,,2037,VO_DD_WLE,WLE,
Diddy Kong,DD,,2038,VO_DD_WLE2,WLE2,
Diddy Kong,DD,,2039,VO_DD_WLE_END,WLE_END,
Diddy Kong,DD,,2040,VO_DD_WLE_FAIL,WLE_FAIL,
Diddy Kong,DD,,2041,VO_DD_WLE_FAIL2,WLE_FAIL2,
Diddy Kong,DD,,2042,VO_DD_WLE_FAIL_END,WLE_FAIL_END,
Diddy Kong,DD,,2043,VO_DD_OVTAK,OVTAK,
Diddy Kong,DD,,2044,VO_DD_OVTAK2,OVTAK2,
Diddy Kong,DD,,2045,VO_DD_OVTAK_END,OVTAK_END,
Diddy Kong,DD,,2046,VO_DD_DMG_L,DMG_L,
Diddy Kong,DD,,2047,VO_DD_DMG_L2,DMG_L2,
Diddy Kong,DD,,2048,VO_DD_DMG_L_END,DMG_L_END,
Diddy Kong,DD,,2049,VO_DD_DMG_M,DMG_M,
Diddy Kong,DD,,2050,VO_DD_DMG_M2,DMG_M2,
Diddy Kong,DD,,2051,VO_DD_DMG_M_END,DMG_M_END,
Diddy Kong,DD,,2052,VO_DD_DMG_S,DMG_S,
Diddy Kong,DD,,2053,VO_DD_DMG_S2,DMG_S2,
Diddy Kong,DD,,2054,VO_DD_DMG_S_END,DMG_S_END,
Diddy Kong,DD,,2055,VO_DD_DMG_SPN,DMG_SPN,
Diddy Kong,DD,,2056,VO_DD_DMG_SPN2,DMG_SPN2,
Diddy Kong,DD,,2057,VO_DD_DMG_SPN_END,DMG_SPN_END,
Diddy Kong,DD,,2058,VO_DD_DMG_FRE,DMG_FRE,
Diddy Kong,DD,,2059,VO_DD_DMG_FRE2,DMG_FRE2,
Diddy Kong,DD,,2060,VO_DD_DMG_FRE_END,DMG_FRE_END,
Diddy Kong,DD,,2061,VO_DD_FAL,FAL,
Diddy Kong,DD,,2062,VO_DD_FAL2,FAL2,
Diddy Kong,DD,,2063,VO_DD_FAL_END,FAL_END,
Diddy Kong,DD,,2064,VO_DD_FAL_W,FAL_W,
Diddy Kong,DD,,2065,VO_DD_FAL_W2,FAL_W2,
Diddy Kong,DD,,2066,VO_DD_FAL_W_END,FAL_W_END,
Diddy Kong,DD,,2067,VO_DD_RET,RET,
Diddy Kong,DD,,2068,VO_DD_RET2,RET2,
Diddy Kong,DD,,2069,VO_DD_RET_END,RET_END,
Diddy Kong,DD,,2070,VO_DD_RET_W,RET_W,
Diddy Kong,DD,,2071,VO_DD_RET_W2,RET_W2,
Diddy Kong,DD,,2072,VO_DD_RET_W_END,RET_W_END,
Diddy Kong,DD,,2073,VO_DD_ITM_PUT,ITM_PUT,
Diddy Kong,DD,,2074,VO_DD_ITM_PUT2,ITM_PUT2,
Diddy Kong,DD,,2075,VO_DD_ITM_PUT_END,ITM_PUT_END,
Diddy Kong,DD,,2076,VO_DD_ITM_TRW,ITM_TRW,
Diddy Kong,DD,,2077,VO_DD_ITM_TRW2,ITM_TRW2,
Diddy Kong,DD,,2078,VO_DD_ITM_TRW_END,ITM_TRW_END,
Diddy Kong,DD,,2079,VO_DD_ITM_SCES,ITM_SCES,
Diddy Kong,DD,,2080,VO_DD_ITM_SCES2,ITM_SCES2,
Diddy Kong,DD,,2081,VO_DD_ITM_SCES_END,ITM_SCES_END,
Diddy Kong,DD,,2082,VO_DD_ITM_PWUP,ITM_PWUP,
Diddy Kong,DD,,2083,VO_DD_ITM_PWUP2,ITM_PWUP2,
Diddy Kong,DD,,2084,VO_DD_ITM_PWUP_END,ITM_PWUP_END,
Diddy Kong,DD,,2085,VO_DD_CAN,CAN,
Diddy Kong,DD,,2086,VO_DD_CAN2,CAN2,
Diddy Kong,DD,,2087,VO_DD_CAN_END,CAN_END,
Diddy Kong,DD,,2088,VO_DD_NPC_ATK,NPC_ATK,yes
Diddy Kong,DD,,2089,VO_DD_NPC_ATK2,NPC_ATK2,yes
Diddy Kong,DD,,2090,VO_DD_NPC_ATK_3,NPC_ATK_3,yes
Diddy Kong,DD,,2091,VO_DD_NPC_ATK_4,NPC_ATK_4,yes
Diddy Kong,DD,,2092,VO_DD_NPC_ATK_END,NPC_ATK_END,yes
Diddy Kong,DD,,2093,VO_DD_NPC_DSH,NPC_DSH,yes
Diddy Kong,DD,,2094,VO_DD_NPC_DSH2,NPC_DSH2,yes
Diddy Kong,DD,,2095,VO_DD_NPC_DSH3,NPC_DSH3,yes
Diddy Kong,DD,,2096,VO_DD_NPC_DSH4,NPC_DSH4,yes
Diddy Kong,DD,,2097,VO_DD_NPC_DSH5,NPC_DSH5,yes
Diddy Kong,DD,,2098,VO_DD_NPC_DSH_END,NPC_DSH_END,yes
Diddy Kong,DD,,2099,VO_DD_NPC_JP_M,NPC_JP_M,yes
Diddy Kong,DD,,2100,VO_DD_NPC_JP_M2,NPC_JP_M2,yes
Diddy Kong,DD,,2101,VO_DD_NPC_JP_M_END,NPC_JP_M_END,yes
Diddy Kong,DD,,2102,VO_DD_NPC_WLE_FAIL,NPC_WLE_FAIL,yes
Diddy Kong,DD,,2103,VO_DD_NPC_WLE_FAIL2,NPC_WLE_FAIL2,yes
Diddy Kong,DD,,2104,VO_DD_NPC_WLE_FAIL_END,NPC_WLE_FAIL_END,yes
Diddy Kong,DD,,2105,VO_DD_NPC_OVTAK,NPC_OVTAK,yes
Diddy Kong,DD,,2106,VO_DD_NPC_OVTAK2,NPC_OVTAK2,yes
Diddy Kong,DD,,2107,VO_DD_NPC_OVTAK_END,NPC_OVTAK_END,yes
Diddy Kong,DD,,2108,VO_DD_NPC_DMG_L,NPC_DMG_L,yes
Diddy Kong,DD,,2109,VO_DD_NPC_DMG_L2,NPC_DMG_L2,yes
Diddy Kong,DD,,2110,VO_DD_NPC_DMG_L_END,NPC_DMG_L_END,yes
Diddy Kong,DD,,2111,VO_DD_NPC_DMG_S,NPC_DMG_S,yes
Diddy Kong,DD,,2112,VO_DD_NPC_DMG_S2,NPC_DMG_S2,yes
Diddy Kong,DD,,2113,VO_DD_NPC_DMG_S_END,NPC_DMG_S_END,yes
Diddy Kong,DD,,2114,VO_DD_NPC_DMG_SPN,NPC_DMG_SPN,yes
Diddy Kong,DD,,2115,VO_DD_NPC_DMG_SPN2,NPC_DMG_SPN2,yes
Diddy Kong,DD,,2116,VO_DD_NPC_DMG_SPN_END,NPC_DMG_SPN_END,yes
Diddy Kong,DD,,2117,VO_DD_NPC_FAL,NPC_FAL,yes
Diddy Kong,DD,,2118,VO_DD_NPC_FAL_W,NPC_FAL_W,yes
Diddy Kong,DD,,2119,VO_DD_NPC_RET,NPC_RET,yes
Diddy Kong,DD,,2120,VO_DD_NPC_ITM_SCES,NPC_ITM_SCES,yes
Diddy Kong,DD,,2121,VO_DD_NPC_ITM_PWUP,NPC_ITM_PWUP,yes
Diddy Kong,DD,,2122,VO_DD_NPC_CAN,NPC_CAN,yes
Diddy Kong,DD,,2123,VO_DD_GOL_TOP,GOL_TOP,
Diddy Kong,DD,,2124,VO_DD_GOL_TOP2,GOL_TOP2,
Diddy Kong,DD,,2125,VO_DD_GOL_TOP_END,GOL_TOP_END,
Diddy Kong,DD,,2126,VO_DD_GOL_GOD,GOL_GOD,
Diddy Kong,DD,,2127,VO_DD_GOL_GOD2,GOL_GOD2,
Diddy Kong,DD,,2128,VO_DD_GOL_GOD_END,GOL_GOD_END,
Diddy Kong,DD,,2129,VO_DD_GOL_BAD,GOL_BAD,
Diddy Kong,DD,,2130,VO_DD_GOL_BAD2,GOL_BAD2,
Diddy Kong,DD,,2131,VO_DD_GOL_BAD_END,GOL_BAD_END,
Diddy Kong,DD,,2132,VO_DD_STRM,STRM,
Diddy Kong,DD,,2133,VO_DD_STRM2,STRM2,
Diddy Kong,DD,,2134,VO_DD_STRM_END,STRM_END,
Diddy Kong,DD,,2135,VO_DD_NPC_STRM,NPC_STRM,yes
Baby Mario,BMR,,947,VO_BMR_SELECT_CHAR_01,SELECT_CHAR_01,
Baby Mario,BMR,,948,VO_BMR_SELECT_CHAR_02,SELECT_CHAR_02,
Baby Mario,BMR,,949,VO_BMR_SELECT_CHAR_END,SELECT_CHAR_END,
Baby Mario,BMR,,1082,VO_BMR_SELECT_KART_01,SELECT_KART_01,
Baby Mario,BMR,,1083,VO_BMR_SELECT_KART_02,SELECT_KART_02,
Baby Mario,BMR,,1084,VO_BMR_SELECT_KART_END,SELECT_KART_END,
Baby Mario,BMR,,1110,VO_BMR_SELECT_TEAM_BLUE_01,SELECT_TEAM_BLUE_01,
Baby Mario,BMR,,1111,VO_BMR_SELECT_TEAM_RED_01,SELECT_TEAM_RED_01,
Baby Mario,BMR,,2136,VO_BMR_DSH,DSH,
Baby Mario,BMR,,2137,VO_BMR_DSH2,DSH2,
Baby Mario,BMR,,2138,VO_BMR_DSH3,DSH3,
Baby Mario,BMR,,2139,VO_BMR_DSH4,DSH4,
Baby Mario,BMR,,2140,VO_BMR_DSH5,DSH5,
Baby Mario,BMR,,2141,VO_BMR_DSH_END,DSH_END,
Baby Mario,BMR,,2142,VO_BMR_JP_ACT,JP_ACT,
Baby Mario,BMR,,2143,VO_BMR_JP_ACT2,JP_ACT2,
Baby Mario,BMR,,2144,VO_BMR_JP_ACT_END,JP_ACT_END,
Baby Mario,BMR,,2145,VO_BMR_JP_L,JP_L,
Baby Mario,BMR,,2146,VO_BMR_JP_L2,JP_L2,
Baby Mario,BMR,,2147,VO_BMR_JP_L_END,JP_L_END,
Baby Mario,BMR,,2148,VO_BMR_JP_M,JP_M,
Baby Mario,BMR,,2149,VO_BMR_JP_M2,JP_M2,
Baby Mario,BMR,,2150,VO_BMR_JP_M_END,JP_M_END,
Baby Mario,BMR,,2151,VO_BMR_JP_S,JP_S,
Baby Mario,BMR,,2152,VO_BMR_JP_S2,JP_S2,
Baby Mario,BMR,,2153,VO_BMR_JP_S_END,JP_S_END,
Baby Mario,BMR,,2154,VO_BMR_LND_L,LND_L,
Baby Mario,BMR,,2155,VO_BMR_LND_L2,LND_L2,
Baby Mario,BMR,,2156,VO_BMR_LND_L_END,LND_L_END,
Baby Mario,BMR,,2157,VO_BMR_LND_S,LND_S,
Baby Mario,BMR,,2158,VO_BMR_LND_S2,LND_S2,
Baby Mario,BMR,,2159,VO_BMR_LND_S_END,LND_S_END,
Baby Mario,BMR,,2160,VO_BMR_STR_FAIL,STR_FAIL,
Baby Mario,BMR,,2161,VO_BMR_STR_FAIL2,STR_FAIL2,
Baby Mario,BMR,,2162,VO_BMR_STR_FAIL_END,STR_FAIL_END,
Baby Mario,BMR,,2163,VO_BMR_WLE,WLE,
Baby Mario,BMR,,2164,VO_BMR_WLE2,WLE2,
Baby Mario,BMR,,2165,VO_BMR_WLE_END,WLE_END,
Baby Mario,BMR,,2166,VO_BMR_WLE_FAIL,WLE_FAIL,
Baby Mario,BMR,,2167,VO_BMR_WLE_FAIL2,WLE_FAIL2,
Baby Mario,BMR,,2168,VO_BMR_WLE_FAIL_END,WLE_FAIL_END,
Baby Mario,BMR,,2169,VO_BMR_OVTAK,OVTAK,
Baby Mario,BMR,,2170,VO_BMR_OVTAK2,OVTAK2,
Baby Mario,BMR,,2171,VO_BMR_OVTAK_END,OVTAK_END,
Baby Mario,BMR,,2172,VO_BMR_DMG_L,DMG_L,
Baby Mario,BMR,,2173,VO_BMR_DMG_L2,DMG_L2,
Baby Mario,BMR,,2174,VO_BMR_DMG_L_END,DMG_L_END,
Baby Mario,BMR,,2175,VO_BMR_DMG_M,DMG_M,
Baby Mario,BMR,,2176,VO_BMR_DMG_M2,DMG_M2,
Baby Mario,BMR,,2177,VO_BMR_DMG_M_END,DMG_M_END,
Baby Mario,BMR,,2178,VO_BMR_DMG_S,DMG_S,
Baby Mario,BMR,,2179,VO_BMR_DMG_S2,DMG_S2,
Baby Mario,BMR,,2180,VO_BMR_DMG_S_END,DMG_S_END,
Baby Mario,BMR,,2181,VO_BMR_DMG_SPN,DMG_SPN,
Baby Mario,BMR,,2182,VO_BMR_DMG_SPN2,DMG_SPN2,
Baby Mario,BMR,,2183,VO_BMR_DMG_SPN_END,DMG_SPN_END,
Baby Mario,BMR,,2184,VO_BMR_DMG_FRE,DMG_FRE,
Baby Mario,BMR,,2185,VO_BMR_DMG_FRE2,DMG_FRE2,
Baby Mario,BMR,,2186,VO_BMR_DMG_FRE_END,DMG_FRE_END,
Baby Mario,BMR,,2187,VO_BMR_FAL,FAL,
Baby Mario,BMR,,2188,VO_BMR_FAL2,FAL2,
Baby Mario,BMR,,2189,VO_BMR_FAL_END,FAL_END,
Baby Mario,BMR,,2190,VO_BMR_FAL_W,FAL_W,
Baby Mario,BMR,,2191,VO_BMR_FAL_W2,FAL_W2,
Baby Mario,BMR,,2192,VO_BMR_FAL_W_END,FAL_W_END,
Baby Mario,BMR,,2193,VO_BMR_RET,RET,
Baby Mario,BMR,,2194,VO_BMR_RET2,RET2,
Baby Mario,BMR,,2195,VO_BMR_RET_END,RET_END,
Baby Mario,BMR,,2196,VO_BMR_RET_W,RET_W,
Baby Mario,BMR,,2197,VO_BMR_RET_W2,RET_W2,
Baby Mario,BMR,,2198,VO_BMR_RET_W_END,RET_W_END,
Baby Mario,BMR,,2199,VO_BMR_ITM_PUT,ITM_PUT,
Baby Mario,BMR,,2200,VO_BMR_ITM_PUT2,ITM_PUT2,
Baby Mario,BMR,,2201,VO_BMR_ITM_PUT_END,ITM_PUT_END,
Baby Mario,BMR,,2202,VO_BMR_ITM_TRW,ITM_TRW,
Baby Mario,BMR,,2203,VO_BMR_ITM_TRW2,ITM_TRW2,
Baby Mario,BMR,,2204,VO_BMR_ITM_TRW_END,ITM_TRW_END,
Baby Mario,BMR,,2205,VO_BMR_ITM_SCES,ITM_SCES,
Baby Mario,BMR,,2206,VO_BMR_ITM_SCES2,ITM_SCES2,
Baby Mario,BMR,,2207,VO_BMR_ITM_SCES_END,ITM_SCES_END,
Baby Mario,BMR,,2208,VO_BMR_ITM_PWUP,ITM_PWUP,
Baby Mario,BMR,,2209,VO_BMR_ITM_PWUP2,ITM_PWUP2,
Baby Mario,BMR,,2210,VO_BMR_ITM_PWUP_END,ITM_PWUP_END,
Baby Mario,BMR,,2211,VO_BMR_CAN,CAN,
Baby Mario,BMR,,2212,VO_BMR_CAN2,CAN2,
Baby Mario,BMR,,2213,VO_BMR_CAN_END,CAN_END,
Baby Mario,BMR,,2214,VO_BMR_NPC_ATK,NPC_ATK,yes
Baby Mario,BMR,,2215,VO_BMR_NPC_ATK2,NPC_ATK2,yes
Baby Mario,BMR,,2216,VO_BMR_NPC_ATK_3,NPC_ATK_3,yes
Baby Mario,BMR,,2217,VO_BMR_NPC_ATK_4,NPC_ATK_4,yes
Baby Mario,BMR,,2218,VO_BMR_NPC_ATK_END,NPC_ATK_END,yes
Baby Mario,BMR,,2219,VO_BMR_NPC_DSH,NPC_DSH,yes
Baby Mario,BMR,,2220,VO_BMR_NPC_DSH2,NPC_DSH2,yes
Baby Mario,BMR,,2221,VO_BMR_NPC_DSH3,NPC_DSH3,yes
Baby Mario,BMR,,2222,VO_BMR_NPC_DSH4,NPC_DSH4,yes
Baby Mario,BMR,,2223,VO_BMR_NPC_DSH5,NPC_DSH5,yes
Baby Mario,BMR,,2224,VO_BMR_NPC_DSH_END,NPC_DSH_END,yes
Baby Mario,BMR,,2225,VO_BMR_NPC_JP_M,NPC_JP_M,yes
Baby Mario,BMR,,2226,VO_BMR_NPC_JP_M2,NPC_JP_M2,yes
Baby Mario,BMR,,2227,VO_BMR_NPC_JP_M_END,NPC_JP_M_END,yes
Baby Mario,BMR,,2228,VO_BMR_NPC_WLE_FAIL,NPC_WLE_FAIL,yes
Baby Mario,BMR,,2229,VO_BMR_NPC_WLE_FAIL2,NPC_WLE_FAIL2,yes
Baby Mario,BMR,,2230,VO_BMR_NPC_WLE_FAIL_END,NPC_WLE_FAIL_END,yes
Baby Mario,BMR,,2231,VO_BMR_NPC_OVTAK,NPC_OVTAK,yes
Baby Mario,BMR,,2232,VO_BMR_NPC_OVTAK2,NPC_OVTAK2,yes
Baby Mario,BMR,,2233,VO_BMR_NPC_OVTAK_END,NPC_OVTAK_END,yes
Baby Mario,BMR,,2234,VO_BMR_NPC_DMG_L,NPC_DMG_L,yes
Baby Mario,BMR,,2235,VO_BMR_NPC_DMG_L2,NPC_DMG_L2,yes
Baby Mario,BMR,,2236,VO_BMR_NPC_DMG_L_END,NPC_DMG_L_END,yes
Baby Mario,BMR,,2237,VO_BMR_NPC_DMG_S,NPC_DMG_S,yes
Baby Mario,BMR,,2238,VO_BMR_NPC_DMG_S2,NPC_DMG_S2,yes
Baby Mario,BMR,,2239,VO_BMR_NPC_DMG_S_END,NPC_DMG_S_END,yes
Baby Mario,BMR,,2240,VO_BMR_NPC_DMG_SPN,NPC_DMG_SPN,yes
Baby Mario,BMR,,2241,VO_BMR_NPC_DMG_SPN2,NPC_DMG_SPN2,yes
Baby Mario,BMR,,2242,VO_BMR_NPC_DMG_SPN_END,NPC_DMG_SPN_END,yes
Baby Mario,BMR,,2243,VO_BMR_NPC_FAL,NPC_FAL,yes
Baby Mario,BMR,,2244,VO_BMR_NPC_FAL_W,NPC_FAL_W,yes
Baby Mario,BMR,,2245,VO_BMR_NPC_RET,NPC_RET,yes
Baby Mario,BMR,,2246,VO_BMR_NPC_ITM_SCES,NPC_ITM_SCES,yes
Baby Mario,BMR,,2247,VO_BMR_NPC_ITM_PWUP,NPC_ITM_PWUP,yes
Baby Mario,BMR,,2248,VO_BMR_NPC_CAN,NPC_CAN,yes
Baby Mario,BMR,,2249,VO_BMR_GOL_TOP,GOL_TOP,
Baby Mario,BMR,,2250,VO_BMR_GOL_TOP2,GOL_TOP2,
Baby Mario,BMR,,2251,VO_BMR_GOL_TOP_END,GOL_TOP_END,
Baby Mario,BMR,,2252,VO_BMR_GOL_GOD,GOL_GOD,
Baby Mario,BMR,,2253,VO_BMR_GOL_GOD2,GOL_GOD2,
Baby Mario,BMR,,2254,VO_BMR_GOL_GOD_END,GOL_GOD_END,
Baby Mario,BMR,,2255,VO_BMR_GOL_BAD,GOL_BAD,
Baby Mario,BMR,,2256,VO_BMR_GOL_BAD2,GOL_BAD2,
Baby Mario,BMR,,2257,VO_BMR_GOL_BAD_END,GOL_BAD_END,
Baby Mario,BMR,,2258,VO_BMR_GOL_TA_TOP,GOL_TA_TOP,
Baby Mario,BMR,,2259,VO_BMR_GOL_TA_TOP2,GOL_TA_TOP2,
Baby Mario,BMR,,2260,VO_BMR_GOL_TA_TOP_END,GOL_TA_TOP_END,
Baby Mario,BMR,,2261,VO_BMR_GOL_TA_BAD,GOL_TA_BAD,
Baby Mario,BMR,,2262,VO_BMR_GOL_TA_BAD_END,GOL_TA_BAD_END,
Baby Mario,BMR,,2263,VO_BMR_STRM,STRM,
Baby Mario,BMR,,2264,VO_BMR_STRM2,STRM2,
Baby Mario,BMR,,2265,VO_BMR_STRM_END,STRM_END,
Baby Mario,BMR,,2266,VO_BMR_NPC_STRM,NPC_STRM,yes
Baby Luigi,BLG,,950,VO_BLG_SELECT_CHAR_01,SELECT_CHAR_01,
Baby Luigi,BLG,,951,VO_BLG_SELECT_CHAR_02,SELECT_CHAR_02,
Baby Luigi,BLG,,952,VO_BLG_SELECT_CHAR_END,SELECT_CHAR_END,
Baby Luigi,BLG,,1085,VO_BLG_SELECT_KART_01,SELECT_KART_01,
Baby Luigi,BLG,,1086,VO_BLG_SELECT_KART_02,SELECT_KART_02,
Baby Luigi,BLG,,1087,VO_BLG_SELECT_KART_END,SELECT_KART_END,
Baby Luigi,BLG,,1112,VO_BLG_SELECT_TEAM_BLUE_01,SELECT_TEAM_BLUE_01,
Baby Luigi,BLG,,1113,VO_BLG_SELECT_TEAM_RED_01,SELECT_TEAM_RED_01,
Baby Luigi,BLG,,2267,VO_BLG_ATK,ATK,
Baby Luigi,BLG,,2268,VO_BLG_ATK2,ATK2,
Baby Luigi,BLG,,2269,VO_BLG_ATK_END,ATK_END,
Baby Luigi,BLG,,2270,VO_BLG_DSH,DSH,
Baby Luigi,BLG,,2271,VO_BLG_DSH2,DSH2,
Baby Luigi,BLG,,2272,VO_BLG_DSH3,DSH3,
Baby Luigi,BLG,,2273,VO_BLG_DSH4,DSH4,
Baby Luigi,BLG,,2274,VO_BLG_DSH5,DSH5,
Baby Luigi,BLG,,2275,VO_BLG_DSH_END,DSH_END,
Baby Luigi,BLG,,2276,VO_BLG_JP_ACT,JP_ACT,
Baby Luigi,BLG,,2277,VO_BLG_JP_ACT2,JP_ACT2,
Baby Luigi,BLG,,2278,VO_BLG_JP_ACT_END,JP_ACT_END,
Baby Luigi,BLG,,2279,VO_BLG_JP_L,JP_L,
Baby Luigi,BLG,,2280,VO_BLG_JP_L2,JP_L2,
Baby Luigi,BLG,,2281,VO_BLG_JP_L_END,JP_L_END,
Baby Luigi,BLG,,2282,VO_BLG_JP_M,JP_M,
Baby Luigi,BLG,,2283,VO_BLG_JP_M2,JP_M2,
Baby Luigi,BLG,,2284,VO_BLG_JP_M_END,JP_M_END,
Baby Luigi,BLG,,2285,VO_BLG_JP_S,JP_S,
Baby Luigi,BLG,,2286,VO_BLG_JP_S2,JP_S2,
Baby Luigi,BLG,,2287,VO_BLG_JP_S_END,JP_S_END,
Baby Luigi,BLG,,2288,VO_BLG_LND_L,LND_L,
Baby Luigi,BLG,,2289,VO_BLG_LND_L2,LND_L2,
Baby Luigi,BLG,,2290,VO_BLG_LND_L_END,LND_L_END,
Baby Luigi,BLG,,2291,VO_BLG_LND_S,LND_S,
Baby Luigi,BLG,,2292,VO_BLG_LND_S2,LND_S2,
Baby Luigi,BLG,,2293,VO_BLG_LND_S_END,LND_S_END,
Baby Luigi,BLG,,2294,VO_BLG_STR_FAIL,STR_FAIL,
Baby Luigi,BLG,,2295,VO_BLG_STR_FAIL2,STR_FAIL2,
Baby Luigi,BLG,,2296,VO_BLG_STR_FAIL_END,STR_FAIL_END,
Baby Luigi,BLG,,2297,VO_BLG_WLE,WLE,
Baby Luigi,BLG,,2298,VO_BLG_WLE2,WLE2,
Baby Luigi,BLG,,2299,VO_BLG_WLE_END,WLE_END,
Baby Luigi,BLG,,2300,VO_BLG_WLE_FAIL,WLE_FAIL,
Baby Luigi,BLG,,2301,VO_BLG_WLE_FAIL2,WLE_FAIL2,
Baby Luigi,BLG,,2302,VO_BLG_WLE_FAIL_END,WLE_FAIL_END,
Baby Luigi,BLG,,2303,VO_BLG_OVTAK,OVTAK,
Baby Luigi,BLG,,2304,VO_BLG_OVTAK2,OVTAK2,
Baby Luigi,BLG,,2305,VO_BLG_OVTAK_END,OVTAK_END,
Baby Luigi,BLG,,2306,VO_BLG_DMG_L,DMG_L,
Baby Luigi,BLG,,2307,VO_BLG_DMG_L2,DMG_L2,
Baby Luigi,BLG,,2308,VO_BLG_DMG_L_END,DMG_L_END,
Baby Luigi,BLG,,2309,VO_BLG_DMG_M,DMG_M,
Baby Luigi,BLG,,2310,VO_BLG_DMG_M2,DMG_M2,
Baby Luigi,BLG,,2311,VO_BLG_DMG_M_END,DMG_M_END,
Baby Luigi,BLG,,2312,VO_BLG_DMG_S,DMG_S,
Baby Luigi,BLG,,2313,VO_BLG_DMG_S2,DMG_S2,
Baby Luigi,BLG,,2314,VO_BLG_DMG_S_END,DMG_S_END,
Baby Luigi,BLG,,2315,VO_BLG_DMG_SPN,DMG_SPN,
Baby Luigi,BLG,,2316,VO_BLG_DMG_SPN2,DMG_SPN2,
Baby Luigi,BLG,,2317,VO_BLG_DMG_SPN_END,DMG_SPN_END,
Baby Luigi,BLG,,2318,VO_BLG_DMG_FRE,DMG_FRE,
Baby Luigi,BLG,,2319,VO_BLG_DMG_FRE2,DMG_FRE2,
Baby Luigi,BLG,,2320,VO_BLG_DMG_FRE_END,DMG_FRE_END,
Baby Luigi,BLG,,2321,VO_BLG_FAL,FAL,
Baby Luigi,BLG,,2322,VO_BLG_FAL2,FAL2,
Baby Luigi,BLG,,2323,VO_BLG_FAL_END,FAL_END,
Baby Luigi,BLG,,2324,VO_BLG_FAL_W,FAL_W,
Baby Luigi,BLG,,2325,VO_BLG_FAL_W2,FAL_W2,
Baby Luigi,BLG,,2326,VO_BLG_FAL_W_END,FAL_W_END,
Baby Luigi,BLG,,2327,VO_BLG_RET,RET,
Baby Luigi,BLG,,2328,VO_BLG_RET2,RET2,
Baby Luigi,BLG,,2329,VO_BLG_RET_END,RET_END,
Baby Luigi,BLG,,2330,VO_BLG_RET_W,RET_W,
Baby Luigi,BLG,,2331,VO_BLG_RET_W2,RET_W2,
Baby Luigi,BLG,,2332,VO_BLG_RET_W_END,RET_W_END,
Baby Luigi,BLG,,2333,VO_BLG_ITM_PUT,ITM_PUT,
Baby Luigi,BLG,,2334,VO_BLG_ITM_PUT2,ITM_PUT2,
Baby Luigi,BLG,,2335,VO_BLG_ITM_PUT_END,ITM_PUT_END,
Baby Luigi,BLG,,2336,VO_BLG_ITM_TRW,ITM_TRW,
Baby Luigi,BLG,,2337,VO_BLG_ITM_TRW2,ITM_TRW2,
Baby Luigi,BLG,,2338,VO_BLG_ITM_TRW_END,ITM_TRW_END,
Baby Luigi,BLG,,2339,VO_BLG_ITM_SCES,ITM_SCES,
Baby Luigi,BLG,,2340,VO_BLG_ITM_SCES2,ITM_SCES2,
Baby Luigi,BLG,,2341,VO_BLG_ITM_SCES_END,ITM_SCES_END,
Baby Luigi,BLG,,2342,VO_BLG_ITM_PWUP,ITM_PWUP,
Baby Luigi,BLG,,2343,VO_BLG_ITM_PWUP2,ITM_PWUP2,
Baby Luigi,BLG,,2344,VO_BLG_ITM_PWUP_END,ITM_PWUP_END,
Baby Luigi,BLG,,2345,VO_BLG_CAN,CAN,
Baby Luigi,BLG,,2346,VO_BLG_CAN2,CAN2,
Baby Luigi,BLG,,2347,VO_BLG_CAN_END,CAN_END,
Baby Luigi,BLG,,2348,VO_BLG_NPC_ATK,NPC_ATK,yes
Baby Luigi,BLG,,2349,VO_BLG_NPC_ATK2,NPC_ATK2,yes
Baby Luigi,BLG,,2350,VO_BLG_NPC_ATK_3,NPC_ATK_3,yes
Baby Luigi,BLG,,2351,VO_BLG_NPC_ATK_4,NPC_ATK_4,yes
Baby Luigi,BLG,,2352,VO_BLG_NPC_ATK_END,NPC_ATK_END,yes
Baby Luigi,BLG,,2353,VO_BLG_NPC_DSH,NPC_DSH,yes
Baby Luigi,BLG,,2354,VO_BLG_NPC_DSH2,NPC_DSH2,yes
Baby Luigi,BLG,,2355,VO_BLG_NPC_DSH3,NPC_DSH3,yes
Baby Luigi,BLG,,2356,VO_BLG_NPC_DSH4,NPC_DSH4,yes
Baby Luigi,BLG,,2357,VO_BLG_NPC_DSH5,NPC_DSH5,yes
Baby Luigi,BLG,,2358,VO_BLG_NPC_DSH_END,NPC_DSH_END,yes
Baby Luigi,BLG,,2359,VO_BLG_NPC_JP_M,NPC_JP_M,yes
Baby Luigi,BLG,,2360,VO_BLG_NPC_JP_M2,NPC_JP_M2,yes
Baby Luigi,BLG,,2361,VO_BLG_NPC_JP_M_END,NPC_JP_M_END,yes
Baby Luigi,BLG,,2362,VO_BLG_NPC_WLE_FAIL,NPC_WLE_FAIL,yes
Baby Luigi,BLG,,2363,VO_BLG_NPC_WLE_FAIL2,NPC_WLE_FAIL2,yes
Baby Luigi,BLG,,2364,VO_BLG_NPC_WLE_FAIL_END,NPC_WLE_FAIL_END,yes
Baby Luigi,BLG,,2365,VO_BLG_NPC_OVTAK,NPC_OVTAK,yes
Baby Luigi,BLG,,2366,VO_BLG_NPC_OVTAK2,NPC_OVTAK2,yes
Baby Luigi,BLG,,2367,VO_BLG_NPC_OVTAK_END,NPC_OVTAK_END,yes
Baby Luigi,BLG,,2368,VO_BLG_NPC_DMG_L,NPC_DMG_L,yes
Baby Luigi,BLG,,2369,VO_BLG_NPC_DMG_L2,NPC_DMG_L2,yes
Baby Luigi,BLG,,2370,VO_BLG_NPC_DMG_L_END,NPC_DMG_L_END,yes
Baby Luigi,BLG,,2371,VO_BLG_NPC_DMG_S,NPC_DMG_S,yes
Baby Luigi,BLG,,2372,VO_BLG_NPC_DMG_S2,NPC_DMG_S2,yes
Baby Luigi,BLG,,2373,VO_BLG_NPC_DMG_S_END,NPC_DMG_S_END,yes
Baby Luigi,BLG,,2374,VO_BLG_NPC_DMG_SPN,NPC_DMG_SPN,yes
Baby Luigi,BLG,,2375,VO_BLG_NPC_DMG_SPN2,NPC_DMG_SPN2,yes
Baby Luigi,BLG,,2376,VO_BLG_NPC_DMG_SPN_END,NPC_DMG_SPN_END,yes
Baby Luigi,BLG,,2377,VO_BLG_NPC_FAL,NPC_FAL,yes
Baby Luigi,BLG,,2378,VO_BLG_NPC_FAL_W,NPC_FAL_W,yes
Baby Luigi,BLG,,2379,VO_BLG_NPC_RET,NPC_RET,yes
Baby Luigi,BLG,,2380,VO_BLG_NPC_ITM_SCES,NPC_ITM_SCES,yes
Baby Luigi,BLG,,2381,VO_BLG_NPC_ITM_PWUP,NPC_ITM_PWUP,yes
Baby Luigi,BLG,,2382,VO_BLG_NPC_CAN,NPC_CAN,yes
Baby Luigi,BLG,,2383,VO_BLG_GOL_TOP,GOL_TOP,
Baby Luigi,BLG,,2384,VO_BLG_GOL_TOP2,GOL_TOP2,
Baby Luigi,BLG,,2385,VO_BLG_GOL_TOP_END,GOL_TOP_END,
Baby Luigi,BLG,,2386,VO_BLG_GOL_GOD,GOL_GOD,
Baby Luigi,BLG,,2387,VO_BLG_GOL_GOD2,GOL_GOD2,
Baby Luigi,BLG,,2388,VO_BLG_GOL_GOD_END,GOL_GOD_END,
Baby Luigi,BLG,,2389,VO_BLG_GOL_BAD,GOL_BAD,
Baby Luigi,BLG,,2390,VO_BLG_GOL_BAD2,GOL_BAD2,
Baby Luigi,BLG,,2391,VO_BLG_GOL_BAD_END,GOL_BAD_END,
Baby Luigi,BLG,,2392,VO_BLG_GOL_TA_GOD2,GOL_TA_GOD2,
Baby Luigi,BLG,,2393,VO_BLG_GOL_TA_GOD_END,GOL_TA_GOD_END,
Baby Luigi,BLG,,2394,VO_BLG_GOL_TA_BAD,GOL_TA_BAD,
Baby Luigi,BLG,,2395,VO_BLG_GOL_TA_BAD2,GOL_TA_BAD2,
Baby Luigi,BLG,,2396,VO_BLG_GOL_TA_BAD_END,GOL_TA_BAD_END,
Baby Luigi,BLG,,2397,VO_BLG_STRM,STRM,
Baby Luigi,BLG,,2398,VO_BLG_STRM2,STRM2,
Baby Luigi,BLG,,2399,VO_BLG_STRM_END,STRM_END,
Baby Luigi,BLG,,2400,VO_BLG_NPC_STRM,NPC_STRM,yes
Baby Peach,BPC,,953,VO_BPC_SELECT_CHAR_01,SELECT_CHAR_01,
Baby Peach,BPC,,954,VO_BPC_SELECT_CHAR_02,SELECT_CHAR_02,
Baby Peach,BPC,,955,VO_BPC_SELECT_CHAR_END,SELECT_CHAR_END,
Baby Peach,BPC,,1088,VO_BPC_SELECT_KART_01,SELECT_KART_01,
Baby Peach,BPC,,1089,VO_BPC_SELECT_KART_02,SELECT_KART_02,
Baby Peach,BPC,,1090,VO_BPC_SELECT_KART_END,SELECT_KART_END,
Baby Peach,BPC,,1114,VO_BPC_SELECT_TEAM_BLUE_01,SELECT_TEAM_BLUE_01,
Baby Peach,BPC,,1115,VO_BPC_SELECT_TEAM_RED_01,SELECT_TEAM_RED_01,
Baby Peach,BPC,,2401,VO_BPC_ATK,ATK,
Baby Peach,BPC,,2402,VO_BPC_ATK2,ATK2,
Baby Peach,BPC,,2403,VO_BPC_ATK_END,ATK_END,
Baby Peach,BPC,,2404,VO_BPC_DSH,DSH,
Baby Peach,BPC,,2405,VO_BPC_DSH2,DSH2,
Baby Peach,BPC,,2406,VO_BPC_DSH3,DSH3,
Baby Peach,BPC,,2407,VO_BPC_DSH4,DSH4,
Baby Peach,BPC,,2408,VO_BPC_DSH5,DSH5,
Baby Peach,BPC,,2409,VO_BPC_DSH_END,DSH_END,
Baby Peach,BPC,,2410,VO_BPC_JP_ACT,JP_ACT,
Baby Peach,BPC,,2411,VO_BPC_JP_ACT2,JP_ACT2,
Baby Peach,BPC,,2412,VO_BPC_JP_ACT_END,JP_ACT_END,
Baby Peach,BPC,,2413,VO_BPC_JP_L,JP_L,
Baby Peach,BPC,,2414,VO_BPC_JP_L2,JP_L2,
Baby Peach,BPC,,2415,VO_BPC_JP_L_END,JP_L_END,
Baby Peach,BPC,,2416,VO_BPC_JP_M,JP_M,
Baby Peach,BPC,,2417,VO_BPC_JP_M2,JP_M2,
Baby Peach,BPC,,2418,VO_BPC_JP_M_END,JP_M_END,
Baby Peach,BPC,,2419,VO_BPC_JP_S,JP_S,
Baby Peach,BPC,,2420,VO_BPC_JP_S2,JP_S2,
Baby Peach,BPC,,2421,VO_BPC_JP_S_END,JP_S_END,
Baby Peach,BPC,,2422,VO_BPC_LND_L,LND_L,
Baby Peach,BPC,,2423,VO_BPC_LND_L2,LND_L2,
Baby Peach,BPC,,2424,VO_BPC_LND_L_END,LND_L_END,
Baby Peach,BPC,,2425,VO_BPC_LND_S,LND_S,
Baby Peach,BPC,,2426,VO_BPC_LND_S2,LND_S2,
Baby Peach,BPC,,2427,VO_BPC_LND_S_END,LND_S_END,
Baby Peach,BPC,,2428,VO_BPC_WLE,WLE,
Baby Peach,BPC,,2429,VO_BPC_WLE2,WLE2,
Baby Peach,BPC,,2430,VO_BPC_WLE_END,WLE_END,
Baby Peach,BPC,,2431,VO_BPC_WLE_FAIL,WLE_FAIL,
Baby Peach,BPC,,2432,VO_BPC_WLE_FAIL2,WLE_FAIL2,
Baby Peach,BPC,,2433,VO_BPC_WLE_FAIL_END,WLE_FAIL_END,
Baby Peach,BPC,,2434,VO_BPC_OVTAK,OVTAK,
Baby Peach,BPC,,2435,VO_BPC_OVTAK2,OVTAK2,
Baby Peach,BPC,,2436,VO_BPC_OVTAK_END,OVTAK_END,
Baby Peach,BPC,,2437,VO_BPC_DMG_L,DMG_L,
Baby Peach,BPC,,2438,VO_BPC_DMG_L2,DMG_L2,
Baby Peach,BPC,,2439,VO_BPC_DMG_L_END,DMG_L_END,
Baby Peach,BPC,,2440,VO_BPC_DMG_M,DMG_M,
Baby Peach,BPC,,2441,VO_BPC_DMG_M2,DMG_M2,
Baby Peach,BPC,,2442,VO_BPC_DMG_M_END,DMG_M_END,
Baby Peach,BPC,,2443,VO_BPC_DMG_S,DMG_S,
Baby Peach,BPC,,2444,VO_BPC_DMG_S2,DMG_S2,
Baby Peach,BPC,,2445,VO_BPC_DMG_S_END,DMG_S_END,
Baby Peach,BPC,,2446,VO_BPC_DMG_SPN,DMG_SPN,
Baby Peach,BPC,,2447,VO_BPC_DMG_SPN2,DMG_SPN2,
Baby Peach,BPC,,2448,VO_BPC_DMG_SPN_END,DMG_SPN_END,
Baby Peach,BPC,,2449,VO_BPC_DMG_FRE,DMG_FRE,
Baby Peach,BPC,,2450,VO_BPC_DMG_FRE2,DMG_FRE2,
Baby Peach,BPC,,2451,VO_BPC_DMG_FRE_END,DMG_FRE_END,
Baby Peach,BPC,,2452,VO_BPC_FAL,FAL,
Baby Peach,BPC,,2453,VO_BPC_FAL2,FAL2,
Baby Peach,BPC,,2454,VO_BPC_FAL_END,FAL_END,
Baby Peach,BPC,,2455,VO_BPC_FAL_W,FAL_W,
Baby Peach,BPC,,2456,VO_BPC_FAL_W2,FAL_W2,
Baby Peach,BPC,,2457,VO_BPC_FAL_W_END,FAL_W_END,
Baby Peach,BPC,,2458,VO_BPC_RET,RET,
Baby Peach,BPC,,2459,VO_BPC_RET2,RET2,
Baby Peach,BPC,,2460,VO_BPC_RET_END,RET_END,
Baby Peach,BPC,,2461,VO_BPC_RET_W,RET_W,
Baby Peach,BPC,,2462,VO_BPC_RET_W2,RET_W2,
Baby Peach,BPC,,2463,VO_BPC_RET_W_END,RET_W_END,
Baby Peach,BPC,,2464,VO_BPC_ITM_PUT,ITM_PUT,
Baby Peach,BPC,,2465,VO_BPC_ITM_PUT2,ITM_PUT2,
Baby Peach,BPC,,2466,VO_BPC_ITM_PUT_END,ITM_PUT_END,
Baby Peach,BPC,,2467,VO_BPC_ITM_TRW,ITM_TRW,
Baby Peach,BPC,,2468,VO_BPC_ITM_TRW2,ITM_TRW2,
Baby Peach,BPC,,2469,VO_BPC_ITM_TRW_END,ITM_TRW_END,
Baby Peach,BPC,,2470,VO_BPC_ITM_SCES,ITM_SCES,
Baby Peach,BPC,,2471,VO_BPC_ITM_SCES2,ITM_SCES2,
Baby Peach,BPC,,2472,VO_BPC_ITM_SCES_END,ITM_SCES_END,
Baby Peach,BPC,,2473,VO_BPC_ITM_PWUP,ITM_PWUP,
Baby Peach,BPC,,2474,VO_BPC_ITM_PWUP2,ITM_PWUP2,
Baby Peach,BPC,,2475,VO_BPC_ITM_PWUP_END,ITM_PWUP_END,
Baby Peach,BPC,,2476,VO_BPC_CAN,CAN,
Baby Peach,BPC,,2477,VO_BPC_CAN2,CAN2,
Baby Peach,BPC,,2478,VO_BPC_CAN_END,CAN_END,
Baby Peach,BPC,,2479,VO_BPC_NPC_ATK,NPC_ATK,yes
Baby Peach,BPC,,2480,VO_BPC_NPC_ATK2,NPC_ATK2,yes
Baby Peach,BPC,,2481,VO_BPC_NPC_ATK_3,NPC_ATK_3,yes
Baby Peach,BPC,,2482,VO_BPC_NPC_ATK_4,NPC_ATK_4,yes
Baby Peach,BPC,,2483,VO_BPC_NPC_ATK_END,NPC_ATK_END,yes
Baby Peach,BPC,,2484,VO_BPC_NPC_DSH,NPC_DSH,yes
Baby Peach,BPC,,2485,VO_BPC_NPC_DSH2,NPC_DSH2,yes
Baby Peach,BPC,,2486,VO_BPC_NPC_DSH3,NPC_DSH3,yes
Baby Peach,BPC,,2487,VO_BPC_NPC_DSH4,NPC_DSH4,yes
Baby Peach,BPC,,2488,VO_BPC_NPC_DSH5,NPC_DSH5,yes
Baby Peach,BPC,,2489,VO_BPC_NPC_DSH_END,NPC_DSH_END,yes
Baby Peach,BPC,,2490,VO_BPC_NPC_JP_M,NPC_JP_M,yes
Baby Peach,BPC,,2491,VO_BPC_NPC_JP_M2,NPC_JP_M2,yes
Baby Peach,BPC,,2492,VO_BPC_NPC_JP_M_END,NPC_JP_M_END,yes
Baby Peach,BPC,,2493,VO_BPC_NPC_WLE_FAIL,NPC_WLE_FAIL,yes
Baby Peach,BPC,,2494,VO_BPC_NPC_WLE_FAIL2,NPC_WLE_FAIL2,yes
Baby Peach,BPC,,2495,VO_BPC_NPC_WLE_FAIL_END,NPC_WLE_FAIL_END,yes
Baby Peach,BPC,,2496,VO_BPC_NPC_OVTAK,NPC_OVTAK,yes
Baby Peach,BPC,,2497,VO_BPC_NPC_OVTAK2,NPC_OVTAK2,yes
Baby Peach,BPC,,2498,VO_BPC_NPC_OVTAK_END,NPC_OVTAK_END,yes
Baby Peach,BPC,,2499,VO_BPC_NPC_DMG_L,NPC_DMG_L,yes
Baby Peach,BPC,,2500,VO_BPC_NPC_DMG_L2,NPC_DMG_L2,yes
Baby Peach,BPC,,2501,VO_BPC_NPC_DMG_L_END,NPC_DMG_L_END,yes
Baby Peach,BPC,,2502,VO_BPC_NPC_DMG_S,NPC_DMG_S,yes
Baby Peach,BPC,,2503,VO_BPC_NPC_DMG_S2,NPC_DMG_S2,yes
Baby Peach,BPC,,2504,VO_BPC_NPC_DMG_S_END,NPC_DMG_S_END,yes
Baby Peach,BPC,,2505,VO_BPC_NPC_DMG_SPN,NPC_DMG_SPN,yes
Baby Peach,BPC,,2506,VO_BPC_NPC_DMG_SPN2,NPC_DMG_SPN2,yes
Baby Peach,BPC,,2507,VO_BPC_NPC_DMG_SPN_END,NPC_DMG_SPN_END,yes
Baby Peach,BPC,,2508,VO_BPC_NPC_FAL,NPC_FAL,yes
Baby Peach,BPC,,2509,VO_BPC_NPC_FAL_W,NPC_FAL_W,yes
Baby Peach,BPC,,2510,VO_BPC_NPC_RET,NPC_RET,yes
Baby Peach,BPC,,2511,VO_BPC_NPC_ITM_SCES,NPC_ITM_SCES,yes
Baby Peach,BPC,,2512,VO_BPC_NPC_ITM_PWUP,NPC_ITM_PWUP,yes
Baby Peach,BPC,,2513,VO_BPC_NPC_CAN,NPC_CAN,yes
Baby Peach,BPC,,2514,VO_BPC_GOL_TOP,GOL_TOP,
Baby Peach,BPC,,2515,VO_BPC_GOL_TOP2,GOL_TOP2,
Baby Peach,BPC,,2516,VO_BPC_GOL_TOP_END,GOL_TOP_END,
Baby Peach,BPC,,2517,VO_BPC_GOL_GOD,GOL_GOD,
Baby Peach,BPC,,2518,VO_BPC_GOL_GOD2,GOL_GOD2,
Baby Peach,BPC,,2519,VO_BPC_GOL_GOD_END,GOL_GOD_END,
Baby Peach,BPC,,2520,VO_BPC_GOL_BAD,GOL_BAD,
Baby Peach,BPC,,2521,VO_BPC_GOL_BAD2,GOL_BAD2,
Baby Peach,BPC,,2522,VO_BPC_GOL_BAD_END,GOL_BAD_END,
Baby Peach,BPC,,2523,VO_BPC_STRM,STRM,
Baby Peach,BPC,,2524,VO_BPC_STRM2,STRM2,
Baby Peach,BPC,,2525,VO_BPC_STRM_END,STRM_END,
Baby Peach,BPC,,2526,VO_BPC_NPC_STRM,NPC_STRM,yes
Baby Daisy,BDS,,956,VO_BDS_SELECT_CHAR_01,SELECT_CHAR_01,
Baby Daisy,BDS,,957,VO_BDS_SELECT_CHAR_02,SELECT_CHAR_02,
Baby Daisy,BDS,,958,VO_BDS_SELECT_CHAR_END,SELECT_CHAR_END,
Baby Daisy,BDS,,1091,VO_BDS_SELECT_KART_01,SELECT_KART_01,
Baby Daisy,BDS,,1092,VO_BDS_SELECT_KART_02,SELECT_KART_02,
Baby Daisy,BDS,,1093,VO_BDS_SELECT_KART_END,SELECT_KART_END,
Baby Daisy,BDS,,2527,VO_BDS_ATK,ATK,
Baby Daisy,BDS,,2528,VO_BDS_ATK2,ATK2,
Baby Daisy,BDS,,2529,VO_BDS_ATK_END,ATK_END,
Baby Daisy,BDS,,2530,VO_BDS_DSH,DSH,
Baby Daisy,BDS,,2531,VO_BDS_DSH2,DSH2,
Baby Daisy,BDS,,2532,VO_BDS_DSH3,DSH3,
Baby Daisy,BDS,,2533,VO_BDS_DSH4,DSH4,
Baby Daisy,BDS,,2534,VO_BDS_DSH5,DSH5,
Baby Daisy,BDS,,2535,VO_BDS_DSH_END,DSH_END,
Baby Daisy,BDS,,2536,VO_BDS_JP_ACT,JP_ACT,
Baby Daisy,BDS,,2537,VO_BDS_JP_ACT2,JP_ACT2,
Baby Daisy,BDS,,2538,VO_BDS_JP_ACT_END,JP_ACT_END,
Baby Daisy,BDS,,2539,VO_BDS_JP_L,JP_L,
Baby Daisy,BDS,,2540,VO_BDS_JP_L2,JP_L2,
Baby Daisy,BDS,,2541,VO_BDS_JP_L_END,JP_L_END,
Baby Daisy,BDS,,2542,VO_BDS_JP_M,JP_M,
Baby Daisy,BDS,,2543,VO_BDS_JP_M2,JP_M2,
Baby Daisy,BDS,,2544,VO_BDS_JP_M_END,JP_M_END,
Baby Daisy,BDS,,2545,VO_BDS_JP_S,JP_S,
Baby Daisy,BDS,,2546,VO_BDS_JP_S2,JP_S2,
Baby Daisy,BDS,,2547,VO_BDS_JP_S_END,JP_S_END,
Baby Daisy,BDS,,2548,VO_BDS_LND_L,LND_L,
Baby Daisy,BDS,,2549,VO_BDS_LND_L2,LND_L2,
Baby Daisy,BDS,,2550,VO_BDS_LND_L_END,LND_L_END,
Baby Daisy,BDS,,2551,VO_BDS_LND_S,LND_S,
Baby Daisy,BDS,,2552,VO_BDS_LND_S2,LND_S2,
Baby Daisy,BDS,,2553,VO_BDS_LND_S_END,LND_S_END,
Baby Daisy,BDS,,2554,VO_BDS_STR_FAIL,STR_FAIL,
Baby Daisy,BDS,,2555,VO_BDS_STR_FAIL2,STR_FAIL2,
Baby Daisy,BDS,,2556,VO_BDS_STR_FAIL_END,STR_FAIL_END,
Baby Daisy,BDS,,2557,VO_BDS_WLE,WLE,
Baby Daisy,BDS,,2558,VO_BDS_WLE2,WLE2,
Baby Daisy,BDS,,2559,VO_BDS_WLE_END,WLE_END,
Baby Daisy,BDS,,2560,VO_BDS_WLE_FAIL,WLE_FAIL,
Baby Daisy,BDS,,2561,VO_BDS_WLE_FAIL2,WLE_FAIL2,
Baby Daisy,BDS,,2562,VO_BDS_WLE_FAIL_END,WLE_FAIL_END,
Baby Daisy,BDS,,2563,VO_BDS_OVTAK,OVTAK,
Baby Daisy,BDS,,2564,VO_BDS_OVTAK2,OVTAK2,
Baby Daisy,BDS,,2565,VO_BDS_OVTAK_END,OVTAK_END,
Baby Daisy,BDS,,2566,VO_BDS_DMG_L,DMG_L,
Baby Daisy,BDS,,2567,VO_BDS_DMG_L2,DMG_L2,
Baby Daisy,BDS,,2568,VO_BDS_DMG_L_END,DMG_L_END,
Baby Daisy,BDS,,2569,VO_BDS_DMG_M,DMG_M,
Baby Daisy,BDS,,2570,VO_BDS_DMG_M2,DMG_M2,
Baby Daisy,BDS,,2571,VO_BDS_DMG_M_END,DMG_M_END,
Baby Daisy,BDS,,2572,VO_BDS_DMG_S,DMG_S,
Baby Daisy,BDS,,2573,VO_BDS_DMG_S2,DMG_S2,
Baby Daisy,BDS,,2574,VO_BDS_DMG_S_END,DMG_S_END,
Baby Daisy,BDS,,2575,VO_BDS_DMG_SPN,DMG_SPN,
Baby Daisy,BDS,,2576,VO_BDS_DMG_SPN2,DMG_SPN2,
Baby Daisy,BDS,,2577,VO_BDS_DMG_SPN_END,DMG_SPN_END,
Baby Daisy,BDS,,2578,VO_BDS_DMG_FRE,DMG_FRE,
Baby Daisy,BDS,,2579,VO_BDS_DMG_FRE2,DMG_FRE2,
Baby Daisy,BDS,,2580,VO_BDS_DMG_FRE_END,DMG_FRE_END,
Baby Daisy,BDS,,2581,VO_BDS_FAL,FAL,
Baby Daisy,BDS,,2582,VO_BDS_FAL2,FAL2,
Baby Daisy,BDS,,2583,VO_BDS_FAL_END,FAL_END,
Baby Daisy,BDS,,2584,VO_BDS_FAL_W,FAL_W,
Baby Daisy,BDS,,2585,VO_BDS_FAL_W2,FAL_W2,
Baby Daisy,BDS,,2586,VO_BDS_FAL_W_END,FAL_W_END,
Baby Daisy,BDS,,2587,VO_BDS_RET,RET,
Baby Daisy,BDS,,2588,VO_BDS_RET2,RET2,
Baby Daisy,BDS,,2589,VO_BDS_RET_END,RET_END,
Baby Daisy,BDS,,2590,VO_BDS_RET_W,RET_W,
Baby Daisy,BDS,,2591,VO_BDS_RET_W2,RET_W2,
Baby Daisy,BDS,,2592,VO_BDS_RET_W_END,RET_W_END,
Baby Daisy,BDS,,2593,VO_BDS_ITM_PUT,ITM_PUT,
Baby Daisy,BDS,,2594,VO_BDS_ITM_PUT2,ITM_PUT2,
Baby Daisy,BDS,,2595,VO_BDS_ITM_PUT_END,ITM_PUT_END,
Baby Daisy,BDS,,2596,VO_BDS_ITM_TRW,ITM_TRW,
Baby Daisy,BDS,,2597,VO_BDS_ITM_TRW2,ITM_TRW2,
Baby Daisy,BDS,,2598,VO_BDS_ITM_TRW_END,ITM_TRW_END,
Baby Daisy,BDS,,2599,VO_BDS_ITM_SCES,ITM_SCES,
Baby Daisy,BDS,,2600,VO_BDS_ITM_SCES2,ITM_SCES2,
Baby Daisy,BDS,,2601,VO_BDS_ITM_SCES_END,ITM_SCES_END,
Baby Daisy,BDS,,2602,VO_BDS_ITM_PWUP,ITM_PWUP,
Baby Daisy,BDS,,2603,VO_BDS_ITM_PWUP2,ITM_PWUP2,
Baby Daisy,BDS,,2604,VO_BDS_ITM_PWUP_END,ITM_PWUP_END,
Baby Daisy,BDS,,2605,VO_BDS_CAN,CAN,
Baby Daisy,BDS,,2606,VO_BDS_CAN2,CAN2,
Baby Daisy,BDS,,2607,VO_BDS_CAN_END,CAN_END,
Baby Daisy,BDS,,2608,VO_BDS_NPC_ATK,NPC_ATK,yes
Baby Daisy,BDS,,2609,VO_BDS_NPC_ATK2,NPC_ATK2,yes
Baby Daisy,BDS,,2610,VO_BDS_NPC_ATK_3,NPC_ATK_3,yes
Baby Daisy,BDS,,2611,VO_BDS_NPC_ATK_4,NPC_ATK_4,yes
Baby Daisy,BDS,,2612,VO_BDS_NPC_ATK_END,NPC_ATK_END,yes
Baby Daisy,BDS,,2613,VO_BDS_NPC_DSH,NPC_DSH,yes
Baby Daisy,BDS,,2614,VO_BDS_NPC_DSH2,NPC_DSH2,yes
Baby Daisy,BDS,,2615,VO_BDS_NPC_DSH3,NPC_DSH3,yes
Baby Daisy,BDS,,2616,VO_BDS_NPC_DSH4,NPC_DSH4,yes
Baby Daisy,BDS,,2617,VO_BDS_NPC_DSH5,NPC_DSH5,yes
Baby Daisy,BDS,,2618,VO_BDS_NPC_DSH_END,NPC_DSH_END,yes
Baby Daisy,BDS,,2619,VO_BDS_NPC_JP_M,NPC_JP_M,yes
Baby Daisy,BDS,,2620,VO_BDS_NPC_JP_M2,NPC_JP_M2,yes
Baby Daisy,BDS,,2621,VO_BDS_NPC_JP_M_END,NPC_JP_M_END,yes
Baby Daisy,BDS,,2622,VO_BDS_NPC_WLE_FAIL,NPC_WLE_FAIL,yes
Baby Daisy,BDS,,2623,VO_BDS_NPC_WLE_FAIL2,NPC_WLE_FAIL2,yes
Baby Daisy,BDS,,2624,VO_BDS_NPC_WLE_FAIL_END,NPC_WLE_FAIL_END,yes
Baby Daisy,BDS,,2625,VO_BDS_NPC_OVTAK,NPC_OVTAK,yes
Baby Daisy,BDS,,2626,VO_BDS_NPC_OVTAK2,NPC_OVTAK2,yes
Baby Daisy,BDS,,2627,VO_BDS_NPC_OVTAK_END,NPC_OVTAK_END,yes
Baby Daisy,BDS,,2628,VO_BDS_NPC_DMG_L,NPC_DMG_L,yes
Baby Daisy,BDS,,2629,VO_BDS_NPC_DMG_L2,NPC_DMG_L2,yes
Baby Daisy,BDS,,2630,VO_BDS_NPC_DMG_L_END,NPC_DMG_L_END,yes
Baby Daisy,BDS,,2631,VO_BDS_NPC_DMG_S,NPC_DMG_S,yes
Baby Daisy,BDS,,2632,VO_BDS_NPC_DMG_S2,NPC_DMG_S2,yes
Baby Daisy,BDS,,2633,VO_BDS_NPC_DMG_S_END,NPC_DMG_S_END,yes
Baby Daisy,BDS,,2634,VO_BDS_NPC_DMG_SPN,NPC_DMG_SPN,yes
Baby Daisy,BDS,,2635,VO_BDS_NPC_DMG_SPN2,NPC_DMG_SPN2,yes
Baby Daisy,BDS,,2636,VO_BDS_NPC_DMG_SPN_END,NPC_DMG_SPN_END,yes
Baby Daisy,BDS,,2637,VO_BDS_NPC_FAL,NPC_FAL,yes
Baby Daisy,BDS,,2638,VO_BDS_NPC_FAL_W,NPC_FAL_W,yes
Baby Daisy,BDS,,2639,VO_BDS_NPC_RET,NPC_RET,yes
Baby Daisy,BDS,,2640,VO_BDS_NPC_ITM_SCES,NPC_ITM_SCES,yes
Baby Daisy,BDS,,2641,VO_BDS_NPC_ITM_PWUP,NPC_ITM_PWUP,yes
Baby Daisy,BDS,,2642,VO_BDS_NPC_CAN,NPC_CAN,yes
Baby Daisy,BDS,,2643,VO_BDS_GOL_TOP,GOL_TOP,
Baby Daisy,BDS,,2644,VO_BDS_GOL_TOP2,GOL_TOP2,
Baby Daisy,BDS,,2645,VO_BDS_GOL_TOP_END,GOL_TOP_END,
Baby Daisy,BDS,,2646,VO_BDS_GOL_GOD,GOL_GOD,
Baby Daisy,BDS,,2647,VO_BDS_GOL_GOD2,GOL_GOD2,
Baby Daisy,BDS,,2648,VO_BDS_GOL_GOD_END,GOL_GOD_END,
Baby Daisy,BDS,,2649,VO_BDS_GOL_BAD,GOL_BAD,
Baby Daisy,BDS,,2650,VO_BDS_GOL_BAD2,GOL_BAD2,
Baby Daisy,BDS,,2651,VO_BDS_GOL_BAD_END,GOL_BAD_END,
Baby Daisy,BDS,,2652,VO_BDS_STRM,STRM,
Baby Daisy,BDS,,2653,VO_BDS_STRM2,STRM2,
Baby Daisy,BDS,,2654,VO_BDS_STRM_END,STRM_END,
Baby Daisy,BDS,,2655,VO_BDS_NPC_STRM,NPC_STRM,yes
Toadette,KK,,959,VO_KK_SELECT_CHAR_01,SELECT_CHAR_01,
Toadette,KK,,960,VO_KK_SELECT_CHAR_02,SELECT_CHAR_02,
Toadette,KK,,961,VO_KK_SELECT_CHAR_END,SELECT_CHAR_END,
Toadette,KK,,1116,VO_KK_SELECT_TEAM_BLUE_01,SELECT_TEAM_BLUE_01,
Toadette,KK,,1117,VO_KK_SELECT_TEAM_RED_01,SELECT_TEAM_RED_01,
Toadette,KK,,2656,VO_KK_ATK,ATK,
Toadette,KK,,2657,VO_KK_ATK2,ATK2,
Toadette,KK,,2658,VO_KK_ATK_END,ATK_END,
Toadette,KK,,2659,VO_KK_DSH,DSH,
Toadette,KK,,2660,VO_KK_DSH2,DSH2,
Toadette,KK,,2661,VO_KK_DSH3,DSH3,
Toadette,KK,,2662,VO_KK_DSH4,DSH4,
Toadette,KK,,2663,VO_KK_DSH5,DSH5,
Toadette,KK,,2664,VO_KK_DSH_END,DSH_END,
Toadette,KK,,2665,VO_KK_JP_ACT,JP_ACT,
Toadette,KK,,2666,VO_KK_JP_ACT2,JP_ACT2,
Toadette,KK,,2667,VO_KK_JP_ACT_END,JP_ACT_END,
Toadette,KK,,2668,VO_KK_JP_L,JP_L,
Toadette,KK,,2669,VO_KK_JP_L2,JP_L2,
Toadette,KK,,2670,VO_KK_JP_L_END,JP_L_END,
Toadette,KK,,2671,VO_KK_JP_M,JP_M,
Toadette,KK,,2672,VO_KK_JP_M2,JP_M2,
Toadette,KK,,2673,VO_KK_JP_M_END,JP_M_END,
Toadette,KK,,2674,VO_KK_JP_S,JP_S,
Toadette,KK,,2675,VO_KK_JP_S2,JP_S2,
Toadette,KK,,2676,VO_KK_JP_S_END,JP_S_END,
Toadette,KK,,2677,VO_KK_LND_L,LND_L,
Toadette,KK,,2678,VO_KK_LND_L2,LND_L2,
Toadette,KK,,2679,VO_KK_LND_L_END,LND_L_END,
Toadette,KK,,2680,VO_KK_LND_S,LND_S,
Toadette,KK,,2681,VO_KK_LND_S2,LND_S2,
Toadette,KK,,2682,VO_KK_LND_S_END,LND_S_END,
Toadette,KK,,2683,VO_KK_STR_FAIL,STR_FAIL,
Toadette,KK,,2684,VO_KK_STR_FAIL2,STR_FAIL2,
Toadette,KK,,2685,VO_KK_STR_FAIL_END,STR_FAIL_END,
Toadette,KK,,2686,VO_KK_WLE,WLE,
Toadette,KK,,2687,VO_KK_WLE2,WLE2,
Toadette,KK,,2688,VO_KK_WLE_END,WLE_END,
Toadette,KK,,2689,VO_KK_WLE_FAIL,WLE_FAIL,
Toadette,KK,,2690,VO_KK_WLE_FAIL2,WLE_FAIL2,
Toadette,KK,,2691,VO_KK_WLE_FAIL_END,WLE_FAIL_END,
Toadette,KK,,2692,VO_KK_OVTAK,OVTAK,
Toadette,KK,,2693,VO_KK_OVTAK2,OVTAK2,
Toadette,KK,,2694,VO_KK_OVTAK_END,OVTAK_END,
Toadette,KK,,2695,VO_KK_DMG_L,DMG_L,
Toadette,KK,,2696,VO_KK_DMG_L2,DMG_L2,
Toadette,KK,,2697,VO_KK_DMG_L_END,DMG_L_END,
Toadette,KK,,2698,VO_KK_DMG_M,DMG_M,
Toadette,KK,,2699,VO_KK_DMG_M2,DMG_M2,
Toadette,KK,,2700,VO_KK_DMG_M_END,DMG_M_END,
Toadette,KK,,2701,VO_KK_DMG_S,DMG_S,
Toadette,KK,,2702,VO_KK_DMG_S2,DMG_S2,
Toadette,KK,,2703,VO_KK_DMG_S_END,DMG_S_END,
Toadette,KK,,2704,VO_KK_DMG_SPN,DMG_SPN,
Toadette,KK,,2705,VO_KK_DMG_SPN2,DMG_SPN2,
Toadette,KK,,2706,VO_KK_DMG_SPN_END,DMG_SPN_END,
Toadette,KK,,2707,VO_KK_DMG_FRE,DMG_FRE,
Toadette,KK,,2708,VO_KK_DMG_FRE2,DMG_FRE2,
Toadette,KK,,2709,VO_KK_DMG_FRE_END,DMG_FRE_END,
Toadette,KK,,2710,VO_KK_FAL,FAL,
Toadette,KK,,2711,VO_KK_FAL2,FAL2,
Toadette,KK,,2712,VO_KK_FAL_END,FAL_END,
Toadette,KK,,2713,VO_KK_FAL_W,FAL_W,
Toadette,KK,,2714,VO_KK_FAL_W2,FAL_W2,
Toadette,KK,,2715,VO_KK_FAL_W_END,FAL_W_END,
Toadette,KK,,2716,VO_KK_RET,RET,
Toadette,KK,,2717,VO_KK_RET2,RET2,
Toadette,KK,,2718,VO_KK_RET_END,RET_END,
Toadette,KK,,2719,VO_KK_RET_W,RET_W,
Toadette,KK,,2720,VO_KK_RET_W2,RET_W2,
Toadette,KK,,2721,VO_KK_RET_W_END,RET_W_END,
Toadette,KK,,2722,VO_KK_ITM_PUT,ITM_PUT,
Toadette,KK,,2723,VO_KK_ITM_PUT2,ITM_PUT2,
Toadette,KK,,2724,VO_KK_ITM_PUT_END,ITM_PUT_END,
Toadette,KK,,2725,VO_KK_ITM_TRW,ITM_TRW,
Toadette,KK,,2726,VO_KK_ITM_TRW2,ITM_TRW2,
Toadette,KK,,2727,VO_KK_ITM_TRW_END,ITM_TRW_END,
Toadette,KK,,2728,VO_KK_ITM_SCES,ITM_SCES,
Toadette,KK,,2729,VO_KK_ITM_SCES2,ITM_SCES2,
Toadette,KK,,2730,VO_KK_ITM_SCES_END,ITM_SCES_END,
Toadette,KK,,2731,VO_KK_ITM_PWUP,ITM_PWUP,
Toadette,KK,,2732,VO_KK_ITM_PWUP2,ITM_PWUP2,
Toadette,KK,,2733,VO_KK_ITM_PWUP_END,ITM_PWUP_END,
Toadette,KK,,2734,VO_KK_CAN,CAN,
Toadette,KK,,2735,VO_KK_CAN2,CAN2,
Toadette,KK,,2736,VO_KK_CAN_END,CAN_END,
Toadette,KK,,2737,VO_KK_NPC_ATK,NPC_ATK,yes
Toadette,KK,,2738,VO_KK_NPC_ATK2,NPC_ATK2,yes
Toadette,KK,,2739,VO_KK_NPC_ATK_3,NPC_ATK_3,yes
Toadette,KK,,2740,VO_KK_NPC_ATK_4,NPC_ATK_4,yes
Toadette,KK,,2741,VO_KK_NPC_ATK_END,NPC_ATK_END,yes
Toadette,KK,,2742,VO_KK_NPC_DSH,NPC_DSH,yes
Toadette,KK,,2743,VO_KK_NPC_DSH2,NPC_DSH2,yes
Toadette,KK,,2744,VO_KK_NPC_DSH3,NPC_DSH3,yes
Toadette,KK,,2745,VO_KK_NPC_DSH4,NPC_DSH4,yes
Toadette,KK,,2746,VO_KK_NPC_DSH5,NPC_DSH5,yes
Toadette,KK,,2747,VO_KK_NPC_DSH_END,NPC_DSH_END,yes
Toadette,KK,,2748,VO_KK_NPC_JP_M,NPC_JP_M,yes
Toadette,KK,,2749,VO_KK_NPC_JP_M2,NPC_JP_M2,yes
Toadette,KK,,2750,VO_KK_NPC_JP_M_END,NPC_JP_M_END,yes
Toadette,KK,,2751,VO_KK_NPC_WLE_FAIL,NPC_WLE_FAIL,yes
Toadette,KK,,2752,VO_KK_NPC_WLE_FAIL2,NPC_WLE_FAIL2,yes
Toadette,KK,,2753,VO_KK_NPC_WLE_FAIL_END,NPC_WLE_FAIL_END,yes
Toadette,KK,,2754,VO_KK_NPC_OVTAK,NPC_OVTAK,yes
Toadette,KK,,2755,VO_KK_NPC_OVTAK2,NPC_OVTAK2,yes
Toadette,KK,,2756,VO_KK_NPC_OVTAK_END,NPC_OVTAK_END,yes
Toadette,KK,,2757,VO_KK_NPC_DMG_L,NPC_DMG_L,yes
Toadette,KK,,2758,VO_KK_NPC_DMG_L2,NPC_DMG_L2,yes
Toadette,KK,,2759,VO_KK_NPC_DMG_L_END,NPC_DMG_L_END,yes
Toadette,KK,,2760,VO_KK_NPC_DMG_S,NPC_DMG_S,yes
Toadette,KK,,2761,VO_KK_NPC_DMG_S2,NPC_DMG_S2,yes
Toadette,KK,,2762,VO_KK_NPC_DMG_S_END,NPC_DMG_S_END,yes
Toadette,KK,,2763,VO_KK_NPC_DMG_SPN,NPC_DMG_SPN,yes
Toadette,KK,,2764,VO_KK_NPC_DMG_SPN2,NPC_DMG_SPN2,yes
Toadette,KK,,2765,VO_KK_NPC_DMG_SPN_END,NPC_DMG_SPN_END,yes
Toadette,KK,,2766,VO_KK_NPC_FAL,NPC_FAL,yes
Toadette,KK,,2767,VO_KK_NPC_FAL_W,NPC_FAL_W,yes
Toadette,KK,,2768,VO_KK_NPC_RET,NPC_RET,yes
Toadette,KK,,2769,VO_KK_NPC_ITM_SCES,NPC_ITM_SCES,yes
Toadette,KK,,2770,VO_KK_NPC_ITM_PWUP,NPC_ITM_PWUP,yes
Toadette,KK,,2771,VO_KK_NPC_CAN,NPC_CAN,yes
Toadette,KK,,2772,VO_KK_GOL_TOP,GOL_TOP,
Toadette,KK,,2773,VO_KK_GOL_TOP2,GOL_TOP2,
Toadette,KK,,2774,VO_KK_GOL_TOP_END,GOL_TOP_END,
Toadette,KK,,2775,VO_KK_GOL_GOD,GOL_GOD,
Toadette,KK,,2776,VO_KK_GOL_GOD2,GOL_GOD2,
Toadette,KK,,2777,VO_KK_GOL_GOD_END,GOL_GOD_END,
Toadette,KK,,2778,VO_KK_GOL_BAD,GOL_BAD,
Toadette,KK,,2779,VO_KK_GOL_BAD2,GOL_BAD2,
Toadette,KK,,2780,VO_KK_GOL_BAD_END,GOL_BAD_END,
Toadette,KK,,2781,VO_KK_GOL_TA_TOP,GOL_TA_TOP,
Toadette,KK,,2782,VO_KK_GOL_TA_TOP_END,GOL_TA_TOP_END,
Toadette,KK,,2783,VO_KK_STRM,STRM,
Toadette,KK,,2784,VO_KK_STRM2,STRM2,
Toadette,KK,,2785,VO_KK_STRM_END,STRM_END,
Toadette,KK,,2786,VO_KK_NPC_STRM,NPC_STRM,yes
Toad,KO,,962,VO_KO_SELECT_CHAR_01,SELECT_CHAR_01,
Toad,KO,,963,VO_KO_SELECT_CHAR_02,SELECT_CHAR_02,
Toad,KO,,964,VO_KO_SELECT_CHAR_END,SELECT_CHAR_END,
Toad,KO,,1118,VO_KO_SELECT_TEAM_BLUE_01,SELECT_TEAM_BLUE_01,
Toad,KO,,1119,VO_KO_SELECT_TEAM_RED_01,SELECT_TEAM_RED_01,
Toad,KO,,2787,VO_KO_ATK,ATK,
Toad,KO,,2788,VO_KO_ATK2,ATK2,
Toad,KO,,2789,VO_KO_ATK_END,ATK_END,
Toad,KO,,2790,VO_KO_DSH,DSH,
Toad,KO,,2791,VO_KO_DSH2,DSH2,
Toad,KO,,2792,VO_KO_DSH3,DSH3,
Toad,KO,,2793,VO_KO_DSH4,DSH4,
Toad,KO,,2794,VO_KO_DSH5,DSH5,
Toad,KO,,2795,VO_KO_DSH_END,DSH_END,
Toad,KO,,2796,VO_KO_JP_ACT,JP_ACT,
Toad,KO,,2797,VO_KO_JP_ACT2,JP_ACT2,
Toad,KO,,2798,VO_KO_JP_ACT_END,JP_ACT_END,
Toad,KO,,2799,VO_KO_JP_L,JP_L,
Toad,KO,,2800,VO_KO_JP_L2,JP_L2,
Toad,KO,,2801,VO_KO_JP_L_END,JP_L_END,
Toad,KO,,2802,VO_KO_JP_M,JP_M,
Toad,KO,,2803,VO_KO_JP_M2,JP_M2,
Toad,KO,,2804,VO_KO_JP_M_END,JP_M_END,
Toad,KO,,2805,VO_KO_JP_S,JP_S,
Toad,KO,,2806,VO_KO_JP_S2,JP_S2,
Toad,KO,,2807,VO_KO_JP_S_END,JP_S_END,
Toad,KO,,2808,VO_KO_LND_L,LND_L,
Toad,KO,,2809,VO_KO_LND_L2,LND_L2,
Toad,KO,,2810,VO_KO_LND_L_END,LND_L_END,
Toad,KO,,2811,VO_KO_LND_S,LND_S,
Toad,KO,,2812,VO_KO_LND_S2,LND_S2,
Toad,KO,,2813,VO_KO_LND_S_END,LND_S_END,
Toad,KO,,2814,VO_KO_STR_FAIL,STR_FAIL,
Toad,KO,,2815,VO_KO_STR_FAIL2,STR_FAIL2,
Toad,KO,,2816,VO_KO_STR_FAIL_END,STR_FAIL_END,
Toad,KO,,2817,VO_KO_WLE,WLE,
Toad,KO,,2818,VO_KO_WLE2,WLE2,
Toad,KO,,2819,VO_KO_WLE_END,WLE_END,
Toad,KO,,2820,VO_KO_WLE_FAIL,WLE_FAIL,
Toad,KO,,2821,VO_KO_WLE_FAIL2,WLE_FAIL2,
Toad,KO,,2822,VO_KO_WLE_FAIL_END,WLE_FAIL_END,
Toad,KO,,2823,VO_KO_OVTAK,OVTAK,
Toad,KO,,2824,VO_KO_OVTAK2,OVTAK2,
Toad,KO,,2825,VO_KO_OVTAK_END,OVTAK_END,
Toad,KO,,2826,VO_KO_DMG_L,DMG_L,
Toad,KO,,2827,VO_KO_DMG_L2,DMG_L2,
Toad,KO,,2828,VO_KO_DMG_L_END,DMG_L_END,
Toad,KO,,2829,VO_KO_DMG_M,DMG_M,
Toad,KO,,2830,VO_KO_DMG_M2,DMG_M2,
Toad,KO,,2831,VO_KO_DMG_M_END,DMG_M_END,
Toad,KO,,2832,VO_KO_DMG_S,DMG_S,
Toad,KO,,2833,VO_KO_DMG_S2,DMG_S2,
Toad,KO,,2834,VO_KO_DMG_S_END,DMG_S_END,
Toad,KO,,2835,VO_KO_DMG_SPN,DMG_SPN,
Toad,KO,,2836,VO_KO_DMG_SPN2,DMG_SPN2,
Toad,KO,,2837,VO_KO_DMG_SPN_END,DMG_SPN_END,
Toad,KO,,2838,VO_KO_DMG_FRE,DMG_FRE,
Toad,KO,,2839,VO_KO_DMG_FRE2,DMG_FRE2,
Toad,KO,,2840,VO_KO_DMG_FRE_END,DMG_FRE_END,
Toad,KO,,2841,VO_KO_FAL,FAL,
Toad,KO,,2842,VO_KO_FAL2,FAL2,
Toad,KO,,2843,VO_KO_FAL_END,FAL_END,
Toad,KO,,2844,VO_KO_FAL_W,FAL_W,
Toad,KO,,2845,VO_KO_FAL_W2,FAL_W2,
Toad,KO,,2846,VO_KO_FAL_W_END,FAL_W_END,
Toad,KO,,2847,VO_KO_RET,RET,
Toad,KO,,2848,VO_KO_RET2,RET2,
Toad,KO,,2849,VO_KO_RET_END,RET_END,
Toad,KO,,2850,VO_KO_RET_W,RET_W,
Toad,KO,,2851,VO_KO_RET_W2,RET_W2,
Toad,KO,,2852,VO_KO_RET_W_END,RET_W_END,
Toad,KO,,2853,VO_KO_ITM_PUT,ITM_PUT,
Toad,KO,,2854,VO_KO_ITM_PUT2,ITM_PUT2,
Toad,KO,,2855,VO_KO_ITM_PUT_END,ITM_PUT_END,
Toad,KO,,2856,VO_KO_ITM_TRW,ITM_TRW,
Toad,KO,,2857,VO_KO_ITM_TRW2,ITM_TRW2,
Toad,KO,,2858,VO_KO_ITM_TRW3,ITM_TRW3,
Toad,KO,,2859,VO_KO_ITM_TRW_END,ITM_TRW_END,
Toad,KO,,2860,VO_KO_ITM_SCES,ITM_SCES,
Toad,KO,,2861,VO_KO_ITM_SCES2,ITM_SCES2,
Toad,KO,,2862,VO_KO_ITM_SCES_END,ITM_SCES_END,
Toad,KO,,2863,VO_KO_ITM_PWUP,ITM_PWUP,
Toad,KO,,2864,VO_KO_ITM_PWUP2,ITM_PWUP2,
Toad,KO,,2865,VO_KO_ITM_PWUP_END,ITM_PWUP_END,
Toad,KO,,2866,VO_KO_CAN,CAN,
Toad,KO,,2867,VO_KO_CAN2,CAN2,
Toad,KO,,2868,VO_KO_CAN_END,CAN_END,
Toad,KO,,2869,VO_KO_NPC_ATK,NPC_ATK,yes
Toad,KO,,2870,VO_KO_NPC_ATK2,NPC_ATK2,yes
Toad,KO,,2871,VO_KO_NPC_ATK_3,NPC_ATK_3,yes
Toad,KO,,2872,VO_KO_NPC_ATK_4,NPC_ATK_4,yes
Toad,KO,,2873,VO_KO_NPC_ATK_END,NPC_ATK_END,yes
Toad,KO,,2874,VO_KO_NPC_DSH,NPC_DSH,yes
Toad,KO,,2875,VO_KO_NPC_DSH2,NPC_DSH2,yes
Toad,KO,,2876,VO_KO_NPC_DSH3,NPC_DSH3,yes
Toad,KO,,2877,VO_KO_NPC_DSH4,NPC_DSH4,yes
Toad,KO,,2878,VO_KO_NPC_DSH5,NPC_DSH5,yes
Toad,KO,,2879,VO_KO_NPC_DSH_END,NPC_DSH_END,yes
Toad,KO,,2880,VO_KO_NPC_JP_M,NPC_JP_M,yes
Toad,KO,,2881,VO_KO_NPC_JP_M2,NPC_JP_M2,yes
Toad,KO,,2882,VO_KO_NPC_JP_M_END,NPC_JP_M_END,yes
Toad,KO,,2883,VO_KO_NPC_WLE_FAIL,NPC_WLE_FAIL,yes
Toad,KO,,2884,VO_KO_NPC_WLE_FAIL2,NPC_WLE_FAIL2,yes
Toad,KO,,2885,VO_KO_NPC_WLE_FAIL_END,NPC_WLE_FAIL_END,yes
Toad,KO,,2886,VO_KO_NPC_OVTAK,NPC_OVTAK,yes
Toad,KO,,2887,VO_KO_NPC_OVTAK2,NPC_OVTAK2,yes
Toad,KO,,2888,VO_KO_NPC_OVTAK_END,NPC_OVTAK_END,yes
Toad,KO,,2889,VO_KO_NPC_DMG_L,NPC_DMG_L,yes
Toad,KO,,2890,VO_KO_NPC_DMG_L2,NPC_DMG_L2,yes
Toad,KO,,2891,VO_KO_NPC_DMG_L_END,NPC_DMG_L_END,yes
Toad,KO,,2892,VO_KO_NPC_DMG_S,NPC_DMG_S,yes
Toad,KO,,2893,VO_KO_NPC_DMG_S2,NPC_DMG_S2,yes
Toad,KO,,2894,VO_KO_NPC_DMG_S_END,NPC_DMG_S_END,yes
Toad,KO,,2895,VO_KO_NPC_DMG_SPN,NPC_DMG_SPN,yes
Toad,KO,,2896,VO_KO_NPC_DMG_SPN2,NPC_DMG_SPN2,yes
Toad,KO,,2897,VO_KO_NPC_DMG_SPN_END,NPC_DMG_SPN_END,yes
Toad,KO,,2898,VO_KO_NPC_FAL,NPC_FAL,yes
Toad,KO,,2899,VO_KO_NPC_FAL_W,NPC_FAL_W,yes
Toad,KO,,2900,VO_KO_NPC_RET,NPC_RET,yes
Toad,KO,,2901,VO_KO_NPC_ITM_SCES,NPC_ITM_SCES,yes
Toad,KO,,2902,VO_KO_NPC_ITM_PWUP,NPC_ITM_PWUP,yes
Toad,KO,,2903,VO_KO_NPC_CAN,NPC_CAN,yes
Toad,KO,,2904,VO_KO_GOL_TOP,GOL_TOP,
Toad,KO,,2905,VO_KO_GOL_TOP2,GOL_TOP2,
Toad,KO,,2906,VO_KO_GOL_TOP_END,GOL_TOP_END,
Toad,KO,,2907,VO_KO_GOL_GOD,GOL_GOD,
Toad,KO,,2908,VO_KO_GOL_GOD2,GOL_GOD2,
Toad,KO,,2909,VO_KO_GOL_GOD_END,GOL_GOD_END,
Toad,KO,,2910,VO_KO_GOL_BAD,GOL_BAD,
Toad,KO,,2911,VO_KO_GOL_BAD2,GOL_BAD2,
Toad,KO,,2912,VO_KO_GOL_BAD_END,GOL_BAD_END,
Toad,KO,,2913,VO_KO_GOL_TA_TOP,GOL_TA_TOP,
Toad,KO,,2914,VO_KO_GOL_TA_TOP2,GOL_TA_TOP2,
Toad,KO,,2915,VO_KO_GOL_TA_TOP_END,GOL_TA_TOP_END,
Toad,KO,,2916,VO_KO_STRM,STRM,
Toad,KO,,2917,VO_KO_STRM2,STRM2,
Toad,KO,,2918,VO_KO_STRM_END,STRM_END,
Toad,KO,,2919,VO_KO_NPC_STRM,NPC_STRM,yes
Dry Bones,KA,,965,VO_KA_SELECT_CHAR_01,SELECT_CHAR_01,
Dry Bones,KA,,966,VO_KA_SELECT_CHAR_02,SELECT_CHAR_02,
Dry Bones,KA,,967,VO_KA_SELECT_CHAR_END,SELECT_CHAR_END,
Dry Bones,KA,,2920,VO_KA_DSH,DSH,
Dry Bones,KA,,2921,VO_KA_DSH2,DSH2,
Dry Bones,KA,,2922,VO_KA_DSH3,DSH3,
Dry Bones,KA,,2923,VO_KA_DSH4,DSH4,
Dry Bones,KA,,2924,VO_KA_DSH5,DSH5,
Dry Bones,KA,,2925,VO_KA_DSH_END,DSH_END,
Dry Bones,KA,,2926,VO_KA_JP_ACT,JP_ACT,
Dry Bones,KA,,2927,VO_KA_JP_ACT2,JP_ACT2,
Dry Bones,KA,,2928,VO_KA_JP_ACT3,JP_ACT3,
Dry Bones,KA,,2929,VO_KA_JP_ACT_04,JP_ACT_04,
Dry Bones,KA,,2930,VO_KA_JP_ACT_05,JP_ACT_05,
Dry Bones,KA,,2931,VO_KA_JP_ACT_END,JP_ACT_END,
Dry Bones,KA,,2932,VO_KA_JP_M,JP_M,
Dry Bones,KA,,2933,VO_KA_JP_M2,JP_M2,
Dry Bones,KA,,2934,VO_KA_JP_M3,JP_M3,
Dry Bones,KA,,2935,VO_KA_JP_M_04,JP_M_04,
Dry Bones,KA,,2936,VO_KA_JP_M_05,JP_M_05,
Dry Bones,KA,,2937,VO_KA_JP_M_END,JP_M_END,
Dry Bones,KA,,2938,VO_KA_STRM,STRM,
Dry Bones,KA,,2939,VO_KA_STRM2,STRM2,
Dry Bones,KA,,2940,VO_KA_STRM_END,STRM_END,
Dry Bones,KA,,2941,VO_KA_DMG_L,DMG_L,
Dry Bones,KA,,2942,VO_KA_DMG_L2,DMG_L2,
Dry Bones,KA,,2943,VO_KA_DMG_L3,DMG_L3,
Dry Bones,KA,,2944,VO_KA_DMG_L_END,DMG_L_END,
Dry Bones,KA,,2945,VO_KA_DMG_S,DMG_S,
Dry Bones,KA,,2946,VO_KA_DMG_S2,DMG_S2,
Dry Bones,KA,,2947,VO_KA_DMG_S_END,DMG_S_END,
Dry Bones,KA,,2948,VO_KA_DMG_SPN,DMG_SPN,
Dry Bones,KA,,2949,VO_KA_DMG_SPN2,DMG_SPN2,
Dry Bones,KA,,2950,VO_KA_DMG_SPN_END,DMG_SPN_END,
Dry Bones,KA,,2951,VO_KA_FAL,FAL,
Dry Bones,KA,,2952,VO_KA_FAL2,FAL2,
Dry Bones,KA,,2953,VO_KA_FAL_END,FAL_END,
Dry Bones,KA,,2954,VO_KA_FAL_W,FAL_W,
Dry Bones,KA,,2955,VO_KA_FAL_W2,FAL_W2,
Dry Bones,KA,,2956,VO_KA_FAL_W_END,FAL_W_END,
Dry Bones,KA,,2957,VO_KA_RET,RET,
Dry Bones,KA,,2958,VO_KA_RET2,RET2,
Dry Bones,KA,,2959,VO_KA_RET_END,RET_END,
Dry Bones,KA,,2960,VO_KA_ITM_PUT,ITM_PUT,
Dry Bones,KA,,2961,VO_KA_ITM_PUT2,ITM_PUT2,
Dry Bones,KA,,2962,VO_KA_ITM_PUT3,ITM_PUT3,
Dry Bones,KA,,2963,VO_KA_ITM_PUT_04,ITM_PUT_04,
Dry Bones,KA,,2964,VO_KA_ITM_PUT_05,ITM_PUT_05,
Dry Bones,KA,,2965,VO_KA_ITM_PUT_END,ITM_PUT_END,
Dry Bones,KA,,2966,VO_KA_ITM_SCES,ITM_SCES,
Dry Bones,KA,,2967,VO_KA_ITM_SCES2,ITM_SCES2,
Dry Bones,KA,,2968,VO_KA_ITM_SCES3,ITM_SCES3,
Dry Bones,KA,,2969,VO_KA_ITM_SCES_04,ITM_SCES_04,
Dry Bones,KA,,2970,VO_KA_ITM_SCES_05,ITM_SCES_05,
Dry Bones,KA,,2971,VO_KA_ITM_SCES_END,ITM_SCES_END,
Koopa Troopa,NK,,968,VO_NK_SELECT_CHAR_01,SELECT_CHAR_01,
Koopa Troopa,NK,,969,VO_NK_SELECT_CHAR_02,SELECT_CHAR_02,
Koopa Troopa,NK,,970,VO_NK_SELECT_CHAR_END,SELECT_CHAR_END,
Koopa Troopa,NK,,2972,VO_NK_DSH,DSH,
Koopa Troopa,NK,,2973,VO_NK_DSH2,DSH2,
Koopa Troopa,NK,,2974,VO_NK_DSH3,DSH3,
Koopa Troopa,NK,,2975,VO_NK_DSH4,DSH4,
Koopa Troopa,NK,,2976,VO_NK_DSH5,DSH5,
Koopa Troopa,NK,,2977,VO_NK_DSH_END,DSH_END,
Koopa Troopa,NK,,2978,VO_NK_JP_ACT,JP_ACT,
Koopa Troopa,NK,,2979,VO_NK_JP_ACT2,JP_ACT2,
Koopa Troopa,NK,,2980,VO_NK_JP_ACT3,JP_ACT3,
Koopa Troopa,NK,,2981,VO_NK_JP_ACT_04,JP_ACT_04,
Koopa Troopa,NK,,2982,VO_NK_JP_ACT_05,JP_ACT_05,
Koopa Troopa,NK,,2983,VO_NK_JP_ACT_END,JP_ACT_END,
Koopa Troopa,NK,,2984,VO_NK_JP_M,JP_M,
Koopa Troopa,NK,,2985,VO_NK_JP_M2,JP_M2,
Koopa Troopa,NK,,2986,VO_NK_JP_M3,JP_M3,
Koopa Troopa,NK,,2987,VO_NK_JP_M_04,JP_M_04,
Koopa Troopa,NK,,2988,VO_NK_JP_M_05,JP_M_05,
Koopa Troopa,NK,,2989,VO_NK_JP_M_END,JP_M_END,
Koopa Troopa,NK,,2990,VO_NK_STRM,STRM,
Koopa Troopa,NK,,2991,VO_NK_STRM2,STRM2,
Koopa Troopa,NK,,2992,VO_NK_STRM_END,STRM_END,
Koopa Troopa,NK,,2993,VO_NK_OVTAK,OVTAK,
Koopa Troopa,NK,,2994,VO_NK_OVTAK2,OVTAK2,
Koopa Troopa,NK,,2995,VO_NK_OVTAK_END,OVTAK_END,
Koopa Troopa,NK,,2996,VO_NK_DMG_L,DMG_L,
Koopa Troopa,NK,,2997,VO_NK_DMG_L2,DMG_L2,
Koopa Troopa,NK,,2998,VO_NK_DMG_L3,DMG_L3,
Koopa Troopa,NK,,2999,VO_NK_DMG_L_END,DMG_L_END,
Koopa Troopa,NK,,3000,VO_NK_DMG_S,DMG_S,
Koopa Troopa,NK,,3001,VO_NK_DMG_S2,DMG_S2,
Koopa Troopa,NK,,3002,VO_NK_DMG_S_END,DMG_S_END,
Koopa Troopa,NK,,3003,VO_NK_DMG_SPN,DMG_SPN,
Koopa Troopa,NK,,3004,VO_NK_DMG_SPN2,DMG_SPN2,
Koopa Troopa,NK,,3005,VO_NK_DMG_SPN_END,DMG_SPN_END,
Koopa Troopa,NK,,3006,VO_NK_FAL,FAL,
Koopa Troopa,NK,,3007,VO_NK_FAL_END,FAL_END,
Koopa Troopa,NK,,3008,VO_NK_FAL_W,FAL_W,
Koopa Troopa,NK,,3009,VO_NK_FAL_W_END,FAL_W_END,
Koopa Troopa,NK,,3010,VO_NK_RET,RET,
Koopa Troopa,NK,,3011,VO_NK_RET2,RET2,
Koopa Troopa,NK,,3012,VO_NK_RET_END,RET_END,
Koopa Troopa,NK,,3013,VO_NK_ITM_PUT,ITM_PUT,
Koopa Troopa,NK,,3014,VO_NK_ITM_PUT2,ITM_PUT2,
Koopa Troopa,NK,,3015,VO_NK_ITM_PUT_END,ITM_PUT_END,
Koopa Troopa,NK,,3016,VO_NK_ITM_SCES,ITM_SCES,
Koopa Troopa,NK,,3017,VO_NK_ITM_SCES2,ITM_SCES2,
Koopa Troopa,NK,,3018,VO_NK_ITM_SCES_END,ITM_SCES_END,
Wario,WR,,971,VO_WR_SELECT_CHAR_01,SELECT_CHAR_01,
Wario,WR,,972,VO_WR_SELECT_CHAR_02,SELECT_CHAR_02,
Wario,WR,,973,VO_WR_SELECT_CHAR_END,SELECT_CHAR_END,
Wario,WR,,1094,VO_WR_SELECT_KART_01,SELECT_KART_01,
Wario,WR,,1095,VO_WR_SELECT_KART_02,SELECT_KART_02,
Wario,WR,,1096,VO_WR_SELECT_KART_END,SELECT_KART_END,
Wario,WR,,1120,VO_WR_SELECT_TEAM_BLUE_01,SELECT_TEAM_BLUE_01,
Wario,WR,,1121,VO_WR_SELECT_TEAM_RED_01,SELECT_TEAM_RED_01,
Wario,WR,,3019,VO_WR_ATK,ATK,
Wario,WR,,3020,VO_WR_ATK2,ATK2,
Wario,WR,,3021,VO_WR_ATK_END,ATK_END,
Wario,WR,,3022,VO_WR_DSH,DSH,
Wario,WR,,3023,VO_WR_DSH2,DSH2,
Wario,WR,,3024,VO_WR_DSH3,DSH3,
Wario,WR,,3025,VO_WR_DSH4,DSH4,
Wario,WR,,3026,VO_WR_DSH5,DSH5,
Wario,WR,,3027,VO_WR_DSH_END,DSH_END,
Wario,WR,,3028,VO_WR_JP_ACT,JP_ACT,
Wario,WR,,3029,VO_WR_JP_ACT2,JP_ACT2,
Wario,WR,,3030,VO_WR_JP_ACT_END,JP_ACT_END,
Wario,WR,,3031,VO_WR_JP_L,JP_L,
Wario,WR,,3032,VO_WR_JP_L2,JP_L2,
Wario,WR,,3033,VO_WR_JP_L_END,JP_L_END,
Wario,WR,,3034,VO_WR_JP_M,JP_M,
Wario,WR,,3035,VO_WR_JP_M2,JP_M2,
Wario,WR,,3036,VO_WR_JP_M_END,JP_M_END,
Wario,WR,,3037,VO_WR_JP_S,JP_S,
Wario,WR,,3038,VO_WR_JP_S2,JP_S2,
Wario,WR,,3039,VO_WR_JP_S_END,JP_S_END,
Wario,WR,,3040,VO_WR_LND_L,LND_L,
Wario,WR,,3041,VO_WR_LND_L2,LND_L2,
Wario,WR,,3042,VO_WR_LND_L_END,LND_L_END,
Wario,WR,,3043,VO_WR_LND_S,LND_S,
Wario,WR,,3044,VO_WR_LND_S2,LND_S2,
Wario,WR,,3045,VO_WR_LND_S_END,LND_S_END,
Wario,WR,,3046,VO_WR_STR_FAIL,STR_FAIL,
Wario,WR,,3047,VO_WR_STR_FAIL2,STR_FAIL2,
Wario,WR,,3048,VO_WR_STR_FAIL_END,STR_FAIL_END,
Wario,WR,,3049,VO_WR_WLE,WLE,
Wario,WR,,3050,VO_WR_WLE2,WLE2,
Wario,WR,,3051,VO_WR_WLE_END,WLE_END,
Wario,WR,,3052,VO_WR_WLE_FAIL,WLE_FAIL,
Wario,WR,,3053,VO_WR_WLE_FAIL2,WLE_FAIL2,
Wario,WR,,3054,VO_WR_WLE_FAIL_END,WLE_FAIL_END,
Wario,WR,,3055,VO_WR_OVTAK,OVTAK,
Wario,WR,,3056,VO_WR_OVTAK2,OVTAK2,
Wario,WR,,3057,VO_WR_OVTAK_END,OVTAK_END,
Wario,WR,,3058,VO_WR_DMG_L,DMG_L,
Wario,WR,,3059,VO_WR_DMG_L2,DMG_L2,
Wario,WR,,3060,VO_WR_DMG_L_END,DMG_L_END,
Wario,WR,,3061,VO_WR_DMG_M,DMG_M,
Wario,WR,,3062,VO_WR_DMG_M2,DMG_M2,
Wario,WR,,3063,VO_WR_DMG_M_END,DMG_M_END,
Wario,WR,,3064,VO_WR_DMG_S,DMG_S,
Wario,WR,,3065,VO_WR_DMG_S2,DMG_S2,
Wario,WR,,3066,VO_WR_DMG_S_END,DMG_S_END,
Wario,WR,,3067,VO_WR_DMG_SPN,DMG_SPN,
Wario,WR,,3068,VO_WR_DMG_SPN2,DMG_SPN2,
Wario,WR,,3069,VO_WR_DMG_SPN_END,DMG_SPN_END,
Wario,WR,,3070,VO_WR_DMG_FRE,DMG_FRE,
Wario,WR,,3071,VO_WR_DMG_FRE2,DMG_FRE2,
Wario,WR,,3072,VO_WR_DMG_FRE_END,DMG_FRE_END,
Wario,WR,,3073,VO_WR_FAL,FAL,
Wario,WR,,3074,VO_WR_FAL2,FAL2,
Wario,WR,,3075,VO_WR_FAL_END,FAL_END,
Wario,WR,,3076,VO_WR_FAL_W,FAL_W,
Wario,WR,,3077,VO_WR_FAL_W2,FAL_W2,
Wario,WR,,3078,VO_WR_FAL_W_END,FAL_W_END,
Wario,WR,,3079,VO_WR_RET,RET,
Wario,WR,,3080,VO_WR_RET2,RET2,
Wario,WR,,3081,VO_WR_RET_END,RET_END,
Wario,WR,,3082,VO_WR_RET_W,RET_W,
Wario,WR,,3083,VO_WR_RET_W2,RET_W2,
Wario,WR,,3084,VO_WR_RET_W_END,RET_W_END,
Wario,WR,,3085,VO_WR_ITM_PUT,ITM_PUT,
Wario,WR,,3086,VO_WR_ITM_PUT2,ITM_PUT2,
Wario,WR,,3087,VO_WR_ITM_PUT_END,ITM_PUT_END,
Wario,WR,,3088,VO_WR_ITM_TRW,ITM_TRW,
Wario,WR,,3089,VO_WR_ITM_TRW2,ITM_TRW2,
Wario,WR,,3090,VO_WR_ITM_TRW_END,ITM_TRW_END,
Wario,WR,,3091,VO_WR_ITM_SCES,ITM_SCES,
Wario,WR,,3092,VO_WR_ITM_SCES2,ITM_SCES2,
Wario,WR,,3093,VO_WR_ITM_SCES_END,ITM_SCES_END,
Wario,WR,,3094,VO_WR_ITM_PWUP,ITM_PWUP,
Wario,WR,,3095,VO_WR_ITM_PWUP2,ITM_PWUP2,
Wario,WR,,3096,VO_WR_ITM_PWUP_END,ITM_PWUP_END,
Wario,WR,,3097,VO_WR_CAN,CAN,
Wario,WR,,3098,VO_WR_CAN2,CAN2,
Wario,WR,,3099,VO_WR_CAN_END,CAN_END,
Wario,WR,,3100,VO_WR_NPC_ATK,NPC_ATK,yes
Wario,WR,,3101,VO_WR_NPC_ATK2,NPC_ATK2,yes
Wario,WR,,3102,VO_WR_NPC_ATK_3,NPC_ATK_3,yes
Wario,WR,,3103,VO_WR_NPC_ATK_4,NPC_ATK_4,yes
Wario,WR,,3104,VO_WR_NPC_ATK_END,NPC_ATK_END,yes
Wario,WR,,3105,VO_WR_NPC_DSH,NPC_DSH,yes
Wario,WR,,3106,VO_WR_NPC_DSH2,NPC_DSH2,yes
Wario,WR,,3107,VO_WR_NPC_DSH3,NPC_DSH3,yes
Wario,WR,,3108,VO_WR_NPC_DSH4,NPC_DSH4,yes
Wario,WR,,3109,VO_WR_NPC_DSH5,NPC_DSH5,yes
Wario,WR,,3110,VO_WR_NPC_DSH_END,NPC_DSH_END,yes
Wario,WR,,3111,VO_WR_NPC_JP_M,NPC_JP_M,yes
Wario,WR,,3112,VO_WR_NPC_JP_M2,NPC_JP_M2,yes
Wario,WR,,3113,VO_WR_NPC_JP_M_END,NPC_JP_M_END,yes
Wario,WR,,3114,VO_WR_NPC_WLE_FAIL,NPC_WLE_FAIL,yes
Wario,WR,,3115,VO_WR_NPC_WLE_FAIL2,NPC_WLE_FAIL2,yes
Wario,WR,,3116,VO_WR_NPC_WLE_FAIL_END,NPC_WLE_FAIL_END,yes
Wario,WR,,3117,VO_WR_NPC_OVTAK,NPC_OVTAK,yes
Wario,WR,,3118,VO_WR_NPC_OVTAK2,NPC_OVTAK2,yes
Wario,WR,,3119,VO_WR_NPC_OVTAK_END,NPC_OVTAK_END,yes
Wario,WR,,3120,VO_WR_NPC_DMG_L,NPC_DMG_L,yes
Wario,WR,,3121,VO_WR_NPC_DMG_L2,NPC_DMG_L2,yes
Wario,WR,,3122,VO_WR_NPC_DMG_L_END,NPC_DMG_L_END,yes
Wario,WR,,3123,VO_WR_NPC_DMG_S,NPC_DMG_S,yes
Wario,WR,,3124,VO_WR_NPC_DMG_S2,NPC_DMG_S2,yes
Wario,WR,,3125,VO_WR_NPC_DMG_S_END,NPC_DMG_S_END,yes
Wario,WR,,3126,VO_WR_NPC_DMG_SPN,NPC_DMG_SPN,yes
Wario,WR,,3127,VO_WR_NPC_DMG_SPN2,NPC_DMG_SPN2,yes
Wario,WR,,3128,VO_WR_NPC_DMG_SPN_END,NPC_DMG_SPN_END,yes
Wario,WR,,3129,VO_WR_NPC_FAL,NPC_FAL,yes
Wario,WR,,3130,VO_WR_NPC_FAL_W,NPC_FAL_W,yes
Wario,WR,,3131,VO_WR_NPC_RET,NPC_RET,yes
Wario,WR,,3132,VO_WR_NPC_ITM_SCES,NPC_ITM_SCES,yes
Wario,WR,,3133,VO_WR_NPC_ITM_PWUP,NPC_ITM_PWUP,yes
Wario,WR,,3134,VO_WR_NPC_CAN,NPC_CAN,yes
Wario,WR,,3135,VO_WR_GOL_TOP,GOL_TOP,
Wario,WR,,3136,VO_WR_GOL_TOP2,GOL_TOP2,
Wario,WR,,3137,VO_WR_GOL_TOP_END,GOL_TOP_END,
Wario,WR,,3138,VO_WR_GOL_GOD,GOL_GOD,
Wario,WR,,3139,VO_WR_GOL_GOD2,GOL_GOD2,
Wario,WR,,3140,VO_WR_GOL_GOD_END,GOL_GOD_END,
Wario,WR,,3141,VO_WR_GOL_BAD,GOL_BAD,
Wario,WR,,3142,VO_WR_GOL_BAD2,GOL_BAD2,
Wario,WR,,3143,VO_WR_GOL_BAD_END,GOL_BAD_END,
Wario,WR,,3144,VO_WR_GOL_TA_TOP,GOL_TA_TOP,
Wario,WR,,3145,VO_WR_GOL_TA_TOP_END,GOL_TA_TOP_END,
Wario,WR,,3146,VO_WR_GOL_TA_GOD,GOL_TA_GOD,
Wario,WR,,3147,VO_WR_GOL_TA_GOD2,GOL_TA_GOD2,
Wario,WR,,3148,VO_WR_GOL_TA_BAD,GOL_TA_BAD,
Wario,WR,,3149,VO_WR_GOL_TA_BAD2,GOL_TA_BAD2,
Wario,WR,,3150,VO_WR_GOL_TA_BAD_END,GOL_TA_BAD_END,
Wario,WR,,3151,VO_WR_STRM,STRM,
Wario,WR,,3152,VO_WR_STRM2,STRM2,
Wario,WR,,3153,VO_WR_STRM_END,STRM_END,
Wario,WR,,3154,VO_WR_NPC_STRM,NPC_STRM,yes
Waluigi,WL,,974,VO_WL_SELECT_CHAR_01,SELECT_CHAR_01,
Waluigi,WL,,975,VO_WL_SELECT_CHAR_02,SELECT_CHAR_02,
Waluigi,WL,,976,VO_WL_SELECT_CHAR_END,SELECT_CHAR_END,
Waluigi,WL,,1097,VO_WL_SELECT_KART_01,SELECT_KART_01,
Waluigi,WL,,1098,VO_WL_SELECT_KART_02,SELECT_KART_02,
Waluigi,WL,,1099,VO_WL_SELECT_KART_END,SELECT_KART_END,
Waluigi,WL,,1122,VO_WL_SELECT_TEAM_BLUE_01,SELECT_TEAM_BLUE_01,
Waluigi,WL,,1123,VO_WL_SELECT_TEAM_RED_01,SELECT_TEAM_RED_01,
Waluigi,WL,,3155,VO_WL_ATK,ATK,
Waluigi,WL,,3156,VO_WL_ATK2,ATK2,
Waluigi,WL,,3157,VO_WL_ATK_END,ATK_END,
Waluigi,WL,,3158,VO_WL_DSH,DSH,
Waluigi,WL,,3159,VO_WL_DSH2,DSH2,
Waluigi,WL,,3160,VO_WL_DSH3,DSH3,
Waluigi,WL,,3161,VO_WL_DSH4,DSH4,
Waluigi,WL,,3162,VO_WL_DSH5,DSH5,
Waluigi,WL,,3163,VO_WL_DSH_END,DSH_END,
Waluigi,WL,,3164,VO_WL_JP_ACT,JP_ACT,
Waluigi,WL,,3165,VO_WL_JP_ACT2,JP_ACT2,
Waluigi,WL,,3166,VO_WL_JP_ACT_END,JP_ACT_END,
Waluigi,WL,,3167,VO_WL_JP_L,JP_L,
Waluigi,WL,,3168,VO_WL_JP_L2,JP_L2,
Waluigi,WL,,3169,VO_WL_JP_L_END,JP_L_END,
Waluigi,WL,,3170,VO_WL_JP_M,JP_M,
Waluigi,WL,,3171,VO_WL_JP_M2,JP_M2,
Waluigi,WL,,3172,VO_WL_JP_M_END,JP_M_END,
Waluigi,WL,,3173,VO_WL_JP_S,JP_S,
Waluigi,WL,,3174,VO_WL_JP_S2,JP_S2,
Waluigi,WL,,3175,VO_WL_JP_S_END,JP_S_END,
Waluigi,WL,,3176,VO_WL_LND_L,LND_L,
Waluigi,WL,,3177,VO_WL_LND_L2,LND_L2,
Waluigi,WL,,3178,VO_WL_LND_L_END,LND_L_END,
Waluigi,WL,,3179,VO_WL_LND_S,LND_S,
Waluigi,WL,,3180,VO_WL_LND_S2,LND_S2,
Waluigi,WL,,3181,VO_WL_LND_S_END,LND_S_END,
Waluigi,WL,,3182,VO_WL_STR_FAIL,STR_FAIL,
Waluigi,WL,,3183,VO_WL_STR_FAIL2,STR_FAIL2,
Waluigi,WL,,3184,VO_WL_STR_FAIL_END,STR_FAIL_END,
Waluigi,WL,,3185,VO_WL_WLE,WLE,
Waluigi,WL,,3186,VO_WL_WLE2,WLE2,
Waluigi,WL,,3187,VO_WL_WLE_END,WLE_END,
Waluigi,WL,,3188,VO_WL_WLE_FAIL,WLE_FAIL,
Waluigi,WL,,3189,VO_WL_WLE_FAIL2,WLE_FAIL2,
Waluigi,WL,,3190,VO_WL_WLE_FAIL_END,WLE_FAIL_END,
Waluigi,WL,,3191,VO_WL_OVTAK,OVTAK,
Waluigi,WL,,3192,VO_WL_OVTAK2,OVTAK2,
Waluigi,WL,,3193,VO_WL_OVTAK_END,OVTAK_END,
Waluigi,WL,,3194,VO_WL_DMG_L,DMG_L,
Waluigi,WL,,3195,VO_WL_DMG_L2,DMG_L2,
Waluigi,WL,,3196,VO_WL_DMG_L_END,DMG_L_END,
Waluigi,WL,,3197,VO_WL_DMG_M,DMG_M,
Waluigi,WL,,3198,VO_WL_DMG_M2,DMG_M2,
Waluigi,WL,,3199,VO_WL_DMG_M_END,DMG_M_END,
Waluigi,WL,,3200,VO_WL_DMG_S,DMG_S,
Waluigi,WL,,3201,VO_WL_DMG_S2,DMG_S2,
Waluigi,WL,,3202,VO_WL_DMG_S_END,DMG_S_END,
Waluigi,WL,,3203,VO_WL_DMG_SPN,DMG_SPN,
Waluigi,WL,,3204,VO_WL_DMG_SPN2,DMG_SPN2,
Waluigi,WL,,3205,VO_WL_DMG_SPN_END,DMG_SPN_END,
Waluigi,WL,,3206,VO_WL_DMG_FRE,DMG_FRE,
Waluigi,WL,,3207,VO_WL_DMG_FRE2,DMG_FRE2,
Waluigi,WL,,3208,VO_WL_DMG_FRE_END,DMG_FRE_END,
Waluigi,WL,,3209,VO_WL_FAL,FAL,
Waluigi,WL,,3210,VO_WL_FAL2,FAL2,
Waluigi,WL,,3211,VO_WL_FAL_END,FAL_END,
Waluigi,WL,,3212,VO_WL_FAL_W,FAL_W,
Waluigi,WL,,3213,VO_WL_FAL_W2,FAL_W2,
Waluigi,WL,,3214,VO_WL_FAL_W_END,FAL_W_END,
Waluigi,WL,,3215,VO_WL_RET,RET,
Waluigi,WL,,3216,VO_WL_RET2,RET2,
Waluigi,WL,,3217,VO_WL_RET_END,RET_END,
Waluigi,WL,,3218,VO_WL_RET_W,RET_W,
Waluigi,WL,,3219,VO_WL_RET_W2,RET_W2,
Waluigi,WL,,3220,VO_WL_RET_W_END,RET_W_END,
Waluigi,WL,,3221,VO_WL_ITM_PUT,ITM_PUT,
Waluigi,WL,,3222,VO_WL_ITM_PUT2,ITM_PUT2,
Waluigi,WL,,3223,VO_WL_ITM_PUT_END,ITM_PUT_END,
Waluigi,WL,,3224,VO_WL_ITM_TRW,ITM_TRW,
Waluigi,WL,,3225,VO_WL_ITM_TRW2,ITM_TRW2,
Waluigi,WL,,3226,VO_WL_ITM_TRW_END,ITM_TRW_END,
Waluigi,WL,,3227,VO_WL_ITM_SCES,ITM_SCES,
Waluigi,WL,,3228,VO_WL_ITM_SCES2,ITM_SCES2,
Waluigi,WL,,3229,VO_WL_ITM_SCES_END,ITM_SCES_END,
Waluigi,WL,,3230,VO_WL_ITM_PWUP,ITM_PWUP,
Waluigi,WL,,3231,VO_WL_ITM_PWUP2,ITM_PWUP2,
Waluigi,WL,,3232,VO_WL_ITM_PWUP_END,ITM_PWUP_END,
Waluigi,WL,,3233,VO_WL_CAN,CAN,
Waluigi,WL,,3234,VO_WL_CAN2,CAN2,
Waluigi,WL,,3235,VO_WL_CAN_END,CAN_END,
Waluigi,WL,,3236,VO_WL_NPC_ATK,NPC_ATK,yes
Waluigi,WL,,3237,VO_WL_NPC_ATK2,NPC_ATK2,yes
Waluigi,WL,,3238,VO_WL_NPC_ATK_3,NPC_ATK_3,yes
Waluigi,WL,,3239,VO_WL_NPC_ATK_4,NPC_ATK_4,yes
Waluigi,WL,,3240,VO_WL_NPC_ATK_END,NPC_ATK_END,yes
Waluigi,WL,,3241,VO_WL_NPC_DSH,NPC_DSH,yes
Waluigi,WL,,3242,VO_WL_NPC_DSH2,NPC_DSH2,yes
Waluigi,WL,,3243,VO_WL_NPC_DSH3,NPC_DSH3,yes
Waluigi,WL,,3244,VO_WL_NPC_DSH4,NPC_DSH4,yes
Waluigi,WL,,3245,VO_WL_NPC_DSH5,NPC_DSH5,yes
Waluigi,WL,,3246,VO_WL_NPC_DSH_END,NPC_DSH_END,yes
Waluigi,WL,,3247,VO_WL_NPC_JP_M,NPC_JP_M,yes
Waluigi,WL,,3248,VO_WL_NPC_JP_M2,NPC_JP_M2,yes
Waluigi,WL,,3249,VO_WL_NPC_JP_M_END,NPC_JP_M_END,yes
Waluigi,WL,,3250,VO_WL_NPC_WLE_FAIL,NPC_WLE_FAIL,yes
Waluigi,WL,,3251,VO_WL_NPC_WLE_FAIL2,NPC_WLE_FAIL2,yes
Waluigi,WL,,3252,VO_WL_NPC_WLE_FAIL_END,NPC_WLE_FAIL_END,yes
Waluigi,WL,,3253,VO_WL_NPC_OVTAK,NPC_OVTAK,yes
Waluigi,WL,,3254,VO_WL_NPC_OVTAK2,NPC_OVTAK2,yes
Waluigi,WL,,3255,VO_WL_NPC_OVTAK_END,NPC_OVTAK_END,yes
Waluigi,WL,,3256,VO_WL_NPC_DMG_L,NPC_DMG_L,yes
Waluigi,WL,,3257,VO_WL_NPC_DMG_L2,NPC_DMG_L2,yes
Waluigi,WL,,3258,VO_WL_NPC_DMG_L_END,NPC_DMG_L_END,yes
Waluigi,WL,,3259,VO_WL_NPC_DMG_S,NPC_DMG_S,yes
Waluigi,WL,,3260,VO_WL_NPC_DMG_S2,NPC_DMG_S2,yes
Waluigi,WL,,3261,VO_WL_NPC_DMG_S_END,NPC_DMG_S_END,yes
Waluigi,WL,,3262,VO_WL_NPC_DMG_SPN,NPC_DMG_SPN,yes
Waluigi,WL,,3263,VO_WL_NPC_DMG_SPN2,NPC_DMG_SPN2,yes
Waluigi,WL,,3264,VO_WL_NPC_DMG_SPN_END,NPC_DMG_SPN_END,yes
Waluigi,WL,,3265,VO_WL_NPC_FAL,NPC_FAL,yes
Waluigi,WL,,3266,VO_WL_NPC_FAL_W,NPC_FAL_W,yes
Waluigi,WL,,3267,VO_WL_NPC_RET,NPC_RET,yes
Waluigi,WL,,3268,VO_WL_NPC_ITM_SCES,NPC_ITM_SCES,yes
Waluigi,WL,,3269,VO_WL_NPC_ITM_PWUP,NPC_ITM_PWUP,yes
Waluigi,WL,,3270,VO_WL_NPC_CAN,NPC_CAN,yes
Waluigi,WL,,3271,VO_WL_GOL_TOP,GOL_TOP,
Waluigi,WL,,3272,VO_WL_GOL_TOP2,GOL_TOP2,
Waluigi,WL,,3273,VO_WL_GOL_TOP_END,GOL_TOP_END,
Waluigi,WL,,3274,VO_WL_GOL_GOD,GOL_GOD,
Waluigi,WL,,3275,VO_WL_GOL_GOD2,GOL_GOD2,
Waluigi,WL,,3276,VO_WL_GOL_GOD_END,GOL_GOD_END,
Waluigi,WL,,3277,VO_WL_GOL_BAD,GOL_BAD,
Waluigi,WL,,3278,VO_WL_GOL_BAD2,GOL_BAD2,
Waluigi,WL,,3279,VO_WL_GOL_BAD_END,GOL_BAD_END,
Waluigi,WL,,3280,VO_WL_GOL_TA_TOP,GOL_TA_TOP,
Waluigi,WL,,3281,VO_WL_GOL_TA_TOP_END,GOL_TA_TOP_END,
Waluigi,WL,,3282,VO_WL_GOL_TA_GOD,GOL_TA_GOD,
Waluigi,WL,,3283,VO_WL_GOL_TA_GOD_END,GOL_TA_GOD_END,
Waluigi,WL,,3284,VO_WL_GOL_TA_BAD,GOL_TA_BAD,
Waluigi,WL,,3285,VO_WL_GOL_TA_BAD2,GOL_TA_BAD2,
Waluigi,WL,,3286,VO_WL_GOL_TA_BAD_END,GOL_TA_BAD_END,
Waluigi,WL,,3287,VO_WL_STRM,STRM,
Waluigi,WL,,3288,VO_WL_STRM2,STRM2,
Waluigi,WL,,3289,VO_WL_STRM_END,STRM_END,
Waluigi,WL,,3290,VO_WL_NPC_STRM,NPC_STRM,yes
Bowser,KP,,977,VO_KP_SELECT_CHAR_01,SELECT_CHAR_01,
Bowser,KP,,978,VO_KP_SELECT_CHAR_02,SELECT_CHAR_02,
Bowser,KP,,979,VO_KP_SELECT_CHAR_END,SELECT_CHAR_END,
Bowser,KP,,1124,VO_KP_SELECT_TEAM_BLUE_01,SELECT_TEAM_BLUE_01,
Bowser,KP,,1125,VO_KP_SELECT_TEAM_RED_01,SELECT_TEAM_RED_01,
Bowser,KP,,3291,VO_KP_ATK,ATK,
Bowser,KP,,3292,VO_KP_ATK2,ATK2,
Bowser,KP,,3293,VO_KP_ATK_END,ATK_END,
Bowser,KP,,3294,VO_KP_DSH,DSH,
Bowser,KP,,3295,VO_KP_DSH2,DSH2,
Bowser,KP,,3296,VO_KP_DSH3,DSH3,
Bowser,KP,,3297,VO_KP_DSH4,DSH4,
Bowser,KP,,3298,VO_KP_DSH5,DSH5,
Bowser,KP,,3299,VO_KP_DSH_END,DSH_END,
Bowser,KP,,3300,VO_KP_JP_ACT,JP_ACT,
Bowser,KP,,3301,VO_KP_JP_ACT2,JP_ACT2,
Bowser,KP,,3302,VO_KP_JP_ACT_END,JP_ACT_END,
Bowser,KP,,3303,VO_KP_JP_L,JP_L,
Bowser,KP,,3304,VO_KP_JP_L2,JP_L2,
Bowser,KP,,3305,VO_KP_JP_L_END,JP_L_END,
Bowser,KP,,3306,VO_KP_JP_M,JP_M,
Bowser,KP,,3307,VO_KP_JP_M2,JP_M2,
Bowser,KP,,3308,VO_KP_JP_M_END,JP_M_END,
Bowser,KP,,3309,VO_KP_JP_S,JP_S,
Bowser,KP,,3310,VO_KP_JP_S2,JP_S2,
Bowser,KP,,3311,VO_KP_JP_S_END,JP_S_END,
Bowser,KP,,3312,VO_KP_LND_L,LND_L,
Bowser,KP,,3313,VO_KP_LND_L2,LND_L2,
Bowser,KP,,3314,VO_KP_LND_L_END,LND_L_END,
Bowser,KP,,3315,VO_KP_LND_S,LND_S,
Bowser,KP,,3316,VO_KP_LND_S2,LND_S2,
Bowser,KP,,3317,VO_KP_LND_S_END,LND_S_END,
Bowser,KP,,3318,VO_KP_STR_FAIL,STR_FAIL,
Bowser,KP,,3319,VO_KP_STR_FAIL2,STR_FAIL2,
Bowser,KP,,3320,VO_KP_STR_FAIL_END,STR_FAIL_END,
Bowser,KP,,3321,VO_KP_WLE,WLE,
Bowser,KP,,3322,VO_KP_WLE2,WLE2,
Bowser,KP,,3323,VO_KP_WLE_END,WLE_END,
Bowser,KP,,3324,VO_KP_WLE_FAIL,WLE_FAIL,
Bowser,KP,,3325,VO_KP_WLE_FAIL2,WLE_FAIL2,
Bowser,KP,,3326,VO_KP_WLE_FAIL_END,WLE_FAIL_END,
Bowser,KP,,3327,VO_KP_OVTAK,OVTAK,
Bowser,KP,,3328,VO_KP_OVTAK2,OVTAK2,
Bowser,KP,,3329,VO_KP_OVTAK_END,OVTAK_END,
Bowser,KP,,3330,VO_KP_DMG_L,DMG_L,
Bowser,KP,,3331,VO_KP_DMG_L2,DMG_L2,
Bowser,KP,,3332,VO_KP_DMG_L_END,DMG_L_END,
Bowser,KP,,3333,VO_KP_DMG_M,DMG_M,
Bowser,KP,,3334,VO_KP_DMG_M2,DMG_M2,
Bowser,KP,,3335,VO_KP_DMG_M_END,DMG_M_END,
Bowser,KP,,3336,VO_KP_DMG_S,DMG_S,
Bowser,KP,,3337,VO_KP_DMG_S2,DMG_S2,
Bowser,KP,,3338,VO_KP_DMG_S_END,DMG_S_END,
Bowser,KP,,3339,VO_KP_DMG_SPN,DMG_SPN,
Bowser,KP,,3340,VO_KP_DMG_SPN2,DMG_SPN2,
Bowser,KP,,3341,VO_KP_DMG_SPN_END,DMG_SPN_END,
Bowser,KP,,3342,VO_KP_DMG_FRE,DMG_FRE,
Bowser,KP,,3343,VO_KP_DMG_FRE2,DMG_FRE2,
Bowser,KP,,3344,VO_KP_DMG_FRE_END,DMG_FRE_END,
Bowser,KP,,3345,VO_KP_FAL,FAL,
Bowser,KP,,3346,VO_KP_FAL2,FAL2,
Bowser,KP,,3347,VO_KP_FAL_END,FAL_END,
Bowser,KP,,3348,VO_KP_FAL_W,FAL_W,
Bowser,KP,,3349,VO_KP_FAL_W2,FAL_W2,
Bowser,KP,,3350,VO_KP_FAL_W_END,FAL_W_END,
Bowser,KP,,3351,VO_KP_RET,RET,
Bowser,KP,,3352,VO_KP_RET2,RET2,
Bowser,KP,,3353,VO_KP_RET_END,RET_END,
Bowser,KP,,3354,VO_KP_RET_W,RET_W,
Bowser,KP,,3355,VO_KP_RET_W2,RET_W2,
Bowser,KP,,3356,VO_KP_RET_W_END,RET_W_END,
Bowser,KP,,3357,VO_KP_ITM_PUT,ITM_PUT,
Bowser,KP,,3358,VO_KP_ITM_PUT2,ITM_PUT2,
Bowser,KP,,3359,VO_KP_ITM_PUT_END,ITM_PUT_END,
Bowser,KP,,3360,VO_KP_ITM_TRW,ITM_TRW,
Bowser,KP,,3361,VO_KP_ITM_TRW2,ITM_TRW2,
Bowser,KP,,3362,VO_KP_ITM_TRW_END,ITM_TRW_END,
Bowser,KP,,3363,VO_KP_ITM_SCES,ITM_SCES,
Bowser,KP,,3364,VO_KP_ITM_SCES2,ITM_SCES2,
Bowser,KP,,3365,VO_KP_ITM_SCES_END,ITM_SCES_END,
Bowser,KP,,3366,VO_KP_ITM_PWUP,ITM_PWUP,
Bowser,KP,,3367,VO_KP_ITM_PWUP2,ITM_PWUP2,
Bowser,KP,,3368,VO_KP_ITM_PWUP_END,ITM_PWUP_END,
Bowser,KP,,3369,VO_KP_CAN,CAN,
Bowser,KP,,3370,VO_KP_CAN2,CAN2,
Bowser,KP,,3371,VO_KP_CAN_END,CAN_END,
Bowser,KP,,3372,VO_KP_NPC_ATK,NPC_ATK,yes
Bowser,KP,,3373,VO_KP_NPC_ATK2,NPC_ATK2,yes
Bowser,KP,,3374,VO_KP_NPC_ATK_3,NPC_ATK_3,yes
Bowser,KP,,3375,VO_KP_NPC_ATK_4,NPC_ATK_4,yes
Bowser,KP,,3376,VO_KP_NPC_ATK_END,NPC_ATK_END,yes
Bowser,KP,,3377,VO_KP_NPC_DSH,NPC_DSH,yes
Bowser,KP,,3378,VO_KP_NPC_DSH2,NPC_DSH2,yes
Bowser,KP,,3379,VO_KP_NPC_DSH3,NPC_DSH3,yes
Bowser,KP,,3380,VO_KP_NPC_DSH4,NPC_DSH4,yes
Bowser,KP,,3381,VO_KP_NPC_DSH5,NPC_DSH5,yes
Bowser,KP,,3382,VO_KP_NPC_DSH_END,NPC_DSH_END,yes
Bowser,KP,,3383,VO_KP_NPC_JP_M,NPC_JP_M,yes
Bowser,KP,,3384,VO_KP_NPC_JP_M2,NPC_JP_M2,yes
Bowser,KP,,3385,VO_KP_NPC_JP_M_END,NPC_JP_M_END,yes
Bowser,KP,,3386,VO_KP_NPC_WLE_FAIL,NPC_WLE_FAIL,yes
Bowser,KP,,3387,VO_KP_NPC_WLE_FAIL2,NPC_WLE_FAIL2,yes
Bowser,KP,,3388,VO_KP_NPC_WLE_FAIL_END,NPC_WLE_FAIL_END,yes
Bowser,KP,,3389,VO_KP_NPC_OVTAK,NPC_OVTAK,yes
Bowser,KP,,3390,VO_KP_NPC_OVTAK2,NPC_OVTAK2,yes
Bowser,KP,,3391,VO_KP_NPC_OVTAK_END,NPC_OVTAK_END,yes
Bowser,KP,,3392,VO_KP_NPC_DMG_L,NPC_DMG_L,yes
Bowser,KP,,3393,VO_KP_NPC_DMG_L2,NPC_DMG_L2,yes
Bowser,KP,,3394,VO_KP_NPC_DMG_L_END,NPC_DMG_L_END,yes
Bowser,KP,,3395,VO_KP_NPC_DMG_S,NPC_DMG_S,yes
Bowser,KP,,3396,VO_KP_NPC_DMG_S2,NPC_DMG_S2,yes
Bowser,KP,,3397,VO_KP_NPC_DMG_S_END,NPC_DMG_S_END,yes
Bowser,KP,,3398,VO_KP_NPC_DMG_SPN,NPC_DMG_SPN,yes
Bowser,KP,,3399,VO_KP_NPC_DMG_SPN2,NPC_DMG_SPN2,yes
Bowser,KP,,3400,VO_KP_NPC_DMG_SPN_END,NPC_DMG_SPN_END,yes
Bowser,KP,,3401,VO_KP_NPC_FAL,NPC_FAL,yes
Bowser,KP,,3402,VO_KP_NPC_FAL_W,NPC_FAL_W,yes
Bowser,KP,,3403,VO_KP_NPC_RET,NPC_RET,yes
Bowser,KP,,3404,VO_KP_NPC_ITM_SCES,NPC_ITM_SCES,yes
Bowser,KP,,3405,VO_KP_NPC_ITM_PWUP,NPC_ITM_PWUP,yes
Bowser,KP,,3406,VO_KP_NPC_CAN,NPC_CAN,yes
Bowser,KP,,3407,VO_KP_GOL_TOP,GOL_TOP,
Bowser,KP,,3408,VO_KP_GOL_TOP2,GOL_TOP2,
Bowser,KP,,3409,VO_KP_GOL_TOP_END,GOL_TOP_END,
Bowser,KP,,3410,VO_KP_GOL_GOD,GOL_GOD,
Bowser,KP,,3411,VO_KP_GOL_GOD2,GOL_GOD2,
Bowser,KP,,3412,VO_KP_GOL_GOD_END,GOL_GOD_END,
Bowser,KP,,3413,VO_KP_GOL_BAD,GOL_BAD,
Bowser,KP,,3414,VO_KP_GOL_BAD2,GOL_BAD2,
Bowser,KP,,3415,VO_KP_GOL_BAD_END,GOL_BAD_END,
Bowser,KP,,3416,VO_KP_STRM,STRM,
Bowser,KP,,3417,VO_KP_STRM2,STRM2,
Bowser,KP,,3418,VO_KP_STRM_END,STRM_END,
Bowser,KP,,3419,VO_KP_NPC_STRM,NPC_STRM,yes
Donkey Kong,DK,,980,VO_DK_SELECT_CHAR_01,SELECT_CHAR_01,
Donkey Kong,DK,,981,VO_DK_SELECT_CHAR_02,SELECT_CHAR_02,
Donkey Kong,DK,,982,VO_DK_SELECT_CHAR_END,SELECT_CHAR_END,
Donkey Kong,DK,,3420,VO_DK_ATK,ATK,
Donkey Kong,DK,,3421,VO_DK_ATK2,ATK2,
Donkey Kong,DK,,3422,VO_DK_ATK_END,ATK_END,
Donkey Kong,DK,,3423,VO_DK_DSH,DSH,
Donkey Kong,DK,,3424,VO_DK_DSH2,DSH2,
Donkey Kong,DK,,3425,VO_DK_DSH3,DSH3,
Donkey Kong,DK,,3426,VO_DK_DSH4,DSH4,
Donkey Kong,DK,,3427,VO_DK_DSH5,DSH5,
Donkey Kong,DK,,3428,VO_DK_DSH_END,DSH_END,
Donkey Kong,DK,,3429,VO_DK_JP_ACT,JP_ACT,
Donkey Kong,DK,,3430,VO_DK_JP_ACT2,JP_ACT2,
Donkey Kong,DK,,3431,VO_DK_JP_ACT_END,JP_ACT_END,
Donkey Kong,DK,,3432,VO_DK_JP_L,JP_L,
Donkey Kong,DK,,3433,VO_DK_JP_L2,JP_L2,
Donkey Kong,DK,,3434,VO_DK_JP_L_END,JP_L_END,
Donkey Kong,DK,,3435,VO_DK_JP_M,JP_M,
Donkey Kong,DK,,3436,VO_DK_JP_M2,JP_M2,
Donkey Kong,DK,,3437,VO_DK_JP_M_END,JP_M_END,
Donkey Kong,DK,,3438,VO_DK_JP_S,JP_S,
Donkey Kong,DK,,3439,VO_DK_JP_S2,JP_S2,
Donkey Kong,DK,,3440,VO_DK_JP_S_END,JP_S_END,
Donkey Kong,DK,,3441,VO_DK_LND_L,LND_L,
Donkey Kong,DK,,3442,VO_DK_LND_L2,LND_L2,
Donkey Kong,DK,,3443,VO_DK_LND_L_END,LND_L_END,
Donkey Kong,DK,,3444,VO_DK_LND_S,LND_S,
Donkey Kong,DK,,3445,VO_DK_LND_S2,LND_S2,
Donkey Kong,DK,,3446,VO_DK_LND_S_END,LND_S_END,
Donkey Kong,DK,,3447,VO_DK_STR_FAIL,STR_FAIL,
Donkey Kong,DK,,3448,VO_DK_STR_FAIL2,STR_FAIL2,
Donkey Kong,DK,,3449,VO_DK_STR_FAIL_END,STR_FAIL_END,
Donkey Kong,DK,,3450,VO_DK_WLE,WLE,
Donkey Kong,DK,,3451,VO_DK_WLE2,WLE2,
Donkey Kong,DK,,3452,VO_DK_WLE_END,WLE_END,
Donkey Kong,DK,,3453,VO_DK_WLE_FAIL,WLE_FAIL,
Donkey Kong,DK,,3454,VO_DK_WLE_FAIL2,WLE_FAIL2,
Donkey Kong,DK,,3455,VO_DK_WLE_FAIL_END,WLE_FAIL_END,
Donkey Kong,DK,,3456,VO_DK_OVTAK,OVTAK,
Donkey Kong,DK,,3457,VO_DK_OVTAK2,OVTAK2,
Donkey Kong,DK,,3458,VO_DK_OVTAK_END,OVTAK_END,
Donkey Kong,DK,,3459,VO_DK_DMG_L,DMG_L,
Donkey Kong,DK,,3460,VO_DK_DMG_L2,DMG_L2,
Donkey Kong,DK,,3461,VO_DK_DMG_L_END,DMG_L_END,
Donkey Kong,DK,,3462,VO_DK_DMG_M,DMG_M,
Donkey Kong,DK,,3463,VO_DK_DMG_M2,DMG_M2,
Donkey Kong,DK,,3464,VO_DK_DMG_M_END,DMG_M_END,
Donkey Kong,DK,,3465,VO_DK_DMG_S,DMG_S,
Donkey Kong,DK,,3466,VO_DK_DMG_S2,DMG_S2,
Donkey Kong,DK,,3467,VO_DK_DMG_S_END,DMG_S_END,
Donkey Kong,DK,,3468,VO_DK_DMG_SPN,DMG_SPN,
Donkey Kong,DK,,3469,VO_DK_DMG_SPN2,DMG_SPN2,
Donkey Kong,DK,,3470,VO_DK_DMG_SPN_END,DMG_SPN_END,
Donkey Kong,DK,,3471,VO_DK_DMG_FRE,DMG_FRE,
Donkey Kong,DK,,3472,VO_DK_DMG_FRE2,DMG_FRE2,
Donkey Kong,DK,,3473,VO_DK_DMG_FRE_END,DMG_FRE_END,
Donkey Kong,DK,,3474,VO_DK_FAL,FAL,
Donkey Kong,DK,,3475,VO_DK_FAL2,FAL2,
Donkey Kong,DK,,3476,VO_DK_FAL_END,FAL_END,
Donkey Kong,DK,,3477,VO_DK_FAL_W,FAL_W,
Donkey Kong,DK,,3478,VO_DK_FAL_W2,FAL_W2,
Donkey Kong,DK,,3479,VO_DK_FAL_W_END,FAL_W_END,
Donkey Kong,DK,,3480,VO_DK_RET,RET,
Donkey Kong,DK,,3481,VO_DK_RET2,RET2,
Donkey Kong,DK,,3482,VO_DK_RET_END,RET_END,
Donkey Kong,DK,,3483,VO_DK_RET_W,RET_W,
Donkey Kong,DK,,3484,VO_DK_RET_W2,RET_W2,
Donkey Kong,DK,,3485,VO_DK_RET_W_END,RET_W_END,
Donkey Kong,DK,,3486,VO_DK_ITM_PUT,ITM_PUT,
Donkey Kong,DK,,3487,VO_DK_ITM_PUT2,ITM_PUT2,
Donkey Kong,DK,,3488,VO_DK_ITM_PUT_END,ITM_PUT_END,
Donkey Kong,DK,,3489,VO_DK_ITM_TRW,ITM_TRW,
Donkey Kong,DK,,3490,VO_DK_ITM_TRW2,ITM_TRW2,
Donkey Kong,DK,,3491,VO_DK_ITM_TRW_END,ITM_TRW_END,
Donkey Kong,DK,,3492,VO_DK_ITM_SCES,ITM_SCES,
Donkey Kong,DK,,3493,VO_DK_ITM_SCES2,ITM_SCES2,
Donkey Kong,DK,,3494,VO_DK_ITM_SCES_END,ITM_SCES_END,
Donkey Kong,DK,,3495,VO_DK_ITM_PWUP,ITM_PWUP,
Donkey Kong,DK,,3496,VO_DK_ITM_PWUP2,ITM_PWUP2,
Donkey Kong,DK,,3497,VO_DK_ITM_PWUP_END,ITM_PWUP_END,
Donkey Kong,DK,,3498,VO_DK_CAN,CAN,
Donkey Kong,DK,,3499,VO_DK_CAN2,CAN2,
Donkey Kong,DK,,3500,VO_DK_CAN_END,CAN_END,
Donkey Kong,DK,,3501,VO_DK_NPC_ATK,NPC_ATK,yes
Donkey Kong,DK,,3502,VO_DK_NPC_ATK2,NPC_ATK2,yes
Donkey Kong,DK,,3503,VO_DK_NPC_ATK_3,NPC_ATK_3,yes
Donkey Kong,DK,,3504,VO_DK_NPC_ATK_4,NPC_ATK_4,yes
Donkey Kong,DK,,3505,VO_DK_NPC_ATK_END,NPC_ATK_END,yes
Donkey Kong,DK,,3506,VO_DK_NPC_DSH,NPC_DSH,yes
Donkey Kong,DK,,3507,VO_DK_NPC_DSH2,NPC_DSH2,yes
Donkey Kong,DK,,3508,VO_DK_NPC_DSH3,NPC_DSH3,yes
Donkey Kong,DK,,3509,VO_DK_NPC_DSH4,NPC_DSH4,yes
Donkey Kong,DK,,3510,VO_DK_NPC_DSH5,NPC_DSH5,yes
Donkey Kong,DK,,3511,VO_DK_NPC_DSH_END,NPC_DSH_END,yes
Donkey Kong,DK,,3512,VO_DK_NPC_JP_M,NPC_JP_M,yes
Donkey Kong,DK,,3513,VO_DK_NPC_JP_M2,NPC_JP_M2,yes
Donkey Kong,DK,,3514,VO_DK_NPC_JP_M_END,NPC_JP_M_END,yes
Donkey Kong,DK,,3515,VO_DK_NPC_WLE_FAIL,NPC_WLE_FAIL,yes
Donkey Kong,DK,,3516,VO_DK_NPC_WLE_FAIL2,NPC_WLE_FAIL2,yes
Donkey Kong,DK,,3517,VO_DK_NPC_WLE_FAIL_END,NPC_WLE_FAIL_END,yes
Donkey Kong,DK,,3518,VO_DK_NPC_OVTAK,NPC_OVTAK,yes
Donkey Kong,DK,,3519,VO_DK_NPC_OVTAK2,NPC_OVTAK2,yes
Donkey Kong,DK,,3520,VO_DK_NPC_OVTAK_END,NPC_OVTAK_END,yes
Donkey Kong,DK,,3521,VO_DK_NPC_DMG_L,NPC_DMG_L,yes
Donkey Kong,DK,,3522,VO_DK_NPC_DMG_L2,NPC_DMG_L2,yes
Donkey Kong,DK,,3523,VO_DK_NPC_DMG_L_END,NPC_DMG_L_END,yes
Donkey Kong,DK,,3524,VO_DK_NPC_DMG_S,NPC_DMG_S,yes
Donkey Kong,DK,,3525,VO_DK_NPC_DMG_S2,NPC_DMG_S2,yes
Donkey Kong,DK,,3526,VO_DK_NPC_DMG_S_END,NPC_DMG_S_END,yes
Donkey Kong,DK,,3527,VO_DK_NPC_DMG_SPN,NPC_DMG_SPN,yes
Donkey Kong,DK,,3528,VO_DK_NPC_DMG_SPN2,NPC_DMG_SPN2,yes
Donkey Kong,DK,,3529,VO_DK_NPC_DMG_SPN_END,NPC_DMG_SPN_END,yes
Donkey Kong,DK,,3530,VO_DK_NPC_FAL,NPC_FAL,yes
Donkey Kong,DK,,3531,VO_DK_NPC_FAL_W,NPC_FAL_W,yes
Donkey Kong,DK,,3532,VO_DK_NPC_RET,NPC_RET,yes
Donkey Kong,DK,,3533,VO_DK_NPC_ITM_SCES,NPC_ITM_SCES,yes
Donkey Kong,DK,,3534,VO_DK_NPC_ITM_PWUP,NPC_ITM_PWUP,yes
Donkey Kong,DK,,3535,VO_DK_NPC_CAN,NPC_CAN,yes
Donkey Kong,DK,,3536,VO_DK_GOL_TOP,GOL_TOP,
Donkey Kong,DK,,3537,VO_DK_GOL_TOP2,GOL_TOP2,
Donkey Kong,DK,,3538,VO_DK_GOL_TOP_END,GOL_TOP_END,
Donkey Kong,DK,,3539,VO_DK_GOL_GOD,GOL_GOD,
Donkey Kong,DK,,3540,VO_DK_GOL_GOD2,GOL_GOD2,
Donkey Kong,DK,,3541,VO_DK_GOL_GOD_END,GOL_GOD_END,
Donkey Kong,DK,,3542,VO_DK_GOL_BAD,GOL_BAD,
Donkey Kong,DK,,3543,VO_DK_GOL_BAD2,GOL_BAD2,
Donkey Kong,DK,,3544,VO_DK_GOL_BAD_END,GOL_BAD_END,
Donkey Kong,DK,,3545,VO_DK_STRM,STRM,
Donkey Kong,DK,,3546,VO_DK_STRM2,STRM2,
Donkey Kong,DK,,3547,VO_DK_STRM_END,STRM_END,
Donkey Kong,DK,,3548,VO_DK_NPC_STRM,NPC_STRM,yes
King Boo,KT,,983,VO_KT_SELECT_CHAR_01,SELECT_CHAR_01,
King Boo,KT,,984,VO_KT_SELECT_CHAR_02,SELECT_CHAR_02,
King Boo,KT,,985,VO_KT_SELECT_CHAR_END,SELECT_CHAR_END,
King Boo,KT,,3549,VO_KT_ATK,ATK,
King Boo,KT,,3550,VO_KT_ATK2,ATK2,
King Boo,KT,,3551,VO_KT_ATK_END,ATK_END,
King Boo,KT,,3552,VO_KT_DSH,DSH,
King Boo,KT,,3553,VO_KT_DSH2,DSH2,
King Boo,KT,,3554,VO_KT_DSH3,DSH3,
King Boo,KT,,3555,VO_KT_DSH4,DSH4,
King Boo,KT,,3556,VO_KT_DSH5,DSH5,
King Boo,KT,,3557,VO_KT_DSH_END,DSH_END,
King Boo,KT,,3558,VO_KT_JP_ACT,JP_ACT,
King Boo,KT,,3559,VO_KT_JP_ACT2,JP_ACT2,
King Boo,KT,,3560,VO_KT_JP_ACT_END,JP_ACT_END,
King Boo,KT,,3561,VO_KT_JP_M,JP_M,
King Boo,KT,,3562,VO_KT_JP_M2,JP_M2,
King Boo,KT,,3563,VO_KT_JP_M_END,JP_M_END,
King Boo,KT,,3564,VO_KT_JP_S,JP_S,
King Boo,KT,,3565,VO_KT_JP_S2,JP_S2,
King Boo,KT,,3566,VO_KT_JP_S_END,JP_S_END,
King Boo,KT,,3567,VO_KT_WLE_FAIL,WLE_FAIL,
King Boo,KT,,3568,VO_KT_WLE_FAIL2,WLE_FAIL2,
King Boo,KT,,3569,VO_KT_WLE_FAIL3,WLE_FAIL3,
King Boo,KT,,3570,VO_KT_WLE_FAIL_04,WLE_FAIL_04,
King Boo,KT,,3571,VO_KT_WLE_FAIL_05,WLE_FAIL_05,
King Boo,KT,,3572,VO_KT_WLE_FAIL_END,WLE_FAIL_END,
King Boo,KT,,3573,VO_KT_DMG_L,DMG_L,
King Boo,KT,,3574,VO_KT_DMG_L2,DMG_L2,
King Boo,KT,,3575,VO_KT_DMG_L_END,DMG_L_END,
King Boo,KT,,3576,VO_KT_DMG_S,DMG_S,
King Boo,KT,,3577,VO_KT_DMG_S2,DMG_S2,
King Boo,KT,,3578,VO_KT_DMG_S_END,DMG_S_END,
King Boo,KT,,3579,VO_KT_DMG_SPN,DMG_SPN,
King Boo,KT,,3580,VO_KT_DMG_SPN2,DMG_SPN2,
King Boo,KT,,3581,VO_KT_DMG_SPN_END,DMG_SPN_END,
King Boo,KT,,3582,VO_KT_FAL,FAL,
King Boo,KT,,3583,VO_KT_FAL2,FAL2,
King Boo,KT,,3584,VO_KT_FAL_END,FAL_END,
King Boo,KT,,3585,VO_KT_FAL_W,FAL_W,
King Boo,KT,,3586,VO_KT_FAL_W2,FAL_W2,
King Boo,KT,,3587,VO_KT_FAL_W_END,FAL_W_END,
King Boo,KT,,3588,VO_KT_RET,RET,
King Boo,KT,,3589,VO_KT_RET2,RET2,
King Boo,KT,,3590,VO_KT_RET_END,RET_END,
King Boo,KT,,3591,VO_KT_ITM_PUT,ITM_PUT,
King Boo,KT,,3592,VO_KT_ITM_PUT2,ITM_PUT2,
King Boo,KT,,3593,VO_KT_ITM_PUT_END,ITM_PUT_END,
King Boo,KT,,3594,VO_KT_ITM_SCES,ITM_SCES,
King Boo,KT,,3595,VO_KT_ITM_SCES2,ITM_SCES2,
King Boo,KT,,3596,VO_KT_ITM_SCES_END,ITM_SCES_END,
King Boo,KT,,3597,VO_KT_ITM_PWUP,ITM_PWUP,
King Boo,KT,,3598,VO_KT_ITM_PWUP2,ITM_PWUP2,
King Boo,KT,,3599,VO_KT_ITM_PWUP_END,ITM_PWUP_END,
King Boo,KT,,3600,VO_KT_STRM,STRM,
King Boo,KT,,3601,VO_KT_STRM2,STRM2,
King Boo,KT,,3602,VO_KT_STRM_END,STRM_END,
King Boo,KT,,3603,VO_KT_CAN,CAN,
King Boo,KT,,3604,VO_KT_CAN2,CAN2,
King Boo,KT,,3605,VO_KT_CAN_END,CAN_END,
King Boo,KT,,3606,VO_KT_GOL_TOP,GOL_TOP,
King Boo,KT,,3607,VO_KT_GOL_TOP2,GOL_TOP2,
King Boo,KT,,3608,VO_KT_GOL_TOP_END,GOL_TOP_END,
King Boo,KT,,3609,VO_KT_GOL_GOD,GOL_GOD,
King Boo,KT,,3610,VO_KT_GOL_GOD2,GOL_GOD2,
King Boo,KT,,3611,VO_KT_GOL_GOD_END,GOL_GOD_END,
King Boo,KT,,3612,VO_KT_GOL_BAD,GOL_BAD,
King Boo,KT,,3613,VO_KT_GOL_BAD2,GOL_BAD2,
King Boo,KT,,3614,VO_KT_GOL_BAD_END,GOL_BAD_END,
Funky Kong,FK,,986,VO_FK_SELECT_CHAR_01,SELECT_CHAR_01,
Funky Kong,FK,,987,VO_FK_SELECT_CHAR_02,SELECT_CHAR_02,
Funky Kong,FK,,988,VO_FK_SELECT_CHAR_END,SELECT_CHAR_END,
Funky Kong,FK,,3615,VO_FK_ATK,ATK,
Funky Kong,FK,,3616,VO_FK_ATK2,ATK2,
Funky Kong,FK,,3617,VO_FK_ATK_END,ATK_END,
Funky Kong,FK,,3618,VO_FK_DSH,DSH,
Funky Kong,FK,,3619,VO_FK_DSH2,DSH2,
Funky Kong,FK,,3620,VO_FK_DSH3,DSH3,
Funky Kong,FK,,3621,VO_FK_DSH4,DSH4,
Funky Kong,FK,,3622,VO_FK_DSH5,DSH5,
Funky Kong,FK,,3623,VO_FK_DSH_END,DSH_END,
Funky Kong,FK,,3624,VO_FK_JP_ACT,JP_ACT,
Funky Kong,FK,,3625,VO_FK_JP_ACT2,JP_ACT2,
Funky Kong,FK,,3626,VO_FK_JP_ACT_END,JP_ACT_END,
Funky Kong,FK,,3627,VO_FK_JP_L,JP_L,
Funky Kong,FK,,3628,VO_FK_JP_L2,JP_L2,
Funky Kong,FK,,3629,VO_FK_JP_L_END,JP_L_END,
Funky Kong,FK,,3630,VO_FK_JP_M,JP_M,
Funky Kong,FK,,3631,VO_FK_JP_M2,JP_M2,
Funky Kong,FK,,3632,VO_FK_JP_M_END,JP_M_END,
Funky Kong,FK,,3633,VO_FK_JP_S,JP_S,
Funky Kong,FK,,3634,VO_FK_JP_S2,JP_S2,
Funky Kong,FK,,3635,VO_FK_JP_S_END,JP_S_END,
Funky Kong,FK,,3636,VO_FK_LND_L,LND_L,
Funky Kong,FK,,3637,VO_FK_LND_L2,LND_L2,
Funky Kong,FK,,3638,VO_FK_LND_L_END,LND_L_END,
Funky Kong,FK,,3639,VO_FK_LND_S,LND_S,
Funky Kong,FK,,3640,VO_FK_LND_S2,LND_S2,
Funky Kong,FK,,3641,VO_FK_LND_S_END,LND_S_END,
Funky Kong,FK,,3642,VO_FK_STR_FAIL,STR_FAIL,
Funky Kong,FK,,3643,VO_FK_STR_FAIL2,STR_FAIL2,
Funky Kong,FK,,3644,VO_FK_STR_FAIL_END,STR_FAIL_END,
Funky Kong,FK,,3645,VO_FK_WLE,WLE,
Funky Kong,FK,,3646,VO_FK_WLE2,WLE2,
Funky Kong,FK,,3647,VO_FK_WLE_END,WLE_END,
Funky Kong,FK,,3648,VO_FK_WLE_FAIL,WLE_FAIL,
Funky Kong,FK,,3649,VO_FK_WLE_FAIL2,WLE_FAIL2,
Funky Kong,FK,,3650,VO_FK_WLE_FAIL_END,WLE_FAIL_END,
Funky Kong,FK,,3651,VO_FK_OVTAK,OVTAK,
Funky Kong,FK,,3652,VO_FK_OVTAK2,OVTAK2,
Funky Kong,FK,,3653,VO_FK_OVTAK_END,OVTAK_END,
Funky Kong,FK,,3654,VO_FK_DMG_L,DMG_L,
Funky Kong,FK,,3655,VO_FK_DMG_L2,DMG_L2,
Funky Kong,FK,,3656,VO_FK_DMG_L_END,DMG_L_END,
Funky Kong,FK,,3657,VO_FK_DMG_M,DMG_M,
Funky Kong,FK,,3658,VO_FK_DMG_M2,DMG_M2,
Funky Kong,FK,,3659,VO_FK_DMG_M_END,DMG_M_END,
Funky Kong,FK,,3660,VO_FK_DMG_S,DMG_S,
Funky Kong,FK,,3661,VO_FK_DMG_S2,DMG_S2,
Funky Kong,FK,,3662,VO_FK_DMG_S_END,DMG_S_END,
Funky Kong,FK,,3663,VO_FK_DMG_SPN,DMG_SPN,
Funky Kong,FK,,3664,VO_FK_DMG_SPN2,DMG_SPN2,
Funky Kong,FK,,3665,VO_FK_DMG_SPN_END,DMG_SPN_END,
Funky Kong,FK,,3666,VO_FK_DMG_FRE,DMG_FRE,
Funky Kong,FK,,3667,VO_FK_DMG_FRE2,DMG_FRE2,
Funky Kong,FK,,3668,VO_FK_DMG_FRE_END,DMG_FRE_END,
Funky Kong,FK,,3669,VO_FK_FAL,FAL,
Funky Kong,FK,,3670,VO_FK_FAL2,FAL2,
Funky Kong,FK,,3671,VO_FK_FAL_END,FAL_END,
Funky Kong,FK,,3672,VO_FK_FAL_W,FAL_W,
Funky Kong,FK,,3673,VO_FK_FAL_W2,FAL_W2,
Funky Kong,FK,,3674,VO_FK_FAL_W_END,FAL_W_END,
Funky Kong,FK,,3675,VO_FK_RET,RET,
Funky Kong,FK,,3676,VO_FK_RET2,RET2,
Funky Kong,FK,,3677,VO_FK_RET_END,RET_END,
Funky Kong,FK,,3678,VO_FK_ITM_PUT,ITM_PUT,
Funky Kong,FK,,3679,VO_FK_ITM_PUT2,ITM_PUT2,
Funky Kong,FK,,3680,VO_FK_ITM_PUT_END,ITM_PUT_END,
Funky Kong,FK,,3681,VO_FK_ITM_TRW,ITM_TRW,
Funky Kong,FK,,3682,VO_FK_ITM_TRW2,ITM_TRW2,
Funky Kong,FK,,3683,VO_FK_ITM_TRW_END,ITM_TRW_END,
Funky Kong,FK,,3684,VO_FK_ITM_SCES,ITM_SCES,
Funky Kong,FK,,3685,VO_FK_ITM_SCES2,ITM_SCES2,
Funky Kong,FK,,3686,VO_FK_ITM_SCES_END,ITM_SCES_END,
Funky Kong,FK,,3687,VO_FK_ITM_PWUP,ITM_PWUP,
Funky Kong,FK,,3688,VO_FK_ITM_PWUP2,ITM_PWUP2,
Funky Kong,FK,,3689,VO_FK_ITM_PWUP_END,ITM_PWUP_END,
Funky Kong,FK,,3690,VO_FK_CAN,CAN,
Funky Kong,FK,,3691,VO_FK_CAN2,CAN2,
Funky Kong,FK,,3692,VO_FK_CAN_END,CAN_END,
Funky Kong,FK,,3693,VO_FK_NPC_ATK,NPC_ATK,yes
Funky Kong,FK,,3694,VO_FK_NPC_ATK2,NPC_ATK2,yes
Funky Kong,FK,,3695,VO_FK_NPC_ATK_3,NPC_ATK_3,yes
Funky Kong,FK,,3696,VO_FK_NPC_ATK_4,NPC_ATK_4,yes
Funky Kong,FK,,3697,VO_FK_NPC_ATK_END,NPC_ATK_END,yes
Funky Kong,FK,,3698,VO_FK_NPC_DSH,NPC_DSH,yes
Funky Kong,FK,,3699,VO_FK_NPC_DSH2,NPC_DSH2,yes
Funky Kong,FK,,3700,VO_FK_NPC_DSH3,NPC_DSH3,yes
Funky Kong,FK,,3701,VO_FK_NPC_DSH4,NPC_DSH4,yes
Funky Kong,FK,,3702,VO_FK_NPC_DSH5,NPC_DSH5,yes
Funky Kong,FK,,3703,VO_FK_NPC_DSH_END,NPC_DSH_END,yes
Funky Kong,FK,,3704,VO_FK_NPC_JP_M,NPC_JP_M,yes
Funky Kong,FK,,3705,VO_FK_NPC_JP_M2,NPC_JP_M2,yes
Funky Kong,FK,,3706,VO_FK_NPC_JP_M_END,NPC_JP_M_END,yes
Funky Kong,FK,,3707,VO_FK_NPC_WLE_FAIL,NPC_WLE_FAIL,yes
Funky Kong,FK,,3708,VO_FK_NPC_WLE_FAIL2,NPC_WLE_FAIL2,yes
Funky Kong,FK,,3709,VO_FK_NPC_WLE_FAIL_END,NPC_WLE_FAIL_END,yes
Funky Kong,FK,,3710,VO_FK_NPC_OVTAK,NPC_OVTAK,yes
Funky Kong,FK,,3711,VO_FK_NPC_OVTAK2,NPC_OVTAK2,yes
Funky Kong,FK,,3712,VO_FK_NPC_OVTAK_END,NPC_OVTAK_END,yes
Funky Kong,FK,,3713,VO_FK_NPC_DMG_L,NPC_DMG_L,yes
Funky Kong,FK,,3714,VO_FK_NPC_DMG_L2,NPC_DMG_L2,yes
Funky Kong,FK,,3715,VO_FK_NPC_DMG_L_END,NPC_DMG_L_END,yes
Funky Kong,FK,,3716,VO_FK_NPC_DMG_S,NPC_DMG_S,yes
Funky Kong,FK,,3717,VO_FK_NPC_DMG_S2,NPC_DMG_S2,yes
Funky Kong,FK,,3718,VO_FK_NPC_DMG_S_END,NPC_DMG_S_END,yes
Funky Kong,FK,,3719,VO_FK_NPC_DMG_SPN,NPC_DMG_SPN,yes
Funky Kong,FK,,3720,VO_FK_NPC_DMG_SPN2,NPC_DMG_SPN2,yes
Funky Kong,FK,,3721,VO_FK_NPC_DMG_SPN_END,NPC_DMG_SPN_END,yes
Funky Kong,FK,,3722,VO_FK_NPC_FAL,NPC_FAL,yes
Funky Kong,FK,,3723,VO_FK_NPC_FAL_W,NPC_FAL_W,yes
Funky Kong,FK,,3724,VO_FK_NPC_RET,NPC_RET,yes
Funky Kong,FK,,3725,VO_FK_NPC_ITM_SCES,NPC_ITM_SCES,yes
Funky Kong,FK,,3726,VO_FK_NPC_ITM_PWUP,NPC_ITM_PWUP,yes
Funky Kong,FK,,3727,VO_FK_NPC_CAN,NPC_CAN,yes
Funky Kong,FK,,3728,VO_FK_GOL_TOP,GOL_TOP,
Funky Kong,FK,,3729,VO_FK_GOL_TOP2,GOL_TOP2,
Funky Kong,FK,,3730,VO_FK_GOL_TOP_END,GOL_TOP_END,
Funky Kong,FK,,3731,VO_FK_GOL_GOD,GOL_GOD,
Funky Kong,FK,,3732,VO_FK_GOL_GOD2,GOL_GOD2,
Funky Kong,FK,,3733,VO_FK_GOL_GOD_END,GOL_GOD_END,
Funky Kong,FK,,3734,VO_FK_GOL_BAD,GOL_BAD,
Funky Kong,FK,,3735,VO_FK_GOL_BAD2,GOL_BAD2,
Funky Kong,FK,,3736,VO_FK_GOL_BAD_END,GOL_BAD_END,
Funky Kong,FK,,3737,VO_FK_STRM,STRM,
Funky Kong,FK,,3738,VO_FK_STRM2,STRM2,
Funky Kong,FK,,3739,VO_FK_STRM_END,STRM_END,
Funky Kong,FK,,3740,VO_FK_NPC_STRM,NPC_STRM,yes
Dry Bowser,BK,,989,VO_BK_SELECT_CHAR_01,SELECT_CHAR_01,
Dry Bowser,BK,,990,VO_BK_SELECT_CHAR_02,SELECT_CHAR_02,
Dry Bowser,BK,,991,VO_BK_SELECT_CHAR_END,SELECT_CHAR_END,
Dry Bowser,BK,,3741,VO_BK_ATK,ATK,
Dry Bowser,BK,,3742,VO_BK_ATK2,ATK2,
Dry Bowser,BK,,3743,VO_BK_ATK_END,ATK_END,
Dry Bowser,BK,,3744,VO_BK_DSH,DSH,
Dry Bowser,BK,,3745,VO_BK_DSH2,DSH2,
Dry Bowser,BK,,3746,VO_BK_DSH3,DSH3,
Dry Bowser,BK,,3747,VO_BK_DSH4,DSH4,
Dry Bowser,BK,,3748,VO_BK_DSH5,DSH5,
Dry Bowser,BK,,3749,VO_BK_DSH_END,DSH_END,
Dry Bowser,BK,,3750,VO_BK_JP_ACT,JP_ACT,
Dry Bowser,BK,,3751,VO_BK_JP_ACT2,JP_ACT2,
Dry Bowser,BK,,3752,VO_BK_JP_ACT_END,JP_ACT_END,
Dry Bowser,BK,,3753,VO_BK_JP_M,JP_M,
Dry Bowser,BK,,3754,VO_BK_JP_M2,JP_M2,
Dry Bowser,BK,,3755,VO_BK_JP_M_END,JP_M_END,
Dry Bowser,BK,,3756,VO_BK_WLE_FAIL,WLE_FAIL,
Dry Bowser,BK,,3757,VO_BK_WLE_FAIL2,WLE_FAIL2,
Dry Bowser,BK,,3758,VO_BK_WLE_FAIL_END,WLE_FAIL_END,
Dry Bowser,BK,,3759,VO_BK_DMG_S,DMG_S,
Dry Bowser,BK,,3760,VO_BK_DMG_S2,DMG_S2,
Dry Bowser,BK,,3761,VO_BK_DMG_S_END,DMG_S_END,
Dry Bowser,BK,,3762,VO_BK_DMG_SPN,DMG_SPN,
Dry Bowser,BK,,3763,VO_BK_DMG_SPN2,DMG_SPN2,
Dry Bowser,BK,,3764,VO_BK_DMG_SPN_END,DMG_SPN_END,
Dry Bowser,BK,,3765,VO_BK_DMG_FRE,DMG_FRE,
Dry Bowser,BK,,3766,VO_BK_DMG_FRE2,DMG_FRE2,
Dry Bowser,BK,,3767,VO_BK_DMG_FRE_END,DMG_FRE_END,
Dry Bowser,BK,,3768,VO_BK_FAL,FAL,
Dry Bowser,BK,,3769,VO_BK_FAL2,FAL2,
Dry Bowser,BK,,3770,VO_BK_FAL_END,FAL_END,
Dry Bowser,BK,,3771,VO_BK_FAL_W,FAL_W,
Dry Bowser,BK,,3772,VO_BK_FAL_W2,FAL_W2,
Dry Bowser,BK,,3773,VO_BK_FAL_W_END,FAL_W_END,
Dry Bowser,BK,,3774,VO_BK_RET,RET,
Dry Bowser,BK,,3775,VO_BK_RET2,RET2,
Dry Bowser,BK,,3776,VO_BK_RET_END,RET_END,
Dry Bowser,BK,,3777,VO_BK_ITM_PUT,ITM_PUT,
Dry Bowser,BK,,3778,VO_BK_ITM_PUT2,ITM_PUT2,
Dry Bowser,BK,,3779,VO_BK_ITM_PUT_END,ITM_PUT_END,
Dry Bowser,BK,,3780,VO_BK_ITM_SCES,ITM_SCES,
Dry Bowser,BK,,3781,VO_BK_ITM_SCES2,ITM_SCES2,
Dry Bowser,BK,,3782,VO_BK_ITM_SCES_END,ITM_SCES_END,
Dry Bowser,BK,,3783,VO_BK_STRM,STRM,
Dry Bowser,BK,,3784,VO_BK_STRM2,STRM2,
Dry Bowser,BK,,3785,VO_BK_STRM_END,STRM_END,
Dry Bowser,BK,,3786,VO_BK_CAN,CAN,
Dry Bowser,BK,,3787,VO_BK_CAN2,CAN2,
Dry Bowser,BK,,3788,VO_BK_CAN_END,CAN_END,
Dry Bowser,BK,,3789,VO_BK_GOL_TOP,GOL_TOP,
Dry Bowser,BK,,3790,VO_BK_GOL_TOP2,GOL_TOP2,
Dry Bowser,BK,,3791,VO_BK_GOL_TOP_END,GOL_TOP_END,
Dry Bowser,BK,,3792,VO_BK_GOL_GOD,GOL_GOD,
Dry Bowser,BK,,3793,VO_BK_GOL_GOD2,GOL_GOD2,
Dry Bowser,BK,,3794,VO_BK_GOL_GOD_END,GOL_GOD_END,
Dry Bowser,BK,,3795,VO_BK_GOL_BAD,GOL_BAD,
Dry Bowser,BK,,3796,VO_BK_GOL_BAD2,GOL_BAD2,
Dry Bowser,BK,,3797,VO_BK_GOL_BAD_END,GOL_BAD_END,
Dry Bowser,BK,,3798,VO_BK_NPC_ATK,NPC_ATK,yes
Dry Bowser,BK,,3799,VO_BK_NPC_ATK2,NPC_ATK2,yes
Dry Bowser,BK,,3800,VO_BK_NPC_ATK3,NPC_ATK3,yes
Dry Bowser,BK,,3801,VO_BK_NPC_ATK4,NPC_ATK4,yes
Dry Bowser,BK,,3802,VO_BK_NPC_ATK5,NPC_ATK5,yes
Dry Bowser,BK,,3803,VO_BK_NPC_ATK_END,NPC_ATK_END,yes
Dry Bowser,BK,,3804,VO_BK_NPC_DSH,NPC_DSH,yes
Dry Bowser,BK,,3805,VO_BK_NPC_DSH2,NPC_DSH2,yes
Dry Bowser,BK,,3806,VO_BK_NPC_DSH3,NPC_DSH3,yes
Dry Bowser,BK,,3807,VO_BK_NPC_DSH4,NPC_DSH4,yes
Dry Bowser,BK,,3808,VO_BK_NPC_DSH5,NPC_DSH5,yes
Dry Bowser,BK,,3809,VO_BK_NPC_DSH_END,NPC_DSH_END,yes
Dry Bowser,BK,,3810,VO_BK_NPC_WLE_FAIL,NPC_WLE_FAIL,yes
Dry Bowser,BK,,3811,VO_BK_NPC_WLE_FAIL2,NPC_WLE_FAIL2,yes
Dry Bowser,BK,,3812,VO_BK_NPC_WLE_FAIL_END,NPC_WLE_FAIL_END,yes
Dry Bowser,BK,,3813,VO_BK_NPC_DMG_S,NPC_DMG_S,yes
Dry Bowser,BK,,3814,VO_BK_NPC_DMG_S2,NPC_DMG_S2,yes
Dry Bowser,BK,,3815,VO_BK_NPC_DMG_S_END,NPC_DMG_S_END,yes
Dry Bowser,BK,,3816,VO_BK_NPC_DMG_SPN,NPC_DMG_SPN,yes
Dry Bowser,BK,,3817,VO_BK_NPC_DMG_SPN2,NPC_DMG_SPN2,yes
Dry Bowser,BK,,3818,VO_BK_NPC_DMG_SPN_END,NPC_DMG_SPN_END,yes
Dry Bowser,BK,,3819,VO_BK_NPC_DMG_FRE,NPC_DMG_FRE,yes
Dry Bowser,BK,,3820,VO_BK_NPC_DMG_FRE2,NPC_DMG_FRE2,yes
Dry Bowser,BK,,3821,VO_BK_NPC_DMG_FRE_END,NPC_DMG_FRE_END,yes
Dry Bowser,BK,,3822,VO_BK_NPC_FAL,NPC_FAL,yes
Dry Bowser,BK,,3823,VO_BK_NPC_FAL2,NPC_FAL2,yes
Dry Bowser,BK,,3824,VO_BK_NPC_FAL_END,NPC_FAL_END,yes
Dry Bowser,BK,,3825,VO_BK_NPC_FAL_W,NPC_FAL_W,yes
Dry Bowser,BK,,3826,VO_BK_NPC_FAL_W2,NPC_FAL_W2,yes
Dry Bowser,BK,,3827,VO_BK_NPC_FAL_W_END,NPC_FAL_W_END,yes
Dry Bowser,BK,,3828,VO_BK_NPC_RET,NPC_RET,yes
Dry Bowser,BK,,3829,VO_BK_NPC_RET2,NPC_RET2,yes
Dry Bowser,BK,,3830,VO_BK_NPC_RET_END,NPC_RET_END,yes
Dry Bowser,BK,,3831,VO_BK_NPC_ITM_SCES,NPC_ITM_SCES,yes
Dry Bowser,BK,,3832,VO_BK_NPC_ITM_SCES2,NPC_ITM_SCES2,yes
Dry Bowser,BK,,3833,VO_BK_NPC_ITM_SCES_END,NPC_ITM_SCES_END,yes
Dry Bowser,BK,,3834,VO_BK_NPC_STRM,NPC_STRM,yes
Dry Bowser,BK,,3835,VO_BK_NPC_STRM2,NPC_STRM2,yes
Dry Bowser,BK,,3836,VO_BK_NPC_STRM_END,NPC_STRM_END,yes
Dry Bowser,BK,,3837,VO_BK_NPC_CAN,NPC_CAN,yes
Dry Bowser,BK,,3838,VO_BK_NPC_CAN2,NPC_CAN2,yes
Dry Bowser,BK,,3839,VO_BK_NPC_CAN_END,NPC_CAN_END,yes
Rosalina,RS,,992,VO_RS_SELECT_CHAR_01,SELECT_CHAR_01,
Rosalina,RS,,993,VO_RS_SELECT_CHAR_02,SELECT_CHAR_02,
Rosalina,RS,,994,VO_RS_SELECT_CHAR_END,SELECT_CHAR_END,
Rosalina,RS,,1126,VO_RS_SELECT_TEAM_BLUE_01,SELECT_TEAM_BLUE_01,
Rosalina,RS,,1127,VO_RS_SELECT_TEAM_RED_01,SELECT_TEAM_RED_01,
Rosalina,RS,,3840,VO_RS_ATK,ATK,
Rosalina,RS,,3841,VO_RS_ATK2,ATK2,
Rosalina,RS,,3842,VO_RS_ATK_END,ATK_END,
Rosalina,RS,,3843,VO_RS_JP_ACT,JP_ACT,
Rosalina,RS,,3844,VO_RS_JP_ACT2,JP_ACT2,
Rosalina,RS,,3845,VO_RS_JP_ACT_END,JP_ACT_END,
Rosalina,RS,,3846,VO_RS_JP_S,JP_S,
Rosalina,RS,,3847,VO_RS_JP_S2,JP_S2,
Rosalina,RS,,3848,VO_RS_JP_S_END,JP_S_END,
Rosalina,RS,,3849,VO_RS_STR_FAIL,STR_FAIL,
Rosalina,RS,,3850,VO_RS_STR_FAIL2,STR_FAIL2,
Rosalina,RS,,3851,VO_RS_STR_FAIL_END,STR_FAIL_END,
Rosalina,RS,,3852,VO_RS_WLE,WLE,
Rosalina,RS,,3853,VO_RS_WLE2,WLE2,
Rosalina,RS,,3854,VO_RS_WLE_END,WLE_END,
Rosalina,RS,,3855,VO_RS_WLE_FAIL,WLE_FAIL,
Rosalina,RS,,3856,VO_RS_WLE_FAIL2,WLE_FAIL2,
Rosalina,RS,,3857,VO_RS_WLE_FAIL_END,WLE_FAIL_END,
Rosalina,RS,,3858,VO_RS_DMG_L,DMG_L,
Rosalina,RS,,3859,VO_RS_DMG_L2,DMG_L2,
Rosalina,RS,,3860,VO_RS_DMG_L_END,DMG_L_END,
Rosalina,RS,,3861,VO_RS_DMG_M,DMG_M,
Rosalina,RS,,3862,VO_RS_DMG_M2,DMG_M2,
Rosalina,RS,,3863,VO_RS_DMG_M_END,DMG_M_END,
Rosalina,RS,,3864,VO_RS_DMG_S,DMG_S,
Rosalina,RS,,3865,VO_RS_DMG_S2,DMG_S2,
Rosalina,RS,,3866,VO_RS_DMG_S_END,DMG_S_END,
Rosalina,RS,,3867,VO_RS_DMG_SPN,DMG_SPN,
Rosalina,RS,,3868,VO_RS_DMG_SPN2,DMG_SPN2,
Rosalina,RS,,3869,VO_RS_DMG_SPN_END,DMG_SPN_END,
Rosalina,RS,,3870,VO_RS_DMG_FRE,DMG_FRE,
Rosalina,RS,,3871,VO_RS_DMG_FRE2,DMG_FRE2,
Rosalina,RS,,3872,VO_RS_DMG_FRE_END,DMG_FRE_END,
Rosalina,RS,,3873,VO_RS_FAL,FAL,
Rosalina,RS,,3874,VO_RS_FAL2,FAL2,
Rosalina,RS,,3875,VO_RS_FAL_END,FAL_END,
Rosalina,RS,,3876,VO_RS_FAL_W,FAL_W,
Rosalina,RS,,3877,VO_RS_FAL_W2,FAL_W2,
Rosalina,RS,,3878,VO_RS_FAL_W_END,FAL_W_END,
Rosalina,RS,,3879,VO_RS_RET,RET,
Rosalina,RS,,3880,VO_RS_RET2,RET2,
Rosalina,RS,,3881,VO_RS_RET_END,RET_END,
Rosalina,RS,,3882,VO_RS_ITM_SCES,ITM_SCES,
Rosalina,RS,,3883,VO_RS_ITM_SCES2,ITM_SCES2,
Rosalina,RS,,3884,VO_RS_ITM_SCES_END,ITM_SCES_END,
Rosalina,RS,,3885,VO_RS_ITM_PWUP,ITM_PWUP,
Rosalina,RS,,3886,VO_RS_ITM_PWUP2,ITM_PWUP2,
Rosalina,RS,,3887,VO_RS_ITM_PWUP_END,ITM_PWUP_END,
Rosalina,RS,,3888,VO_RS_NPC_ATK,NPC_ATK,yes
Rosalina,RS,,3889,VO_RS_NPC_ATK2,NPC_ATK2,yes
Rosalina,RS,,3890,VO_RS_NPC_ATK_3,NPC_ATK_3,yes
Rosalina,RS,,3891,VO_RS_NPC_ATK_4,NPC_ATK_4,yes
Rosalina,RS,,3892,VO_RS_NPC_ATK_END,NPC_ATK_END,yes
Rosalina,RS,,3893,VO_RS_NPC_JP_M,NPC_JP_M,yes
Rosalina,RS,,3894,VO_RS_NPC_JP_M_END,NPC_JP_M_END,yes
Rosalina,RS,,3895,VO_RS_NPC_WLE_FAIL,NPC_WLE_FAIL,yes
Rosalina,RS,,3896,VO_RS_NPC_WLE_FAIL2,NPC_WLE_FAIL2,yes
Rosalina,RS,,3897,VO_RS_NPC_WLE_FAIL_END,NPC_WLE_FAIL_END,yes
Rosalina,RS,,3898,VO_RS_NPC_OVTAK,NPC_OVTAK,yes
Rosalina,RS,,3899,VO_RS_NPC_OVTAK2,NPC_OVTAK2,yes
Rosalina,RS,,3900,VO_RS_NPC_OVTAK_END,NPC_OVTAK_END,yes
Rosalina,RS,,3901,VO_RS_NPC_DMG_L,NPC_DMG_L,yes
Rosalina,RS,,3902,VO_RS_NPC_DMG_L2,NPC_DMG_L2,yes
Rosalina,RS,,3903,VO_RS_NPC_DMG_L_END,NPC_DMG_L_END,yes
Rosalina,RS,,3904,VO_RS_NPC_DMG_S,NPC_DMG_S,yes
Rosalina,RS,,3905,VO_RS_NPC_DMG_S2,NPC_DMG_S2,yes
Rosalina,RS,,3906,VO_RS_NPC_DMG_S_END,NPC_DMG_S_END,yes
Rosalina,RS,,3907,VO_RS_NPC_DMG_SPN,NPC_DMG_SPN,yes
Rosalina,RS,,3908,VO_RS_NPC_DMG_SPN2,NPC_DMG_SPN2,yes
Rosalina,RS,,3909,VO_RS_NPC_DMG_SPN_END,NPC_DMG_SPN_END,yes
Rosalina,RS,,3910,VO_RS_NPC_FAL,NPC_FAL,yes
Rosalina,RS,,3911,VO_RS_NPC_FAL_W,NPC_FAL_W,yes
Rosalina,RS,,3912,VO_RS_NPC_RET,NPC_RET,yes
Rosalina,RS,,3913,VO_RS_NPC_ITM_SCES,NPC_ITM_SCES,yes
Rosalina,RS,,3914,VO_RS_NPC_ITM_PWUP,NPC_ITM_PWUP,yes
Rosalina,RS,,3915,VO_RS_NPC_CAN,NPC_CAN,yes
Rosalina,RS,,3916,VO_RS_GOL_TOP,GOL_TOP,
Rosalina,RS,,3917,VO_RS_GOL_TOP2,GOL_TOP2,
Rosalina,RS,,3918,VO_RS_GOL_TOP_END,GOL_TOP_END,
Rosalina,RS,,3919,VO_RS_GOL_GOD,GOL_GOD,
Rosalina,RS,,3920,VO_RS_GOL_GOD2,GOL_GOD2,
Rosalina,RS,,3921,VO_RS_GOL_GOD_END,GOL_GOD_END,
Rosalina,RS,,3922,VO_RS_GOL_BAD,GOL_BAD,
Rosalina,RS,,3923,VO_RS_GOL_BAD2,GOL_BAD2,
Rosalina,RS,,3924,VO_RS_GOL_BAD_END,GOL_BAD_END,
Rosalina,RS,,3925,VO_RS_GOL_TA_TOP,GOL_TA_TOP,
Rosalina,RS,,3926,VO_RS_GOL_TA_TOP2,GOL_TA_TOP2,
Rosalina,RS,,3927,VO_RS_GOL_TA_TOP_END,GOL_TA_TOP_END,
Rosalina,RS,,3928,VO_RS_STRM,STRM,
Rosalina,RS,,3929,VO_RS_STRM2,STRM2,
Rosalina,RS,,3930,VO_RS_STRM_END,STRM_END,
Rosalina,RS,,3931,VO_RS_NPC_STRM,NPC_STRM,yes
Rosalina,RS,,3932,VO_RS_DSH,DSH,
Rosalina,RS,,3933,VO_RS_DSH2,DSH2,
Rosalina,RS,,3934,VO_RS_DSH3,DSH3,
Rosalina,RS,,3935,VO_RS_DSH4,DSH4,
Rosalina,RS,,3936,VO_RS_DSH5,DSH5,
Rosalina,RS,,3937,VO_RS_DSH_END,DSH_END,
Rosalina,RS,,3938,VO_RS_NPC_DSH,NPC_DSH,yes
Rosalina,RS,,3939,VO_RS_NPC_DSH2,NPC_DSH2,yes
Rosalina,RS,,3940,VO_RS_NPC_DSH3,NPC_DSH3,yes
Rosalina,RS,,3941,VO_RS_NPC_DSH4,NPC_DSH4,yes
Rosalina,RS,,3942,VO_RS_NPC_DSH5,NPC_DSH5,yes
Rosalina,RS,,3943,VO_RS_NPC_DSH_END,NPC_DSH_END,yes
Rosalina,RS,,3944,VO_RS_TICO_JP_ACT,TICO_JP_ACT,
Rosalina,RS,,3945,VO_RS_TICO_DMG_L,TICO_DMG_L,
Rosalina,RS,,3946,VO_RS_TICO_GOL_TOP,TICO_GOL_TOP,
Rosalina,RS,,3947,VO_RS_TICO_GOL_GOD,TICO_GOL_GOD,
Rosalina,RS,,3948,VO_RS_TICO_GOL_BAD,TICO_GOL_BAD,
Mii (male voice 1),M1,high,998,VO_M1_H_SELECT_CHAR_01,SELECT_CHAR_01,
Mii (male voice 1),M1,high,999,VO_M1_H_SELECT_CHAR_02,SELECT_CHAR_02,
Mii (male voice 1),M1,high,1000,VO_M1_H_SELECT_CHAR_END,SELECT_CHAR_END,
Mii (male voice 1),M1,high,4067,VO_M1_H_ATK,ATK,
Mii (male voice 1),M1,high,4068,VO_M1_H_ATK2,ATK2,
Mii (male voice 1),M1,high,4069,VO_M1_H_ATK_END,ATK_END,
Mii (male voice 1),M1,high,4070,VO_M1_H_DSH,DSH,
Mii (male voice 1),M1,high,4071,VO_M1_H_DSH2,DSH2,
Mii (male voice 1),M1,high,4072,VO_M1_H_DSH3,DSH3,
Mii (male voice 1),M1,high,4073,VO_M1_H_DSH4,DSH4,
Mii (male voice 1),M1,high,4074,VO_M1_H_DSH5,DSH5,
Mii (male voice 1),M1,high,4075,VO_M1_H_DSH_END,DSH_END,
Mii (male voice 1),M1,high,4076,VO_M1_H_JP_ACT,JP_ACT,
Mii (male voice 1),M1,high,4077,VO_M1_H_JP_ACT2,JP_ACT2,
Mii (male voice 1),M1,high,4078,VO_M1_H_JP_ACT_END,JP_ACT_END,
Mii (male voice 1),M1,high,4079,VO_M1_H_JP_M,JP_M,
Mii (male voice 1),M1,high,4080,VO_M1_H_JP_M2,JP_M2,
Mii (male voice 1),M1,high,4081,VO_M1_H_JP_M_END,JP_M_END,
Mii (male voice 1),M1,high,4082,VO_M1_H_JP_S,JP_S,
Mii (male voice 1),M1,high,4083,VO_M1_H_JP_S2,JP_S2,
Mii (male voice 1),M1,high,4084,VO_M1_H_JP_S_END,JP_S_END,
Mii (male voice 1),M1,high,4085,VO_M1_H_LND_L,LND_L,
Mii (male voice 1),M1,high,4086,VO_M1_H_LND_L2,LND_L2,
Mii (male voice 1),M1,high,4087,VO_M1_H_LND_L_END,LND_L_END,
Mii (male voice 1),M1,high,4088,VO_M1_H_LND_S,LND_S,
Mii (male voice 1),M1,high,4089,VO_M1_H_LND_S2,LND_S2,
Mii (male voice 1),M1,high,4090,VO_M1_H_LND_S_END,LND_S_END,
Mii (male voice 1),M1,high,4091,VO_M1_H_OVTAK,OVTAK,
Mii (male voice 1),M1,high,4092,VO_M1_H_OVTAK2,OVTAK2,
Mii (male voice 1),M1,high,4093,VO_M1_H_OVTAK_END,OVTAK_END,
Mii (male voice 1),M1,high,4094,VO_M1_H_WLE,WLE,
Mii (male voice 1),M1,high,4095,VO_M1_H_WLE2,WLE2,
Mii (male voice 1),M1,high,4096,VO_M1_H_WLE_END,WLE_END,
Mii (male voice 1),M1,high,4097,VO_M1_H_WLE_FAIL,WLE_FAIL,
Mii (male voice 1),M1,high,4098,VO_M1_H_WLE_FAIL2,WLE_FAIL2,
Mii (male voice 1),M1,high,4099,VO_M1_H_WLE_FAIL_END,WLE_FAIL_END,
Mii (male voice 1),M1,high,4100,VO_M1_H_DMG_L,DMG_L,
Mii (male voice 1),M1,high,4101,VO_M1_H_DMG_L2,DMG_L2,
Mii (male voice 1),M1,high,4102,VO_M1_H_DMG_L_END,DMG_L_END,
Mii (male voice 1),M1,high,4103,VO_M1_H_DMG_M,DMG_M,
Mii (male voice 1),M1,high,4104,VO_M1_H_DMG_M2,DMG_M2,
Mii (male voice 1),M1,high,4105,VO_M1_H_DMG_M_END,DMG_M_END,
Mii (male voice 1),M1,high,4106,VO_M1_H_DMG_S,DMG_S,
Mii (male voice 1),M1,high,4107,VO_M1_H_DMG_S2,DMG_S2,
Mii (male voice 1),M1,high,4108,VO_M1_H_DMG_S_END,DMG_S_END,
Mii (male voice 1),M1,high,4109,VO_M1_H_DMG_SPN,DMG_SPN,
Mii (male voice 1),M1,high,4110,VO_M1_H_DMG_SPN2,DMG_SPN2,
Mii (male voice 1),M1,high,4111,VO_M1_H_DMG_SPN_END,DMG_SPN_END,
Mii (male voice 1),M1,high,4112,VO_M1_H_DMG_FRE,DMG_FRE,
Mii (male voice 1),M1,high,4113,VO_M1_H_DMG_FRE2,DMG_FRE2,
Mii (male voice 1),M1,high,4114,VO_M1_H_DMG_FRE_END,DMG_FRE_END,
Mii (male voice 1),M1,high,4115,VO_M1_H_FAL,FAL,
Mii (male voice 1),M1,high,4116,VO_M1_H_FAL2,FAL2,
Mii (male voice 1),M1,high,4117,VO_M1_H_FAL_END,FAL_END,
Mii (male voice 1),M1,high,4118,VO_M1_H_FAL_W,FAL_W,
Mii (male voice 1),M1,high,4119,VO_M1_H_FAL_W2,FAL_W2,
Mii (male voice 1),M1,high,4120,VO_M1_H_FAL_W_END,FAL_W_END,
Mii (male voice 1),M1,high,4121,VO_M1_H_RET,RET,
Mii (male voice 1),M1,high,4122,VO_M1_H_RET2,RET2,
Mii (male voice 1),M1,high,4123,VO_M1_H_RET_END,RET_END,
Mii (male voice 1),M1,high,4124,VO_M1_H_RET_W,RET_W,
Mii (male voice 1),M1,high,4125,VO_M1_H_RET_W2,RET_W2,
Mii (male voice 1),M1,high,4126,VO_M1_H_RET_W_END,RET_W_END,
Mii (male voice 1),M1,high,4127,VO_M1_H_ITM_PUT,ITM_PUT,
Mii (male voice 1),M1,high,4128,VO_M1_H_ITM_PUT2,ITM_PUT2,
Mii (male voice 1),M1,high,4129,VO_M1_H_ITM_PUT_END,ITM_PUT_END,
Mii (male voice 1),M1,high,4130,VO_M1_H_ITM_TRW,ITM_TRW,
Mii (male voice 1),M1,high,4131,VO_M1_H_ITM_TRW2,ITM_TRW2,
Mii (male voice 1),M1,high,4132,VO_M1_H_ITM_TRW_END,ITM_TRW_END,
Mii (male voice 1),M1,high,4133,VO_M1_H_ITM_SCES,ITM_SCES,
Mii (male voice 1),M1,high,4134,VO_M1_H_ITM_SCES2,ITM_SCES2,
Mii (male voice 1),M1,high,4135,VO_M1_H_ITM_SCES_END,ITM_SCES_END,
Mii (male voice 1),M1,high,4136,VO_M1_H_ITM_PWUP,ITM_PWUP,
Mii (male voice 1),M1,high,4137,VO_M1_H_ITM_PWUP2,ITM_PWUP2,
Mii (male voice 1),M1,high,4138,VO_M1_H_ITM_PWUP_END,ITM_PWUP_END,
Mii (male voice 1),M1,high,4139,VO_M1_H_GOL_TOP,GOL_TOP,
Mii (male voice 1),M1,high,4140,VO_M1_H_GOL_TOP2,GOL_TOP2,
Mii (male voice 1),M1,high,4141,VO_M1_H_GOL_TOP_END,GOL_TOP_END,
Mii (male voice 1),M1,high,4142,VO_M1_H_GOL_GOD,GOL_GOD,
Mii (male voice 1),M1,high,4143,VO_M1_H_GOL_GOD2,GOL_GOD2,
Mii (male voice 1),M1,high,4144,VO_M1_H_GOL_GOD_END,GOL_GOD_END,
Mii (male voice 1),M1,high,4145,VO_M1_H_GOL_BAD,GOL_BAD,
Mii (male voice 1),M1,high,4146,VO_M1_H_GOL_BAD2,GOL_BAD2,
Mii (male voice 1),M1,high,4147,VO_M1_H_GOL_BAD_END,GOL_BAD_END,
Mii (male voice 1),M1,high,4148,VO_M1_H_CAN,CAN,
Mii (male voice 1),M1,high,4149,VO_M1_H_CAN2,CAN2,
Mii (male voice 1),M1,high,4150,VO_M1_H_CAN_END,CAN_END,
Mii (male voice 1),M1,high,4151,VO_M1_H_NPC_ATK,NPC_ATK,yes
Mii (male voice 1),M1,high,4152,VO_M1_H_NPC_ATK2,NPC_ATK2,yes
Mii (male voice 1),M1,high,4153,VO_M1_H_NPC_ATK_END,NPC_ATK_END,yes
Mii (male voice 1),M1,high,4154,VO_M1_H_NPC_DSH,NPC_DSH,yes
Mii (male voice 1),M1,high,4155,VO_M1_H_NPC_DSH2,NPC_DSH2,yes
Mii (male voice 1),M1,high,4156,VO_M1_H_NPC_DSH_END,NPC_DSH_END,yes
Mii (male voice 1),M1,high,4157,VO_M1_H_NPC_JP_M,NPC_JP_M,yes
Mii (male voice 1),M1,high,4158,VO_M1_H_NPC_JP_M2,NPC_JP_M2,yes
Mii (male voice 1),M1,high,4159,VO_M1_H_NPC_JP_M_END,NPC_JP_M_END,yes
Mii (male voice 1),M1,high,4160,VO_M1_H_NPC_WLE_FAIL,NPC_WLE_FAIL,yes
Mii (male voice 1),M1,high,4161,VO_M1_H_NPC_WLE_FAIL2,NPC_WLE_FAIL2,yes
Mii (male voice 1),M1,high,4162,VO_M1_H_NPC_WLE_FAIL_END,NPC_WLE_FAIL_END,yes
Mii (male voice 1),M1,high,4163,VO_M1_H_NPC_OVTAK,NPC_OVTAK,yes
Mii (male voice 1),M1,high,4164,VO_M1_H_NPC_OVTAK2,NPC_OVTAK2,yes
Mii (male voice 1),M1,high,4165,VO_M1_H_NPC_OVTAK_END,NPC_OVTAK_END,yes
Mii (male voice 1),M1,high,4166,VO_M1_H_NPC_DMG_L,NPC_DMG_L,yes
Mii (male voice 1),M1,high,4167,VO_M1_H_NPC_DMG_L2,NPC_DMG_L2,yes
Mii (male voice 1),M1,high,4168,VO_M1_H_NPC_DMG_L_END,NPC_DMG_L_END,yes
Mii (male voice 1),M1,high,4169,VO_M1_H_NPC_DMG_S,NPC_DMG_S,yes
Mii (male voice 1),M1,high,4170,VO_M1_H_NPC_DMG_S2,NPC_DMG_S2,yes
Mii (male voice 1),M1,high,4171,VO_M1_H_NPC_DMG_S_END,NPC_DMG_S_END,yes
Mii (male voice 1),M1,high,4172,VO_M1_H_NPC_DMG_SPN,NPC_DMG_SPN,yes
Mii (male voice 1),M1,high,4173,VO_M1_H_NPC_DMG_SPN2,NPC_DMG_SPN2,yes
Mii (male voice 1),M1,high,4174,VO_M1_H_NPC_DMG_SPN_END,NPC_DMG_SPN_END,yes
Mii (male voice 1),M1,high,4175,VO_M1_H_NPC_FAL,NPC_FAL,yes
Mii (male voice 1),M1,high,4176,VO_M1_H_NPC_FAL_W,NPC_FAL_W,yes
Mii (male voice 1),M1,high,4177,VO_M1_H_NPC_RET,NPC_RET,yes
Mii (male voice 1),M1,high,4178,VO_M1_H_NPC_ITM_SCES,NPC_ITM_SCES,yes
Mii (male voice 1),M1,high,4179,VO_M1_H_NPC_ITM_PWUP,NPC_ITM_PWUP,yes
Mii (male voice 1),M1,high,4180,VO_M1_H_NPC_CAN,NPC_CAN,yes
Mii (male voice 1),M1,high,4181,VO_M1_H_STRM,STRM,
Mii (male voice 1),M1,high,4182,VO_M1_H_STRM2,STRM2,
Mii (male voice 1),M1,high,4183,VO_M1_H_STRM_END,STRM_END,
Mii (male voice 1),M1,high,4184,VO_M1_H_NPC_STRM,NPC_STRM,yes
Mii (male voice 1),M1,low,1001,VO_M1_L_SELECT_CHAR_01,SELECT_CHAR_01,
Mii (male voice 1),M1,low,1002,VO_M1_L_SELECT_CHAR_02,SELECT_CHAR_02,
Mii (male voice 1),M1,low,1003,VO_M1_L_SELECT_CHAR_END,SELECT_CHAR_END,
Mii (male voice 1),M1,low,4185,VO_M1_L_ATK,ATK,
Mii (male voice 1),M1,low,4186,VO_M1_L_ATK2,ATK2,
Mii (male voice 1),M1,low,4187,VO_M1_L_ATK_END,ATK_END,
Mii (male voice 1),M1,low,4188,VO_M1_L_DSH,DSH,
Mii (male voice 1),M1,low,4189,VO_M1_L_DSH2,DSH2,
Mii (male voice 1),M1,low,4190,VO_M1_L_DSH3,DSH3,
Mii (male voice 1),M1,low,4191,VO_M1_L_DSH4,DSH4,
Mii (male voice 1),M1,low,4192,VO_M1_L_DSH5,DSH5,
Mii (male voice 1),M1,low,4193,VO_M1_L_DSH_END,DSH_END,
Mii (male voice 1),M1,low,4194,VO_M1_L_JP_ACT,JP_ACT,
Mii (male voice 1),M1,low,4195,VO_M1_L_JP_ACT2,JP_ACT2,
Mii (male voice 1),M1,low,4196,VO_M1_L_JP_ACT_END,JP_ACT_END,
Mii (male voice 1),M1,low,4197,VO_M1_L_JP_M,JP_M,
Mii (male voice 1),M1,low,4198,VO_M1_L_JP_M2,JP_M2,
Mii (male voice 1),M1,low,4199,VO_M1_L_JP_M_END,JP_M_END,
Mii (male voice 1),M1,low,4200,VO_M1_L_JP_S,JP_S,
Mii (male voice 1),M1,low,4201,VO_M1_L_JP_S2,JP_S2,
Mii (male voice 1),M1,low,4202,VO_M1_L_JP_S_END,JP_S_END,
Mii (male voice 1),M1,low,4203,VO_M1_L_LND_L,LND_L,
Mii (male voice 1),M1,low,4204,VO_M1_L_LND_L2,LND_L2,
Mii (male voice 1),M1,low,4205,VO_M1_L_LND_L_END,LND_L_END,
Mii (male voice 1),M1,low,4206,VO_M1_L_LND_S,LND_S,
Mii (male voice 1),M1,low,4207,VO_M1_L_LND_S2,LND_S2,
Mii (male voice 1),M1,low,4208,VO_M1_L_LND_S_END,LND_S_END,
Mii (male voice 1),M1,low,4209,VO_M1_L_OVTAK,OVTAK,
Mii (male voice 1),M1,low,4210,VO_M1_L_OVTAK2,OVTAK2,
Mii (male voice 1),M1,low,4211,VO_M1_L_OVTAK_END,OVTAK_END,
Mii (male voice 1),M1,low,4212,VO_M1_L_WLE,WLE,
Mii (male voice 1),M1,low,4213,VO_M1_L_WLE2,WLE2,
Mii (male voice 1),M1,low,4214,VO_M1_L_WLE_END,WLE_END,
Mii (male voice 1),M1,low,4215,VO_M1_L_WLE_FAIL,WLE_FAIL,
Mii (male voice 1),M1,low,4216,VO_M1_L_WLE_FAIL2,WLE_FAIL2,
Mii (male voice 1),M1,low,4217,VO_M1_L_WLE_FAIL_END,WLE_FAIL_END,
Mii (male voice 1),M1,low,4218,VO_M1_L_DMG_L,DMG_L,
Mii (male voice 1),M1,low,4219,VO_M1_L_DMG_L2,DMG_L2,
Mii (male voice 1),M1,low,4220,VO_M1_L_DMG_L_END,DMG_L_END,
Mii (male voice 1),M1,low,4221,VO_M1_L_DMG_M,DMG_M,
Mii (male voice 1),M1,low,4222,VO_M1_L_DMG_M2,DMG_M2,
Mii (male voice 1),M1,low,4223,VO_M1_L_DMG_M_END,DMG_M_END,
Mii (male voice 1),M1,low,4224,VO_M1_L_DMG_S,DMG_S,
Mii (male voice 1),M1,low,4225,VO_M1_L_DMG_S2,DMG_S2,
Mii (male voice 1),M1,low,4226,VO_M1_L_DMG_S_END,DMG_S_END,
Mii (male voice 1),M1,low,4227,VO_M1_L_DMG_SPN,DMG_SPN,
Mii (male voice 1),M1,low,4228,VO_M1_L_DMG_SPN2,DMG_SPN2,
Mii (male voice 1),M1,low,4229,VO_M1_L_DMG_SPN_END,DMG_SPN_END,
Mii (male voice 1),M1,low,4230,VO_M1_L_DMG_FRE,DMG_FRE,
Mii (male voice 1),M1,low,4231,VO_M1_L_DMG_FRE2,DMG_FRE2,
Mii (male voice 1),M1,low,4232,VO_M1_L_DMG_FRE_END,DMG_FRE_END,
Mii (male voice 1),M1,low,4233,VO_M1_L_FAL,FAL,
Mii (male voice 1),M1,low,4234,VO_M1_L_FAL2,FAL2,
Mii (male voice 1),M1,low,4235,VO_M1_L_FAL_END,FAL_END,
Mii (male voice 1),M1,low,4236,VO_M1_L_FAL_W,FAL_W,
Mii (male voice 1),M1,low,4237,VO_M1_L_FAL_W2,FAL_W2,
Mii (male voice 1),M1,low,4238,VO_M1_L_FAL_W_END,FAL_W_END,
Mii (male voice 1),M1,low,4239,VO_M1_L_RET,RET,
Mii (male voice 1),M1,low,4240,VO_M1_L_RET2,RET2,
Mii (male voice 1),M1,low,4241,VO_M1_L_RET_END,RET_END,
Mii (male voice 1),M1,low,4242,VO_M1_L_RET_W,RET_W,
Mii (male voice 1),M1,low,4243,VO_M1_L_RET_W2,RET_W2,
Mii (male voice 1),M1,low,4244,VO_M1_L_RET_W_END,RET_W_END,
Mii (male voice 1),M1,low,4245,VO_M1_L_ITM_PUT,ITM_PUT,
Mii (male voice 1),M1,low,4246,VO_M1_L_ITM_PUT2,ITM_PUT2,
Mii (male voice 1),M1,low,4247,VO_M1_L_ITM_PUT_END,ITM_PUT_END,
Mii (male voice 1),M1,low,4248,VO_M1_L_ITM_TRW,ITM_TRW,
Mii (male voice 1),M1,low,4249,VO_M1_L_ITM_TRW2,ITM_TRW2,
Mii (male voice 1),M1,low,4250,VO_M1_L_ITM_TRW_END,ITM_TRW_END,
Mii (male voice 1),M1,low,4251,VO_M1_L_ITM_SCES,ITM_SCES,
Mii (male voice 1),M1,low,4252,VO_M1_L_ITM_SCES2,ITM_SCES2,
Mii (male voice 1),M1,low,4253,VO_M1_L_ITM_SCES_END,ITM_SCES_END,
Mii (male voice 1),M1,low,4254,VO_M1_L_ITM_PWUP,ITM_PWUP,
Mii (male voice 1),M1,low,4255,VO_M1_L_ITM_PWUP2,ITM_PWUP2,
Mii (male voice 1),M1,low,4256,VO_M1_L_ITM_PWUP_END,ITM_PWUP_END,
Mii (male voice 1),M1,low,4257,VO_M1_L_GOL_TOP,GOL_TOP,
Mii (male voice 1),M1,low,4258,VO_M1_L_GOL_TOP2,GOL_TOP2,
Mii (male voice 1),M1,low,4259,VO_M1_L_GOL_TOP_END,GOL_TOP_END,
Mii (male voice 1),M1,low,4260,VO_M1_L_GOL_GOD,GOL_GOD,
Mii (male voice 1),M1,low,4261,VO_M1_L_GOL_GOD2,GOL_GOD2,
Mii (male voice 1),M1,low,4262,VO_M1_L_GOL_GOD_END,GOL_GOD_END,
Mii (male voice 1),M1,low,4263,VO_M1_L_GOL_BAD,GOL_BAD,
Mii (male voice 1),M1,low,4264,VO_M1_L_GOL_BAD2,GOL_BAD2,
Mii (male voice 1),M1,low,4265,VO_M1_L_GOL_BAD_END,GOL_BAD_END,
Mii (male voice 1),M1,low,4266,VO_M1_L_CAN,CAN,
Mii (male voice 1),M1,low,4267,VO_M1_L_CAN2,CAN2,
Mii (male voice 1),M1,low,4268,VO_M1_L_CAN_END,CAN_END,
Mii (male voice 1),M1,low,4269,VO_M1_L_NPC_ATK,NPC_ATK,yes
Mii (male voice 1),M1,low,4270,VO_M1_L_NPC_ATK2,NPC_ATK2,yes
Mii (male voice 1),M1,low,4271,VO_M1_L_NPC_ATK_END,NPC_ATK_END,yes
Mii (male voice 1),M1,low,4272,VO_M1_L_NPC_DSH,NPC_DSH,yes
Mii (male voice 1),M1,low,4273,VO_M1_L_NPC_DSH2,NPC_DSH2,yes
Mii (male voice 1),M1,low,4274,VO_M1_L_NPC_DSH_END,NPC_DSH_END,yes
Mii (male voice 1),M1,low,4275,VO_M1_L_NPC_JP_M,NPC_JP_M,yes
Mii (male voice 1),M1,low,4276,VO_M1_L_NPC_JP_M2,NPC_JP_M2,yes
Mii (male voice 1),M1,low,4277,VO_M1_L_NPC_JP_M_END,NPC_JP_M_END,yes
Mii (male voice 1),M1,low,4278,VO_M1_L_NPC_WLE_FAIL,NPC_WLE_FAIL,yes
Mii (male voice 1),M1,low,4279,VO_M1_L_NPC_WLE_FAIL2,NPC_WLE_FAIL2,yes
Mii (male voice 1),M1,low,4280,VO_M1_L_NPC_WLE_FAIL_END,NPC_WLE_FAIL_END,yes
Mii (male voice 1),M1,low,4281,VO_M1_L_NPC_OVTAK,NPC_OVTAK,yes
Mii (male voice 1),M1,low,4282,VO_M1_L_NPC_OVTAK2,NPC_OVTAK2,yes
Mii (male voice 1),M1,low,4283,VO_M1_L_NPC_OVTAK_END,NPC_OVTAK_END,yes
Mii (male voice 1),M1,low,4284,VO_M1_L_NPC_DMG_L,NPC_DMG_L,yes
Mii (male voice 1),M1,low,4285,VO_M1_L_NPC_DMG_L2,NPC_DMG_L2,yes
Mii (male voice 1),M1,low,4286,VO_M1_L_NPC_DMG_L_END,NPC_DMG_L_END,yes
Mii (male voice 1),M1,low,4287,VO_M1_L_NPC_DMG_S,NPC_DMG_S,yes
Mii (male voice 1),M1,low,4288,VO_M1_L_NPC_DMG_S2,NPC_DMG_S2,yes
Mii (male voice 1),M1,low,4289,VO_M1_L_NPC_DMG_S_END,NPC_DMG_S_END,yes
Mii (male voice 1),M1,low,4290,VO_M1_L_NPC_DMG_SPN,NPC_DMG_SPN,yes
Mii (male voice 1),M1,low,4291,VO_M1_L_NPC_DMG_SPN2,NPC_DMG_SPN2,yes
Mii (male voice 1),M1,low,4292,VO_M1_L_NPC_DMG_SPN_END,NPC_DMG_SPN_END,yes
Mii (male voice 1),M1,low,4293,VO_M1_L_NPC_FAL,NPC_FAL,yes
Mii (male voice 1),M1,low,4294,VO_M1_L_NPC_FAL_W,NPC_FAL_W,yes
Mii (male voice 1),M1,low,4295,VO_M1_L_NPC_RET,NPC_RET,yes
Mii (male voice 1),M1,low,4296,VO_M1_L_NPC_ITM_SCES,NPC_ITM_SCES,yes
Mii (male voice 1),M1,low,4297,VO_M1_L_NPC_ITM_PWUP,NPC_ITM_PWUP,yes
Mii (male voice 1),M1,low,4298,VO_M1_L_NPC_CAN,NPC_CAN,yes
Mii (male voice 1),M1,low,4299,VO_M1_L_STRM,STRM,
Mii (male voice 1),M1,low,4300,VO_M1_L_STRM2,STRM2,
Mii (male voice 1),M1,low,4301,VO_M1_L_STRM_END,STRM_END,
Mii (male voice 1),M1,low,4302,VO_M1_L_NPC_STRM,NPC_STRM,yes
Mii (male voice 1),M1,normal,995,VO_M1_N_SELECT_CHAR_01,SELECT_CHAR_01,
Mii (male voice 1),M1,normal,996,VO_M1_N_SELECT_CHAR_02,SELECT_CHAR_02,
Mii (male voice 1),M1,normal,997,VO_M1_N_SELECT_CHAR_END,SELECT_CHAR_END,
Mii (male voice 1),M1,normal,3949,VO_M1_N_ATK,ATK,
Mii (male voice 1),M1,normal,3950,VO_M1_N_ATK2,ATK2,
Mii (male voice 1),M1,normal,3951,VO_M1_N_ATK_END,ATK_END,
Mii (male voice 1),M1,normal,3952,VO_M1_N_DSH,DSH,
Mii (male voice 1),M1,normal,3953,VO_M1_N_DSH2,DSH2,
Mii (male voice 1),M1,normal,3954,VO_M1_N_DSH3,DSH3,
Mii (male voice 1),M1,normal,3955,VO_M1_N_DSH4,DSH4,
Mii (male voice 1),M1,normal,3956,VO_M1_N_DSH5,DSH5,
Mii (male voice 1),M1,normal,3957,VO_M1_N_DSH_END,DSH_END,
Mii (male voice 1),M1,normal,3958,VO_M1_N_JP_ACT,JP_ACT,
Mii (male voice 1),M1,normal,3959,VO_M1_N_JP_ACT2,JP_ACT2,
Mii (male voice 1),M1,normal,3960,VO_M1_N_JP_ACT_END,JP_ACT_END,
Mii (male voice 1),M1,normal,3961,VO_M1_N_JP_M,JP_M,
Mii (male voice 1),M1,normal,3962,VO_M1_N_JP_M2,JP_M2,
Mii (male voice 1),M1,normal,3963,VO_M1_N_JP_M_END,JP_M_END,
Mii (male voice 1),M1,normal,3964,VO_M1_N_JP_S,JP_S,
Mii (male voice 1),M1,normal,3965,VO_M1_N_JP_S2,JP_S2,
Mii (male voice 1),M1,normal,3966,VO_M1_N_JP_S_END,JP_S_END,
Mii (male voice 1),M1,normal,3967,VO_M1_N_LND_L,LND_L,
Mii (male voice 1),M1,normal,3968,VO_M1_N_LND_L2,LND_L2,
Mii (male voice 1),M1,normal,3969,VO_M1_N_LND_L_END,LND_L_END,
Mii (male voice 1),M1,normal,3970,VO_M1_N_LND_S,LND_S,
Mii (male voice 1),M1,normal,3971,VO_M1_N_LND_S2,LND_S2,
Mii (male voice 1),M1,normal,3972,VO_M1_N_LND_S_END,LND_S_END,
Mii (male voice 1),M1,normal,3973,VO_M1_N_OVTAK,OVTAK,
Mii (male voice 1),M1,normal,3974,VO_M1_N_OVTAK2,OVTAK2,
Mii (male voice 1),M1,normal,3975,VO_M1_N_OVTAK_END,OVTAK_END,
Mii (male voice 1),M1,normal,3976,VO_M1_N_WLE,WLE,
Mii (male voice 1),M1,normal,3977,VO_M1_N_WLE2,WLE2,
Mii (male voice 1),M1,normal,3978,VO_M1_N_WLE_END,WLE_END,
Mii (male voice 1),M1,normal,3979,VO_M1_N_WLE_FAIL,WLE_FAIL,
Mii (male voice 1),M1,normal,3980,VO_M1_N_WLE_FAIL2,WLE_FAIL2,
Mii (male voice 1),M1,normal,3981,VO_M1_N_WLE_FAIL_END,WLE_FAIL_END,
Mii (male voice 1),M1,normal,3982,VO_M1_N_DMG_L,DMG_L,
Mii (male voice 1),M1,normal,3983,VO_M1_N_DMG_L2,DMG_L2,
Mii (male voice 1),M1,normal,3984,VO_M1_N_DMG_L_END,DMG_L_END,
Mii (male voice 1),M1,normal,3985,VO_M1_N_DMG_M,DMG_M,
Mii (male voice 1),M1,normal,3986,VO_M1_N_DMG_M2,DMG_M2,
Mii (male voice 1),M1,normal,3987,VO_M1_N_DMG_M_END,DMG_M_END,
Mii (male voice 1),M1,normal,3988,VO_M1_N_DMG_S,DMG_S,
Mii (male voice 1),M1,normal,3989,VO_M1_N_DMG_S2,DMG_S2,
Mii (male voice 1),M1,normal,3990,VO_M1_N_DMG_S_END,DMG_S_END,
Mii (male voice 1),M1,normal,3991,VO_M1_N_DMG_SPN,DMG_SPN,
Mii (male voice 1),M1,normal,3992,VO_M1_N_DMG_SPN2,DMG_SPN2,
Mii (male voice 1),M1,normal,3993,VO_M1_N_DMG_SPN_END,DMG_SPN_END,
Mii (male voice 1),M1,normal,3994,VO_M1_N_DMG_FRE,DMG_FRE,
Mii (male voice 1),M1,normal,3995,VO_M1_N_DMG_FRE2,DMG_FRE2,
Mii (male voice 1),M1,normal,3996,VO_M1_N_DMG_FRE_END,DMG_FRE_END,
Mii (male voice 1),M1,normal,3997,VO_M1_N_FAL,FAL,
Mii (male voice 1),M1,normal,3998,VO_M1_N_FAL2,FAL2,
Mii (male voice 1),M1,normal,3999,VO_M1_N_FAL_END,FAL_END,
Mii (male voice 1),M1,normal,4000,VO_M1_N_FAL_W,FAL_W,
Mii (male voice 1),M1,normal,4001,VO_M1_N_FAL_W2,FAL_W2,
Mii (male voice 1),M1,normal,4002,VO_M1_N_FAL_W_END,FAL_W_END,
Mii (male voice 1),M1,normal,4003,VO_M1_N_RET,RET,
Mii (male voice 1),M1,normal,4004,VO_M1_N_RET2,RET2,
Mii (male voice 1),M1,normal,4005,VO_M1_N_RET_END,RET_END,
Mii (male voice 1),M1,normal,4006,VO_M1_N_RET_W,RET_W,
Mii (male voice 1),M1,normal,4007,VO_M1_N_RET_W2,RET_W2,
Mii (male voice 1),M1,normal,4008,VO_M1_N_RET_W_END,RET_W_END,
Mii (male voice 1),M1,normal,4009,VO_M1_N_ITM_PUT,ITM_PUT,
Mii (male voice 1),M1,normal,4010,VO_M1_N_ITM_PUT2,ITM_PUT2,
Mii (male voice 1),M1,normal,4011,VO_M1_N_ITM_PUT_END,ITM_PUT_END,
Mii (male voice 1),M1,normal,4012,VO_M1_N_ITM_TRW,ITM_TRW,
Mii (male voice 1),M1,normal,4013,VO_M1_N_ITM_TRW2,ITM_TRW2,
Mii (male voice 1),M1,normal,4014,VO_M1_N_ITM_TRW_END,ITM_TRW_END,
Mii (male voice 1),M1,normal,4015,VO_M1_N_ITM_SCES,ITM_SCES,
Mii (male voice 1),M1,normal,4016,VO_M1_N_ITM_SCES2,ITM_SCES2,
Mii (male voice 1),M1,normal,4017,VO_M1_N_ITM_SCES_END,ITM_SCES_END,
Mii (male voice 1),M1,normal,4018,VO_M1_N_ITM_PWUP,ITM_PWUP,
Mii (male voice 1),M1,normal,4019,VO_M1_N_ITM_PWUP2,ITM_PWUP2,
Mii (male voice 1),M1,normal,4020,VO_M1_N_ITM_PWUP_END,ITM_PWUP_END,
Mii (male voice 1),M1,normal,4021,VO_M1_N_GOL_TOP,GOL_TOP,
Mii (male voice 1),M1,normal,4022,VO_M1_N_GOL_TOP2,GOL_TOP2,
Mii (male voice 1),M1,normal,4023,VO_M1_N_GOL_TOP_END,GOL_TOP_END,
Mii (male voice 1),M1,normal,4024,VO_M1_N_GOL_GOD,GOL_GOD,
Mii (male voice 1),M1,normal,4025,VO_M1_N_GOL_GOD2,GOL_GOD2,
Mii (male voice 1),M1,normal,4026,VO_M1_N_GOL_GOD_END,GOL_GOD_END,
Mii (male voice 1),M1,normal,4027,VO_M1_N_GOL_BAD,GOL_BAD,
Mii (male voice 1),M1,normal,4028,VO_M1_N_GOL_BAD2,GOL_BAD2,
Mii (male voice 1),M1,normal,4029,VO_M1_N_GOL_BAD_END,GOL_BAD_END,
Mii (male voice 1),M1,normal,4030,VO_M1_N_CAN,CAN,
Mii (male voice 1),M1,normal,4031,VO_M1_N_CAN2,CAN2,
Mii (male voice 1),M1,normal,4032,VO_M1_N_CAN_END,CAN_END,
Mii (male voice 1),M1,normal,4033,VO_M1_N_NPC_ATK,NPC_ATK,yes
Mii (male voice 1),M1,normal,4034,VO_M1_N_NPC_ATK2,NPC_ATK2,yes
Mii (male voice 1),M1,normal,4035,VO_M1_N_NPC_ATK_END,NPC_ATK_END,yes
Mii (male voice 1),M1,normal,4036,VO_M1_N_NPC_DSH,NPC_DSH,yes
Mii (male voice 1),M1,normal,4037,VO_M1_N_NPC_DSH2,NPC_DSH2,yes
Mii (male voice 1),M1,normal,4038,VO_M1_N_NPC_DSH_END,NPC_DSH_END,yes
Mii (male voice 1),M1,normal,4039,VO_M1_N_NPC_JP_M,NPC_JP_M,yes
Mii (male voice 1),M1,normal,4040,VO_M1_N_NPC_JP_M2,NPC_JP_M2,yes
Mii (male voice 1),M1,normal,4041,VO_M1_N_NPC_JP_M_END,NPC_JP_M_END,yes
Mii (male voice 1),M1,normal,4042,VO_M1_N_NPC_WLE_FAIL,NPC_WLE_FAIL,yes
Mii (male voice 1),M1,normal,4043,VO_M1_N_NPC_WLE_FAIL2,NPC_WLE_FAIL2,yes
Mii (male voice 1),M1,normal,4044,VO_M1_N_NPC_WLE_FAIL_END,NPC_WLE_FAIL_END,yes
Mii (male voice 1),M1,normal,4045,VO_M1_N_NPC_OVTAK,NPC_OVTAK,yes
Mii (male voice 1),M1,normal,4046,VO_M1_N_NPC_OVTAK2,NPC_OVTAK2,yes
Mii (male voice 1),M1,normal,4047,VO_M1_N_NPC_OVTAK_END,NPC_OVTAK_END,yes
Mii (male voice 1),M1,normal,4048,VO_M1_N_NPC_DMG_L,NPC_DMG_L,yes
Mii (male voice 1),M1,normal,4049,VO_M1_N_NPC_DMG_L2,NPC_DMG_L2,yes
Mii (male voice 1),M1,normal,4050,VO_M1_N_NPC_DMG_L_END,NPC_DMG_L_END,yes
Mii (male voice 1),M1,normal,4051,VO_M1_N_NPC_DMG_S,NPC_DMG_S,yes
Mii (male voice 1),M1,normal,4052,VO_M1_N_NPC_DMG_S2,NPC_DMG_S2,yes
Mii (male voice 1),M1,normal,4053,VO_M1_N_NPC_DMG_S_END,NPC_DMG_S_END,yes
Mii (male voice 1),M1,normal,4054,VO_M1_N_NPC_DMG_SPN,NPC_DMG_SPN,yes
Mii (male voice 1),M1,normal,4055,VO_M1_N_NPC_DMG_SPN2,NPC_DMG_SPN2,yes
Mii (male voice 1),M1,normal,4056,VO_M1_N_NPC_DMG_SPN_END,NPC_DMG_SPN_END,yes
Mii (male voice 1),M1,normal,4057,VO_M1_N_NPC_FAL,NPC_FAL,yes
Mii (male voice 1),M1,normal,4058,VO_M1_N_NPC_FAL_W,NPC_FAL_W,yes
Mii (male voice 1),M1,normal,4059,VO_M1_N_NPC_RET,NPC_RET,yes
Mii (male voice 1),M1,normal,4060,VO_M1_N_NPC_ITM_SCES,NPC_ITM_SCES,yes
Mii (male voice 1),M1,normal,4061,VO_M1_N_NPC_ITM_PWUP,NPC_ITM_PWUP,yes
Mii (male voice 1),M1,normal,4062,VO_M1_N_NPC_CAN,NPC_CAN,yes
Mii (male voice 1),M1,normal,4063,VO_M1_N_STRM,STRM,
Mii (male voice 1),M1,normal,4064,VO_M1_N_STRM2,STRM2,
Mii (male voice 1),M1,normal,4065,VO_M1_N_STRM_END,STRM_END,
Mii (male voice 1),M1,normal,4066,VO_M1_N_NPC_STRM,NPC_STRM,yes
Mii (male voice 2),M2,high,1007,VO_M2_H_SELECT_CHAR_01,SELECT_CHAR_01,
Mii (male voice 2),M2,high,1008,VO_M2_H_SELECT_CHAR_02,SELECT_CHAR_02,
Mii (male voice 2),M2,high,1009,VO_M2_H_SELECT_CHAR_END,SELECT_CHAR_END,
Mii (male voice 2),M2,high,4421,VO_M2_H_ATK,ATK,
Mii (male voice 2),M2,high,4422,VO_M2_H_ATK2,ATK2,
Mii (male voice 2),M2,high,4423,VO_M2_H_ATK_END,ATK_END,
Mii (male voice 2),M2,high,4424,VO_M2_H_DSH,DSH,
Mii (male voice 2),M2,high,4425,VO_M2_H_DSH2,DSH2,
Mii (male voice 2),M2,high,4426,VO_M2_H_DSH3,DSH3,
Mii (male voice 2),M2,high,4427,VO_M2_H_DSH4,DSH4,
Mii (male voice 2),M2,high,4428,VO_M2_H_DSH5,DSH5,
Mii (male voice 2),M2,high,4429,VO_M2_H_DSH_END,DSH_END,
Mii (male voice 2),M2,high,4430,VO_M2_H_JP_ACT,JP_ACT,
Mii (male voice 2),M2,high,4431,VO_M2_H_JP_ACT2,JP_ACT2,
Mii (male voice 2),M2,high,4432,VO_M2_H_JP_ACT_END,JP_ACT_END,
Mii (male voice 2),M2,high,4433,VO_M2_H_JP_M,JP_M,
Mii (male voice 2),M2,high,4434,VO_M2_H_JP_M2,JP_M2,
Mii (male voice 2),M2,high,4435,VO_M2_H_JP_M_END,JP_M_END,
Mii (male voice 2),M2,high,4436,VO_M2_H_JP_S,JP_S,
Mii (male voice 2),M2,high,4437,VO_M2_H_JP_S2,JP_S2,
Mii (male voice 2),M2,high,4438,VO_M2_H_JP_S_END,JP_S_END,
Mii (male voice 2),M2,high,4439,VO_M2_H_LND_L,LND_L,
Mii (male voice 2),M2,high,4440,VO_M2_H_LND_L2,LND_L2,
Mii (male voice 2),M2,high,4441,VO_M2_H_LND_L_END,LND_L_END,
Mii (male voice 2),M2,high,4442,VO_M2_H_LND_S,LND_S,
Mii (male voice 2),M2,high,4443,VO_M2_H_LND_S2,LND_S2,
Mii (male voice 2),M2,high,4444,VO_M2_H_LND_S_END,LND_S_END,
Mii (male voice 2),M2,high,4445,VO_M2_H_OVTAK,OVTAK,
Mii (male voice 2),M2,high,4446,VO_M2_H_OVTAK2,OVTAK2,
Mii (male voice 2),M2,high,4447,VO_M2_H_OVTAK_END,OVTAK_END,
Mii (male voice 2),M2,high,4448,VO_M2_H_WLE,WLE,
Mii (male voice 2),M2,high,4449,VO_M2_H_WLE2,WLE2,
Mii (male voice 2),M2,high,4450,VO_M2_H_WLE_END,WLE_END,
Mii (male voice 2),M2,high,4451,VO_M2_H_WLE_FAIL,WLE_FAIL,
Mii (male voice 2),M2,high,4452,VO_M2_H_WLE_FAIL2,WLE_FAIL2,
Mii (male voice 2),M2,high,4453,VO_M2_H_WLE_FAIL_END,WLE_FAIL_END,
Mii (male voice 2),M2,high,4454,VO_M2_H_DMG_L,DMG_L,
Mii (male voice 2),M2,high,4455,VO_M2_H_DMG_L2,DMG_L2,
Mii (male voice 2),M2,high,4456,VO_M2_H_DMG_L_END,DMG_L_END,
Mii (male voice 2),M2,high,4457,VO_M2_H_DMG_M,DMG_M,
Mii (male voice 2),M2,high,4458,VO_M2_H_DMG_M2,DMG_M2,
Mii (male voice 2),M2,high,4459,VO_M2_H_DMG_M_END,DMG_M_END,
Mii (male voice 2),M2,high,4460,VO_M2_H_DMG_S,DMG_S,
Mii (male voice 2),M2,high,4461,VO_M2_H_DMG_S2,DMG_S2,
Mii (male voice 2),M2,high,4462,VO_M2_H_DMG_S_END,DMG_S_END,
Mii (male voice 2),M2,high,4463,VO_M2_H_DMG_SPN,DMG_SPN,
Mii (male voice 2),M2,high,4464,VO_M2_H_DMG_SPN2,DMG_SPN2,
Mii (male voice 2),M2,high,4465,VO_M2_H_DMG_SPN_END,DMG_SPN_END,
Mii (male voice 2),M2,high,4466,VO_M2_H_DMG_FRE,DMG_FRE,
Mii (male voice 2),M2,high,4467,VO_M2_H_DMG_FRE2,DMG_FRE2,
Mii (male voice 2),M2,high,4468,VO_M2_H_DMG_FRE_END,DMG_FRE_END,
Mii (male voice 2),M2,high,4469,VO_M2_H_FAL,FAL,
Mii (male voice 2),M2,high,4470,VO_M2_H_FAL2,FAL2,
Mii (male voice 2),M2,high,4471,VO_M2_H_FAL_END,FAL_END,
Mii (male voice 2),M2,high,4472,VO_M2_H_FAL_W,FAL_W,
Mii (male voice 2),M2,high,4473,VO_M2_H_FAL_W2,FAL_W2,
Mii (male voice 2),M2,high,4474,VO_M2_H_FAL_W_END,FAL_W_END,
Mii (male voice 2),M2,high,4475,VO_M2_H_RET,RET,
Mii (male voice 2),M2,high,4476,VO_M2_H_RET2,RET2,
Mii (male voice 2),M2,high,4477,VO_M2_H_RET_END,RET_END,
Mii (male voice 2),M2,high,4478,VO_M2_H_RET_W,RET_W,
Mii (male voice 2),M2,high,4479,VO_M2_H_RET_W2,RET_W2,
Mii (male voice 2),M2,high,4480,VO_M2_H_RET_W_END,RET_W_END,
Mii (male voice 2),M2,high,4481,VO_M2_H_ITM_PUT,ITM_PUT,
Mii (male voice 2),M2,high,4482,VO_M2_H_ITM_PUT2,ITM_PUT2,
Mii (male voice 2),M2,high,4483,VO_M2_H_ITM_PUT_END,ITM_PUT_END,
Mii (male voice 2),M2,high,4484,VO_M2_H_ITM_TRW,ITM_TRW,
Mii (male voice 2),M2,high,4485,VO_M2_H_ITM_TRW2,ITM_TRW2,
Mii (male voice 2),M2,high,4486,VO_M2_H_ITM_TRW_END,ITM_TRW_END,
Mii (male voice 2),M2,high,4487,VO_M2_H_ITM_SCES,ITM_SCES,
Mii (male voice 2),M2,high,4488,VO_M2_H_ITM_SCES2,ITM_SCES2,
Mii (male voice 2),M2,high,4489,VO_M2_H_ITM_SCES_END,ITM_SCES_END,
Mii (male voice 2),M2,high,4490,VO_M2_H_ITM_PWUP,ITM_PWUP,
Mii (male voice 2),M2,high,4491,VO_M2_H_ITM_PWUP2,ITM_PWUP2,
Mii (male voice 2),M2,high,4492,VO_M2_H_ITM_PWUP_END,ITM_PWUP_END,
Mii (male voice 2),M2,high,4493,VO_M2_H_GOL_TOP,GOL_TOP,
Mii (male voice 2),M2,high,4494,VO_M2_H_GOL_TOP2,GOL_TOP2,
Mii (male voice 2),M2,high,4495,VO_M2_H_GOL_TOP_END,GOL_TOP_END,
Mii (male voice 2),M2,high,4496,VO_M2_H_GOL_GOD,GOL_GOD,
Mii (male voice 2),M2,high,4497,VO_M2_H_GOL_GOD2,GOL_GOD2,
Mii (male voice 2),M2,high,4498,VO_M2_H_GOL_GOD_END,GOL_GOD_END,
Mii (male voice 2),M2,high,4499,VO_M2_H_GOL_BAD,GOL_BAD,
Mii (male voice 2),M2,high,4500,VO_M2_H_GOL_BAD2,GOL_BAD2,
Mii (male voice 2),M2,high,4501,VO_M2_H_GOL_BAD_END,GOL_BAD_END,
Mii (male voice 2),M2,high,4502,VO_M2_H_CAN,CAN,
Mii (male voice 2),M2,high,4503,VO_M2_H_CAN2,CAN2,
Mii (male voice 2),M2,high,4504,VO_M2_H_CAN_END,CAN_END,
Mii (male voice 2),M2,high,4505,VO_M2_H_NPC_ATK,NPC_ATK,yes
Mii (male voice 2),M2,high,4506,VO_M2_H_NPC_ATK2,NPC_ATK2,yes
Mii (male voice 2),M2,high,4507,VO_M2_H_NPC_ATK_END,NPC_ATK_END,yes
Mii (male voice 2),M2,high,4508,VO_M2_H_NPC_DSH,NPC_DSH,yes
Mii (male voice 2),M2,high,4509,VO_M2_H_NPC_DSH2,NPC_DSH2,yes
Mii (male voice 2),M2,high,4510,VO_M2_H_NPC_DSH_END,NPC_DSH_END,yes
Mii (male voice 2),M2,high,4511,VO_M2_H_NPC_JP_M,NPC_JP_M,yes
Mii (male voice 2),M2,high,4512,VO_M2_H_NPC_JP_M2,NPC_JP_M2,yes
Mii (male voice 2),M2,high,4513,VO_M2_H_NPC_JP_M_END,NPC_JP_M_END,yes
Mii (male voice 2),M2,high,4514,VO_M2_H_NPC_WLE_FAIL,NPC_WLE_FAIL,yes
Mii (male voice 2),M2,high,4515,VO_M2_H_NPC_WLE_FAIL2,NPC_WLE_FAIL2,yes
Mii (male voice 2),M2,high,4516,VO_M2_H_NPC_WLE_FAIL_END,NPC_WLE_FAIL_END,yes
Mii (male voice 2),M2,high,4517,VO_M2_H_NPC_OVTAK,NPC_OVTAK,yes
Mii (male voice 2),M2,high,4518,VO_M2_H_NPC_OVTAK2,NPC_OVTAK2,yes
Mii (male voice 2),M2,high,4519,VO_M2_H_NPC_OVTAK_END,NPC_OVTAK_END,yes
Mii (male voice 2),M2,high,4520,VO_M2_H_NPC_DMG_L,NPC_DMG_L,yes
Mii (male voice 2),M2,high,4521,VO_M2_H_NPC_DMG_L2,NPC_DMG_L2,yes
Mii (male voice 2),M2,high,4522,VO_M2_H_NPC_DMG_L_END,NPC_DMG_L_END,yes
Mii (male voice 2),M2,high,4523,VO_M2_H_NPC_DMG_S,NPC_DMG_S,yes
Mii (male voice 2),M2,high,4524,VO_M2_H_NPC_DMG_S2,NPC_DMG_S2,yes
Mii (male voice 2),M2,high,4525,VO_M2_H_NPC_DMG_S_END,NPC_DMG_S_END,yes
Mii (male voice 2),M2,high,4526,VO_M2_H_NPC_DMG_SPN,NPC_DMG_SPN,yes
Mii (male voice 2),M2,high,4527,VO_M2_H_NPC_DMG_SPN2,NPC_DMG_SPN2,yes
Mii (male voice 2),M2,high,4528,VO_M2_H_NPC_DMG_SPN_END,NPC_DMG_SPN_END,yes
Mii (male voice 2),M2,high,4529,VO_M2_H_NPC_FAL,NPC_FAL,yes
Mii (male voice 2),M2,high,4530,VO_M2_H_NPC_FAL_W,NPC_FAL_W,yes
Mii (male voice 2),M2,high,4531,VO_M2_H_NPC_RET,NPC_RET,yes
Mii (male voice 2),M2,high,4532,VO_M2_H_NPC_ITM_SCES,NPC_ITM_SCES,yes
Mii (male voice 2),M2,high,4533,VO_M2_H_NPC_ITM_PWUP,NPC_ITM_PWUP,yes
Mii (male voice 2),M2,high,4534,VO_M2_H_NPC_CAN,NPC_CAN,yes
Mii (male voice 2),M2,high,4535,VO_M2_H_STRM,STRM,
Mii (male voice 2),M2,high,4536,VO_M2_H_STRM2,STRM2,
Mii (male voice 2),M2,high,4537,VO_M2_H_STRM_END,STRM_END,
Mii (male voice 2),M2,high,4538,VO_M2_H_NPC_STRM,NPC_STRM,yes
Mii (male voice 2),M2,low,1010,VO_M2_L_SELECT_CHAR_01,SELECT_CHAR_01,
Mii (male voice 2),M2,low,1011,VO_M2_L_SELECT_CHAR_02,SELECT_CHAR_02,
Mii (male voice 2),M2,low,1012,VO_M2_L_SELECT_CHAR_END,SELECT_CHAR_END,
Mii (male voice 2),M2,low,4539,VO_M2_L_ATK,ATK,
Mii (male voice 2),M2,low,4540,VO_M2_L_ATK2,ATK2,
Mii (male voice 2),M2,low,4541,VO_M2_L_ATK_END,ATK_END,
Mii (male voice 2),M2,low,4542,VO_M2_L_DSH,DSH,
Mii (male voice 2),M2,low,4543,VO_M2_L_DSH2,DSH2,
Mii (male voice 2),M2,low,4544,VO_M2_L_DSH3,DSH3,
Mii (male voice 2),M2,low,4545,VO_M2_L_DSH4,DSH4,
Mii (male voice 2),M2,low,4546,VO_M2_L_DSH5,DSH5,
Mii (male voice 2),M2,low,4547,VO_M2_L_DSH_END,DSH_END,
Mii (male voice 2),M2,low,4548,VO_M2_L_JP_ACT,JP_ACT,
Mii (male voice 2),M2,low,4549,VO_M2_L_JP_ACT2,JP_ACT2,
Mii (male voice 2),M2,low,4550,VO_M2_L_JP_ACT_END,JP_ACT_END,
Mii (male voice 2),M2,low,4551,VO_M2_L_JP_M,JP_M,
Mii (male voice 2),M2,low,4552,VO_M2_L_JP_M2,JP_M2,
Mii (male voice 2),M2,low,4553,VO_M2_L_JP_M_END,JP_M_END,
Mii (male voice 2),M2,low,4554,VO_M2_L_JP_S,JP_S,
Mii (male voice 2),M2,low,4555,VO_M2_L_JP_S2,JP_S2,
Mii (male voice 2),M2,low,4556,VO_M2_L_JP_S_END,JP_S_END,
Mii (male voice 2),M2,low,4557,VO_M2_L_LND_L,LND_L,
Mii (male voice 2),M2,low,4558,VO_M2_L_LND_L2,LND_L2,
Mii (male voice 2),M2,low,4559,VO_M2_L_LND_L_END,LND_L_END,
Mii (male voice 2),M2,low,4560,VO_M2_L_LND_S,LND_S,
Mii (male voice 2),M2,low,4561,VO_M2_L_LND_S2,LND_S2,
Mii (male voice 2),M2,low,4562,VO_M2_L_LND_S_END,LND_S_END,
Mii (male voice 2),M2,low,4563,VO_M2_L_OVTAK,OVTAK,
Mii (male voice 2),M2,low,4564,VO_M2_L_OVTAK2,OVTAK2,
Mii (male voice 2),M2,low,4565,VO_M2_L_OVTAK_END,OVTAK_END,
Mii (male voice 2),M2,low,4566,VO_M2_L_WLE,WLE,
Mii (male voice 2),M2,low,4567,VO_M2_L_WLE2,WLE2,
Mii (male voice 2),M2,low,4568,VO_M2_L_WLE_END,WLE_END,
Mii (male voice 2),M2,low,4569,VO_M2_L_WLE_FAIL,WLE_FAIL,
Mii (male voice 2),M2,low,4570,VO_M2_L_WLE_FAIL2,WLE_FAIL2,
Mii (male voice 2),M2,low,4571,VO_M2_L_WLE_FAIL_END,WLE_FAIL_END,
Mii (male voice 2),M2,low,4572,VO_M2_L_DMG_L,DMG_L,
Mii (male voice 2),M2,low,4573,VO_M2_L_DMG_L2,DMG_L2,
Mii (male voice 2),M2,low,4574,VO_M2_L_DMG_L_END,DMG_L_END,
Mii (male voice 2),M2,low,4575,VO_M2_L_DMG_M,DMG_M,
Mii (male voice 2),M2,low,4576,VO_M2_L_DMG_M2,DMG_M2,
Mii (male voice 2),M2,low,4577,VO_M2_L_DMG_M_END,DMG_M_END,
Mii (male voice 2),M2,low,4578,VO_M2_L_DMG_S,DMG_S,
Mii (male voice 2),M2,low,4579,VO_M2_L_DMG_S2,DMG_S2,
Mii (male voice 2),M2,low,4580,VO_M2_L_DMG_S_END,DMG_S_END,
Mii (male voice 2),M2,low,4581,VO_M2_L_DMG_SPN,DMG_SPN,
Mii (male voice 2),M2,low,4582,VO_M2_L_DMG_SPN2,DMG_SPN2,
Mii (male voice 2),M2,low,4583,VO_M2_L_DMG_SPN_END,DMG_SPN_END,
Mii (male voice 2),M2,low,4584,VO_M2_L_DMG_FRE,DMG_FRE,
Mii (male voice 2),M2,low,4585,VO_M2_L_DMG_FRE2,DMG_FRE2,
Mii (male voice 2),M2,low,4586,VO_M2_L_DMG_FRE_END,DMG_FRE_END,
Mii (male voice 2),M2,low,4587,VO_M2_L_FAL,FAL,
Mii (male voice 2),M2,low,4588,VO_M2_L_FAL2,FAL2,
Mii (male voice 2),M2,low,4589,VO_M2_L_FAL_END,FAL_END,
Mii (male voice 2),M2,low,4590,VO_M2_L_FAL_W,FAL_W,
Mii (male voice 2),M2,low,4591,VO_M2_L_FAL_W2,FAL_W2,
Mii (male voice 2),M2,low,4592,VO_M2_L_FAL_W_END,FAL_W_END,
Mii (male voice 2),M2,low,4593,VO_M2_L_RET,RET,
Mii (male voice 2),M2,low,4594,VO_M2_L_RET2,RET2,
Mii (male voice 2),M2,low,4595,VO_M2_L_RET_END,RET_END,
Mii (male voice 2),M2,low,4596,VO_M2_L_RET_W,RET_W,
Mii (male voice 2),M2,low,4597,VO_M2_L_RET_W2,RET_W2,
Mii (male voice 2),M2,low,4598,VO_M2_L_RET_W_END,RET_W_END,
Mii (male voice 2),M2,low,4599,VO_M2_L_ITM_PUT,ITM_PUT,
Mii (male voice 2),M2,low,4600,VO_M2_L_ITM_PUT2,ITM_PUT2,
Mii (male voice 2),M2,low,4601,VO_M2_L_ITM_PUT_END,ITM_PUT_END,
Mii (male voice 2),M2,low,4602,VO_M2_L_ITM_TRW,ITM_TRW,
Mii (male voice 2),M2,low,4603,VO_M2_L_ITM_TRW2,ITM_TRW2,
Mii (male voice 2),M2,low,4604,VO_M2_L_ITM_TRW_END,ITM_TRW_END,
Mii (male voice 2),M2,low,4605,VO_M2_L_ITM_SCES,ITM_SCES,
Mii (male voice 2),M2,low,4606,VO_M2_L_ITM_SCES2,ITM_SCES2,
Mii (male voice 2),M2,low,4607,VO_M2_L_ITM_SCES_END,ITM_SCES_END,
Mii (male voice 2),M2,low,4608,VO_M2_L_ITM_PWUP,ITM_PWUP,
Mii (male voice 2),M2,low,4609,VO_M2_L_ITM_PWUP2,ITM_PWUP2,
Mii (male voice 2),M2,low,4610,VO_M2_L_ITM_PWUP_END,ITM_PWUP_END,
Mii (male voice 2),M2,low,4611,VO_M2_L_GOL_TOP,GOL_TOP,
Mii (male voice 2),M2,low,4612,VO_M2_L_GOL_TOP2,GOL_TOP2,
Mii (male voice 2),M2,low,4613,VO_M2_L_GOL_TOP_END,GOL_TOP_END,
Mii (male voice 2),M2,low,4614,VO_M2_L_GOL_GOD,GOL_GOD,
Mii (male voice 2),M2,low,4615,VO_M2_L_GOL_GOD2,GOL_GOD2,
Mii (male voice 2),M2,low,4616,VO_M2_L_GOL_GOD_END,GOL_GOD_END,
Mii (male voice 2),M2,low,4617,VO_M2_L_GOL_BAD,GOL_BAD,
Mii (male voice 2),M2,low,4618,VO_M2_L_GOL_BAD2,GOL_BAD2,
Mii (male voice 2),M2,low,4619,VO_M2_L_GOL_BAD_END,GOL_BAD_END,
Mii (male voice 2),M2,low,4620,VO_M2_L_CAN,CAN,
Mii (male voice 2),M2,low,4621,VO_M2_L_CAN2,CAN2,
Mii (male voice 2),M2,low,4622,VO_M2_L_CAN_END,CAN_END,
Mii (male voice 2),M2,low,4623,VO_M2_L_NPC_ATK,NPC_ATK,yes
Mii (male voice 2),M2,low,4624,VO_M2_L_NPC_ATK2,NPC_ATK2,yes
Mii (male voice 2),M2,low,4625,VO_M2_L_NPC_ATK_END,NPC_ATK_END,yes
Mii (male voice 2),M2,low,4626,VO_M2_L_NPC_DSH,NPC_DSH,yes
Mii (male voice 2),M2,low,4627,VO_M2_L_NPC_DSH2,NPC_DSH2,yes
Mii (male voice 2),M2,low,4628,VO_M2_L_NPC_DSH_END,NPC_DSH_END,yes
Mii (male voice 2),M2,low,4629,VO_M2_L_NPC_JP_M,NPC_JP_M,yes
Mii (male voice 2),M2,low,4630,VO_M2_L_NPC_JP_M2,NPC_JP_M2,yes
Mii (male voice 2),M2,low,4631,VO_M2_L_NPC_JP_M_END,NPC_JP_M_END,yes
Mii (male voice 2),M2,low,4632,VO_M2_L_NPC_WLE_FAIL,NPC_WLE_FAIL,yes
Mii (male voice 2),M2,low,4633,VO_M2_L_NPC_WLE_FAIL2,NPC_WLE_FAIL2,yes
Mii (male voice 2),M2,low,4634,VO_M2_L_NPC_WLE_FAIL_END,NPC_WLE_FAIL_END,yes
Mii (male voice 2),M2,low,4635,VO_M2_L_NPC_OVTAK,NPC_OVTAK,yes
Mii (male voice 2),M2,low,4636,VO_M2_L_NPC_OVTAK2,NPC_OVTAK2,yes
Mii (male voice 2),M2,low,4637,VO_M2_L_NPC_OVTAK_END,NPC_OVTAK_END,yes
Mii (male voice 2),M2,low,4638,VO_M2_L_NPC_DMG_L,NPC_DMG_L,yes
Mii (male voice 2),M2,low,4639,VO_M2_L_NPC_DMG_L2,NPC_DMG_L2,yes
Mii (male voice 2),M2,low,4640,VO_M2_L_NPC_DMG_L_END,NPC_DMG_L_END,yes
Mii (male voice 2),M2,low,4641,VO_M2_L_NPC_DMG_S,NPC_DMG_S,yes
Mii (male voice 2),M2,low,4642,VO_M2_L_NPC_DMG_S2,NPC_DMG_S2,yes
Mii (male voice 2),M2,low,4643,VO_M2_L_NPC_DMG_S_END,NPC_DMG_S_END,yes
Mii (male voice 2),M2,low,4644,VO_M2_L_NPC_DMG_SPN,NPC_DMG_SPN,yes
Mii (male voice 2),M2,low,4645,VO_M2_L_NPC_DMG_SPN2,NPC_DMG_SPN2,yes
Mii (male voice 2),M2,low,4646,VO_M2_L_NPC_DMG_SPN_END,NPC_DMG_SPN_END,yes
Mii (male voice 2),M2,low,4647,VO_M2_L_NPC_FAL,NPC_FAL,yes
Mii (male voice 2),M2,low,4648,VO_M2_L_NPC_FAL_W,NPC_FAL_W,yes
Mii (male voice 2),M2,low,4649,VO_M2_L_NPC_RET,NPC_RET,yes
Mii (male voice 2),M2,low,4650,VO_M2_L_NPC_ITM_SCES,NPC_ITM_SCES,yes
Mii (male voice 2),M2,low,4651,VO_M2_L_NPC_ITM_PWUP,NPC_ITM_PWUP,yes
Mii (male voice 2),M2,low,4652,VO_M2_L_NPC_CAN,NPC_CAN,yes
Mii (male voice 2),M2,low,4653,VO_M2_L_STRM,STRM,
Mii (male voice 2),M2,low,4654,VO_M2_L_STRM2,STRM2,
Mii (male voice 2),M2,low,4655,VO_M2_L_STRM_END,STRM_END,
Mii (male voice 2),M2,low,4656,VO_M2_L_NPC_STRM,NPC_STRM,yes
Mii (male voice 2),M2,normal,1004,VO_M2_N_SELECT_CHAR_01,SELECT_CHAR_01,
Mii (male voice 2),M2,normal,1005,VO_M2_N_SELECT_CHAR_02,SELECT_CHAR_02,
Mii (male voice 2),M2,normal,1006,VO_M2_N_SELECT_CHAR_END,SELECT_CHAR_END,
Mii (male voice 2),M2,normal,4303,VO_M2_N_ATK,ATK,
Mii (male voice 2),M2,normal,4304,VO_M2_N_ATK2,ATK2,
Mii (male voice 2),M2,normal,4305,VO_M2_N_ATK_END,ATK_END,
Mii (male voice 2),M2,normal,4306,VO_M2_N_DSH,DSH,
Mii (male voice 2),M2,normal,4307,VO_M2_N_DSH2,DSH2,
Mii (male voice 2),M2,normal,4308,VO_M2_N_DSH3,DSH3,
Mii (male voice 2),M2,normal,4309,VO_M2_N_DSH4,DSH4,
Mii (male voice 2),M2,normal,4310,VO_M2_N_DSH5,DSH5,
Mii (male voice 2),M2,normal,4311,VO_M2_N_DSH_END,DSH_END,
Mii (male voice 2),M2,normal,4312,VO_M2_N_JP_ACT,JP_ACT,
Mii (male voice 2),M2,normal,4313,VO_M2_N_JP_ACT2,JP_ACT2,
Mii (male voice 2),M2,normal,4314,VO_M2_N_JP_ACT_END,JP_ACT_END,
Mii (male voice 2),M2,normal,4315,VO_M2_N_JP_M,JP_M,
Mii (male voice 2),M2,normal,4316,VO_M2_N_JP_M2,JP_M2,
Mii (male voice 2),M2,normal,4317,VO_M2_N_JP_M_END,JP_M_END,
Mii (male voice 2),M2,normal,4318,VO_M2_N_JP_S,JP_S,
Mii (male voice 2),M2,normal,4319,VO_M2_N_JP_S2,JP_S2,
Mii (male voice 2),M2,normal,4320,VO_M2_N_JP_S_END,JP_S_END,
Mii (male voice 2),M2,normal,4321,VO_M2_N_LND_L,LND_L,
Mii (male voice 2),M2,normal,4322,VO_M2_N_LND_L2,LND_L2,
Mii (male voice 2),M2,normal,4323,VO_M2_N_LND_L_END,LND_L_END,
Mii (male voice 2),M2,normal,4324,VO_M2_N_LND_S,LND_S,
Mii (male voice 2),M2,normal,4325,VO_M2_N_LND_S2,LND_S2,
Mii (male voice 2),M2,normal,4326,VO_M2_N_LND_S_END,LND_S_END,
Mii (male voice 2),M2,normal,4327,VO_M2_N_OVTAK,OVTAK,
Mii (male voice 2),M2,normal,4328,VO_M2_N_OVTAK2,OVTAK2,
Mii (male voice 2),M2,normal,4329,VO_M2_N_OVTAK_END,OVTAK_END,
Mii (male voice 2),M2,normal,4330,VO_M2_N_WLE,WLE,
Mii (male voice 2),M2,normal,4331,VO_M2_N_WLE2,WLE2,
Mii (male voice 2),M2,normal,4332,VO_M2_N_WLE_END,WLE_END,
Mii (male voice 2),M2,normal,4333,VO_M2_N_WLE_FAIL,WLE_FAIL,
Mii (male voice 2),M2,normal,4334,VO_M2_N_WLE_FAIL2,WLE_FAIL2,
Mii (male voice 2),M2,normal,4335,VO_M2_N_WLE_FAIL_END,WLE_FAIL_END,
Mii (male voice 2),M2,normal,4336,VO_M2_N_DMG_L,DMG_L,
Mii (male voice 2),M2,normal,4337,VO_M2_N_DMG_L2,DMG_L2,
Mii (male voice 2),M2,normal,4338,VO_M2_N_DMG_L_END,DMG_L_END,
Mii (male voice 2),M2,normal,4339,VO_M2_N_DMG_M,DMG_M,
Mii (male voice 2),M2,normal,4340,VO_M2_N_DMG_M2,DMG_M2,
Mii (male voice 2),M2,normal,4341,VO_M2_N_DMG_M_END,DMG_M_END,
Mii (male voice 2),M2,normal,4342,VO_M2_N_DMG_S,DMG_S,
Mii (male voice 2),M2,normal,4343,VO_M2_N_DMG_S2,DMG_S2,
Mii (male voice 2),M2,normal,4344,VO_M2_N_DMG_S_END,DMG_S_END,
Mii (male voice 2),M2,normal,4345,VO_M2_N_DMG_SPN,DMG_SPN,
Mii (male voice 2),M2,normal,4346,VO_M2_N_DMG_SPN2,DMG_SPN2,
Mii (male voice 2),M2,normal,4347,VO_M2_N_DMG_SPN_END,DMG_SPN_END,
Mii (male voice 2),M2,normal,4348,VO_M2_N_DMG_FRE,DMG_FRE,
Mii (male voice 2),M2,normal,4349,VO_M2_N_DMG_FRE2,DMG_FRE2,
Mii (male voice 2),M2,normal,4350,VO_M2_N_DMG_FRE_END,DMG_FRE_END,
Mii (male voice 2),M2,normal,4351,VO_M2_N_FAL,FAL,
Mii (male voice 2),M2,normal,4352,VO_M2_N_FAL2,FAL2,
Mii (male voice 2),M2,normal,4353,VO_M2_N_FAL_END,FAL_END,
Mii (male voice 2),M2,normal,4354,VO_M2_N_FAL_W,FAL_W,
Mii (male voice 2),M2,normal,4355,VO_M2_N_FAL_W2,FAL_W2,
Mii (male voice 2),M2,normal,4356,VO_M2_N_FAL_W_END,FAL_W_END,
Mii (male voice 2),M2,normal,4357,VO_M2_N_RET,RET,
Mii (male voice 2),M2,normal,4358,VO_M2_N_RET2,RET2,
Mii (male voice 2),M2,normal,4359,VO_M2_N_RET_END,RET_END,
Mii (male voice 2),M2,normal,4360,VO_M2_N_RET_W,RET_W,
Mii (male voice 2),M2,normal,4361,VO_M2_N_RET_W2,RET_W2,
Mii (male voice 2),M2,normal,4362,VO_M2_N_RET_W_END,RET_W_END,
Mii (male voice 2),M2,normal,4363,VO_M2_N_ITM_PUT,ITM_PUT,
Mii (male voice 2),M2,normal,4364,VO_M2_N_ITM_PUT2,ITM_PUT2,
Mii (male voice 2),M2,normal,4365,VO_M2_N_ITM_PUT_END,ITM_PUT_END,
Mii (male voice 2),M2,normal,4366,VO_M2_N_ITM_TRW,ITM_TRW,
Mii (male voice 2),M2,normal,4367,VO_M2_N_ITM_TRW2,ITM_TRW2,
Mii (male voice 2),M2,normal,4368,VO_M2_N_ITM_TRW_END,ITM_TRW_END,
Mii (male voice 2),M2,normal,4369,VO_M2_N_ITM_SCES,ITM_SCES,
Mii (male voice 2),M2,normal,4370,VO_M2_N_ITM_SCES2,ITM_SCES2,
Mii (male voice 2),M2,normal,4371,VO_M2_N_ITM_SCES_END,ITM_SCES_END,
Mii (male voice 2),M2,normal,4372,VO_M2_N_ITM_PWUP,ITM_PWUP,
Mii (male voice 2),M2,normal,4373,VO_M2_N_ITM_PWUP2,ITM_PWUP2,
Mii (male voice 2),M2,normal,4374,VO_M2_N_ITM_PWUP_END,ITM_PWUP_END,
Mii (male voice 2),M2,normal,4375,VO_M2_N_GOL_TOP,GOL_TOP,
Mii (male voice 2),M2,normal,4376,VO_M2_N_GOL_TOP2,GOL_TOP2,
Mii (male voice 2),M2,normal,4377,VO_M2_N_GOL_TOP_END,GOL_TOP_END,
Mii (male voice 2),M2,normal,4378,VO_M2_N_GOL_GOD,GOL_GOD,
Mii (male voice 2),M2,normal,4379,VO_M2_N_GOL_GOD2,GOL_GOD2,
Mii (male voice 2),M2,normal,4380,VO_M2_N_GOL_GOD_END,GOL_GOD_END,
Mii (male voice 2),M2,normal,4381,VO_M2_N_GOL_BAD,GOL_BAD,
Mii (male voice 2),M2,normal,4382,VO_M2_N_GOL_BAD2,GOL_BAD2,
Mii (male voice 2),M2,normal,4383,VO_M2_N_GOL_BAD_END,GOL_BAD_END,
Mii (male voice 2),M2,normal,4384,VO_M2_N_CAN,CAN,
Mii (male voice 2),M2,normal,4385,VO_M2_N_CAN2,CAN2,
Mii (male voice 2),M2,normal,4386,VO_M2_N_CAN_END,CAN_END,
Mii (male voice 2),M2,normal,4387,VO_M2_N_NPC_ATK,NPC_ATK,yes
Mii (male voice 2),M2,normal,4388,VO_M2_N_NPC_ATK2,NPC_ATK2,yes
Mii (male voice 2),M2,normal,4389,VO_M2_N_NPC_ATK_END,NPC_ATK_END,yes
Mii (male voice 2),M2,normal,4390,VO_M2_N_NPC_DSH,NPC_DSH,yes
Mii (male voice 2),M2,normal,4391,VO_M2_N_NPC_DSH2,NPC_DSH2,yes
Mii (male voice 2),M2,normal,4392,VO_M2_N_NPC_DSH_END,NPC_DSH_END,yes
Mii (male voice 2),M2,normal,4393,VO_M2_N_NPC_JP_M,NPC_JP_M,yes
Mii (male voice 2),M2,normal,4394,VO_M2_N_NPC_JP_M2,NPC_JP_M2,yes
Mii (male voice 2),M2,normal,4395,VO_M2_N_NPC_JP_M_END,NPC_JP_M_END,yes
Mii (male voice 2),M2,normal,4396,VO_M2_N_NPC_WLE_FAIL,NPC_WLE_FAIL,yes
Mii (male voice 2),M2,normal,4397,VO_M2_N_NPC_WLE_FAIL2,NPC_WLE_FAIL2,yes
Mii (male voice 2),M2,normal,4398,VO_M2_N_NPC_WLE_FAIL_END,NPC_WLE_FAIL_END,yes
Mii (male voice 2),M2,normal,4399,VO_M2_N_NPC_OVTAK,NPC_OVTAK,yes
Mii (male voice 2),M2,normal,4400,VO_M2_N_NPC_OVTAK2,NPC_OVTAK2,yes
Mii (male voice 2),M2,normal,4401,VO_M2_N_NPC_OVTAK_END,NPC_OVTAK_END,yes
Mii (male voice 2),M2,normal,4402,VO_M2_N_NPC_DMG_L,NPC_DMG_L,yes
Mii (male voice 2),M2,normal,4403,VO_M2_N_NPC_DMG_L2,NPC_DMG_L2,yes
Mii (male voice 2),M2,normal,4404,VO_M2_N_NPC_DMG_L_END,NPC_DMG_L_END,yes
Mii (male voice 2),M2,normal,4405,VO_M2_N_NPC_DMG_S,NPC_DMG_S,yes
Mii (male voice 2),M2,normal,4406,VO_M2_N_NPC_DMG_S2,NPC_DMG_S2,yes
Mii (male voice 2),M2,normal,4407,VO_M2_N_NPC_DMG_S_END,NPC_DMG_S_END,yes
Mii (male voice 2),M2,normal,4408,VO_M2_N_NPC_DMG_SPN,NPC_DMG_SPN,yes
Mii (male voice 2),M2,normal,4409,VO_M2_N_NPC_DMG_SPN2,NPC_DMG_SPN2,yes
Mii (male voice 2),M2,normal,4410,VO_M2_N_NPC_DMG_SPN_END,NPC_DMG_SPN_END,yes
Mii (male voice 2),M2,normal,4411,VO_M2_N_NPC_FAL,NPC_FAL,yes
Mii (male voice 2),M2,normal,4412,VO_M2_N_NPC_FAL_W,NPC_FAL_W,yes
Mii (male voice 2),M2,normal,4413,VO_M2_N_NPC_RET,NPC_RET,yes
Mii (male voice 2),M2,normal,4414,VO_M2_N_NPC_ITM_SCES,NPC_ITM_SCES,yes
Mii (male voice 2),M2,normal,4415,VO_M2_N_NPC_ITM_PWUP,NPC_ITM_PWUP,yes
Mii (male voice 2),M2,normal,4416,VO_M2_N_NPC_CAN,NPC_CAN,yes
Mii (male voice 2),M2,normal,4417,VO_M2_N_STRM,STRM,
Mii (male voice 2),M2,normal,4418,VO_M2_N_STRM2,STRM2,
Mii (male voice 2),M2,normal,4419,VO_M2_N_STRM_END,STRM_END,
Mii (male voice 2),M2,normal,4420,VO_M2_N_NPC_STRM,NPC_STRM,yes
Mii (male voice 3),M3,high,1016,VO_M3_H_SELECT_CHAR_01,SELECT_CHAR_01,
Mii (male voice 3),M3,high,1017,VO_M3_H_SELECT_CHAR_02,SELECT_CHAR_02,
Mii (male voice 3),M3,high,1018,VO_M3_H_SELECT_CHAR_END,SELECT_CHAR_END,
Mii (male voice 3),M3,high,4775,VO_M3_H_ATK,ATK,
Mii (male voice 3),M3,high,4776,VO_M3_H_ATK2,ATK2,
Mii (male voice 3),M3,high,4777,VO_M3_H_ATK_END,ATK_END,
Mii (male voice 3),M3,high,4778,VO_M3_H_DSH,DSH,
Mii (male voice 3),M3,high,4779,VO_M3_H_DSH2,DSH2,
Mii (male voice 3),M3,high,4780,VO_M3_H_DSH3,DSH3,
Mii (male voice 3),M3,high,4781,VO_M3_H_DSH4,DSH4,
Mii (male voice 3),M3,high,4782,VO_M3_H_DSH5,DSH5,
Mii (male voice 3),M3,high,4783,VO_M3_H_DSH_END,DSH_END,
Mii (male voice 3),M3,high,4784,VO_M3_H_JP_ACT,JP_ACT,
Mii (male voice 3),M3,high,4785,VO_M3_H_JP_ACT2,JP_ACT2,
Mii (male voice 3),M3,high,4786,VO_M3_H_JP_ACT_END,JP_ACT_END,
Mii (male voice 3),M3,high,4787,VO_M3_H_JP_M,JP_M,
Mii (male voice 3),M3,high,4788,VO_M3_H_JP_M2,JP_M2,
Mii (male voice 3),M3,high,4789,VO_M3_H_JP_M_END,JP_M_END,
Mii (male voice 3),M3,high,4790,VO_M3_H_JP_S,JP_S,
Mii (male voice 3),M3,high,4791,VO_M3_H_JP_S2,JP_S2,
Mii (male voice 3),M3,high,4792,VO_M3_H_JP_S_END,JP_S_END,
Mii (male voice 3),M3,high,4793,VO_M3_H_LND_L,LND_L,
Mii (male voice 3),M3,high,4794,VO_M3_H_LND_L2,LND_L2,
Mii (male voice 3),M3,high,4795,VO_M3_H_LND_L_END,LND_L_END,
Mii (male voice 3),M3,high,4796,VO_M3_H_LND_S,LND_S,
Mii (male voice 3),M3,high,4797,VO_M3_H_LND_S2,LND_S2,
Mii (male voice 3),M3,high,4798,VO_M3_H_LND_S_END,LND_S_END,
Mii (male voice 3),M3,high,4799,VO_M3_H_OVTAK,OVTAK,
Mii (male voice 3),M3,high,4800,VO_M3_H_OVTAK2,OVTAK2,
Mii (male voice 3),M3,high,4801,VO_M3_H_OVTAK_END,OVTAK_END,
Mii (male voice 3),M3,high,4802,VO_M3_H_WLE,WLE,
Mii (male voice 3),M3,high,4803,VO_M3_H_WLE2,WLE2,
Mii (male voice 3),M3,high,4804,VO_M3_H_WLE_END,WLE_END,
Mii (male voice 3),M3,high,4805,VO_M3_H_WLE_FAIL,WLE_FAIL,
Mii (male voice 3),M3,high,4806,VO_M3_H_WLE_FAIL2,WLE_FAIL2,
Mii (male voice 3),M3,high,4807,VO_M3_H_WLE_FAIL_END,WLE_FAIL_END,
Mii (male voice 3),M3,high,4808,VO_M3_H_DMG_L,DMG_L,
Mii (male voice 3),M3,high,4809,VO_M3_H_DMG_L2,DMG_L2,
Mii (male voice 3),M3,high,4810,VO_M3_H_DMG_L_END,DMG_L_END,
Mii (male voice 3),M3,high,4811,VO_M3_H_DMG_M,DMG_M,
Mii (male voice 3),M3,high,4812,VO_M3_H_DMG_M2,DMG_M2,
Mii (male voice 3),M3,high,4813,VO_M3_H_DMG_M_END,DMG_M_END,
Mii (male voice 3),M3,high,4814,VO_M3_H_DMG_S,DMG_S,
Mii (male voice 3),M3,high,4815,VO_M3_H_DMG_S2,DMG_S2,
Mii (male voice 3),M3,high,4816,VO_M3_H_DMG_S_END,DMG_S_END,
Mii (male voice 3),M3,high,4817,VO_M3_H_DMG_SPN,DMG_SPN,
Mii (male voice 3),M3,high,4818,VO_M3_H_DMG_SPN2,DMG_SPN2,
Mii (male voice 3),M3,high,4819,VO_M3_H_DMG_SPN_END,DMG_SPN_END,
Mii (male voice 3),M3,high,4820,VO_M3_H_DMG_FRE,DMG_FRE,
Mii (male voice 3),M3,high,4821,VO_M3_H_DMG_FRE2,DMG_FRE2,
Mii (male voice 3),M3,high,4822,VO_M3_H_DMG_FRE_END,DMG_FRE_END,
Mii (male voice 3),M3,high,4823,VO_M3_H_FAL,FAL,
Mii (male voice 3),M3,high,4824,VO_M3_H_FAL2,FAL2,
Mii (male voice 3),M3,high,4825,VO_M3_H_FAL_END,FAL_END,
Mii (male voice 3),M3,high,4826,VO_M3_H_FAL_W,FAL_W,
Mii (male voice 3),M3,high,4827,VO_M3_H_FAL_W2,FAL_W2,
Mii (male voice 3),M3,high,4828,VO_M3_H_FAL_W_END,FAL_W_END,
Mii (male voice 3),M3,high,4829,VO_M3_H_RET,RET,
Mii (male voice 3),M3,high,4830,VO_M3_H_RET2,RET2,
Mii (male voice 3),M3,high,4831,VO_M3_H_RET_END,RET_END,
Mii (male voice 3),M3,high,4832,VO_M3_H_RET_W,RET_W,
Mii (male voice 3),M3,high,4833,VO_M3_H_RET_W2,RET_W2,
Mii (male voice 3),M3,high,4834,VO_M3_H_RET_W_END,RET_W_END,
Mii (male voice 3),M3,high,4835,VO_M3_H_ITM_PUT,ITM_PUT,
Mii (male voice 3),M3,high,4836,VO_M3_H_ITM_PUT2,ITM_PUT2,
Mii (male voice 3),M3,high,4837,VO_M3_H_ITM_PUT_END,ITM_PUT_END,
Mii (male voice 3),M3,high,4838,VO_M3_H_ITM_TRW,ITM_TRW,
Mii (male voice 3),M3,high,4839,VO_M3_H_ITM_TRW2,ITM_TRW2,
Mii (male voice 3),M3,high,4840,VO_M3_H_ITM_TRW_END,ITM_TRW_END,
Mii (male voice 3),M3,high,4841,VO_M3_H_ITM_SCES,ITM_SCES,
Mii (male voice 3),M3,high,4842,VO_M3_H_ITM_SCES2,ITM_SCES2,
Mii (male voice 3),M3,high,4843,VO_M3_H_ITM_SCES_END,ITM_SCES_END,
Mii (male voice 3),M3,high,4844,VO_M3_H_ITM_PWUP,ITM_PWUP,
Mii (male voice 3),M3,high,4845,VO_M3_H_ITM_PWUP2,ITM_PWUP2,
Mii (male voice 3),M3,high,4846,VO_M3_H_ITM_PWUP_END,ITM_PWUP_END,
Mii (male voice 3),M3,high,4847,VO_M3_H_GOL_TOP,GOL_TOP,
Mii (male voice 3),M3,high,4848,VO_M3_H_GOL_TOP2,GOL_TOP2,
Mii (male voice 3),M3,high,4849,VO_M3_H_GOL_TOP_END,GOL_TOP_END,
Mii (male voice 3),M3,high,4850,VO_M3_H_GOL_GOD,GOL_GOD,
Mii (male voice 3),M3,high,4851,VO_M3_H_GOL_GOD2,GOL_GOD2,
Mii (male voice 3),M3,high,4852,VO_M3_H_GOL_GOD_END,GOL_GOD_END,
Mii (male voice 3),M3,high,4853,VO_M3_H_GOL_BAD,GOL_BAD,
Mii (male voice 3),M3,high,4854,VO_M3_H_GOL_BAD2,GOL_BAD2,
Mii (male voice 3),M3,high,4855,VO_M3_H_GOL_BAD_END,GOL_BAD_END,
Mii (male voice 3),M3,high,4856,VO_M3_H_CAN,CAN,
Mii (male voice 3),M3,high,4857,VO_M3_H_CAN2,CAN2,
Mii (male voice 3),M3,high,4858,VO_M3_H_CAN_END,CAN_END,
Mii (male voice 3),M3,high,4859,VO_M3_H_NPC_ATK,NPC_ATK,yes
Mii (male voice 3),M3,high,4860,VO_M3_H_NPC_ATK2,NPC_ATK2,yes
Mii (male voice 3),M3,high,4861,VO_M3_H_NPC_ATK_END,NPC_ATK_END,yes
Mii (male voice 3),M3,high,4862,VO_M3_H_NPC_DSH,NPC_DSH,yes
Mii (male voice 3),M3,high,4863,VO_M3_H_NPC_DSH2,NPC_DSH2,yes
Mii (male voice 3),M3,high,4864,VO_M3_H_NPC_DSH_END,NPC_DSH_END,yes
Mii (male voice 3),M3,high,4865,VO_M3_H_NPC_JP_M,NPC_JP_M,yes
Mii (male voice 3),M3,high,4866,VO_M3_H_NPC_JP_M2,NPC_JP_M2,yes
Mii (male voice 3),M3,high,4867,VO_M3_H_NPC_JP_M_END,NPC_JP_M_END,yes
Mii (male voice 3),M3,high,4868,VO_M3_H_NPC_WLE_FAIL,NPC_WLE_FAIL,yes
Mii (male voice 3),M3,high,4869,VO_M3_H_NPC_WLE_FAIL2,NPC_WLE_FAIL2,yes
Mii (male voice 3),M3,high,4870,VO_M3_H_NPC_WLE_FAIL_END,NPC_WLE_FAIL_END,yes
Mii (male voice 3),M3,high,4871,VO_M3_H_NPC_OVTAK,NPC_OVTAK,yes
Mii (male voice 3),M3,high,4872,VO_M3_H_NPC_OVTAK2,NPC_OVTAK2,yes
Mii (male voice 3),M3,high,4873,VO_M3_H_NPC_OVTAK_END,NPC_OVTAK_END,yes
Mii (male voice 3),M3,high,4874,VO_M3_H_NPC_DMG_L,NPC_DMG_L,yes
Mii (male voice 3),M3,high,4875,VO_M3_H_NPC_DMG_L2,NPC_DMG_L2,yes
Mii (male voice 3),M3,high,4876,VO_M3_H_NPC_DMG_L_END,NPC_DMG_L_END,yes
Mii (male voice 3),M3,high,4877,VO_M3_H_NPC_DMG_S,NPC_DMG_S,yes
Mii (male voice 3),M3,high,4878,VO_M3_H_NPC_DMG_S2,NPC_DMG_S2,yes
Mii (male voice 3),M3,high,4879,VO_M3_H_NPC_DMG_S_END,NPC_DMG_S_END,yes
Mii (male voice 3),M3,high,4880,VO_M3_H_NPC_DMG_SPN,NPC_DMG_SPN,yes
Mii (male voice 3),M3,high,4881,VO_M3_H_NPC_DMG_SPN2,NPC_DMG_SPN2,yes
Mii (male voice 3),M3,high,4882,VO_M3_H_NPC_DMG_SPN_END,NPC_DMG_SPN_END,yes
Mii (male voice 3),M3,high,4883,VO_M3_H_NPC_FAL,NPC_FAL,yes
Mii (male voice 3),M3,high,4884,VO_M3_H_NPC_FAL_W,NPC_FAL_W,yes
Mii (male voice 3),M3,high,4885,VO_M3_H_NPC_RET,NPC_RET,yes
Mii (male voice 3),M3,high,4886,VO_M3_H_NPC_ITM_SCES,NPC_ITM_SCES,yes
Mii (male voice 3),M3,high,4887,VO_M3_H_NPC_ITM_PWUP,NPC_ITM_PWUP,yes
Mii (male voice 3),M3,high,4888,VO_M3_H_NPC_CAN,NPC_CAN,yes
Mii (male voice 3),M3,high,4889,VO_M3_H_STRM,STRM,
Mii (male voice 3),M3,high,4890,VO_M3_H_STRM2,STRM2,
Mii (male voice 3),M3,high,4891,VO_M3_H_STRM_END,STRM_END,
Mii (male voice 3),M3,high,4892,VO_M3_H_NPC_STRM,NPC_STRM,yes
Mii (male voice 3),M3,low,1019,VO_M3_L_SELECT_CHAR_01,SELECT_CHAR_01,
Mii (male voice 3),M3,low,1020,VO_M3_L_SELECT_CHAR_02,SELECT_CHAR_02,
Mii (male voice 3),M3,low,1021,VO_M3_L_SELECT_CHAR_END,SELECT_CHAR_END,
Mii (male voice 3),M3,low,4893,VO_M3_L_ATK,ATK,
Mii (male voice 3),M3,low,4894,VO_M3_L_ATK2,ATK2,
Mii (male voice 3),M3,low,4895,VO_M3_L_ATK_END,ATK_END,
Mii (male voice 3),M3,low,4896,VO_M3_L_DSH,DSH,
Mii (male voice 3),M3,low,4897,VO_M3_L_DSH2,DSH2,
Mii (male voice 3),M3,low,4898,VO_M3_L_DSH3,DSH3,
Mii (male voice 3),M3,low,4899,VO_M3_L_DSH4,DSH4,
Mii (male voice 3),M3,low,4900,VO_M3_L_DSH5,DSH5,
Mii (male voice 3),M3,low,4901,VO_M3_L_DSH_END,DSH_END,
Mii (male voice 3),M3,low,4902,VO_M3_L_JP_ACT,JP_ACT,
Mii (male voice 3),M3,low,4903,VO_M3_L_JP_ACT2,JP_ACT2,
Mii (male voice 3),M3,low,4904,VO_M3_L_JP_ACT_END,JP_ACT_END,
Mii (male voice 3),M3,low,4905,VO_M3_L_JP_M,JP_M,
Mii (male voice 3),M3,low,4906,VO_M3_L_JP_M2,JP_M2,
Mii (male voice 3),M3,low,4907,VO_M3_L_JP_M_END,JP_M_END,
Mii (male voice 3),M3,low,4908,VO_M3_L_JP_S,JP_S,
Mii (male voice 3),M3,low,4909,VO_M3_L_JP_S2,JP_S2,
Mii (male voice 3),M3,low,4910,VO_M3_L_JP_S_END,JP_S_END,
Mii (male voice 3),M3,low,4911,VO_M3_L_LND_L,LND_L,
Mii (male voice 3),M3,low,4912,VO_M3_L_LND_L2,LND_L2,
Mii (male voice 3),M3,low,4913,VO_M3_L_LND_L_END,LND_L_END,
Mii (male voice 3),M3,low,4914,VO_M3_L_LND_S,LND_S,
Mii (male voice 3),M3,low,4915,VO_M3_L_LND_S2,LND_S2,
Mii (male voice 3),M3,low,4916,VO_M3_L_LND_S_END,LND_S_END,
Mii (male voice 3),M3,low,4917,VO_M3_L_OVTAK,OVTAK,
Mii (male voice 3),M3,low,4918,VO_M3_L_OVTAK2,OVTAK2,
Mii (male voice 3),M3,low,4919,VO_M3_L_OVTAK_END,OVTAK_END,
Mii (male voice 3),M3,low,4920,VO_M3_L_WLE,WLE,
Mii (male voice 3),M3,low,4921,VO_M3_L_WLE2,WLE2,
Mii (male voice 3),M3,low,4922,VO_M3_L_WLE_END,WLE_END,
Mii (male voice 3),M3,low,4923,VO_M3_L_WLE_FAIL,WLE_FAIL,
Mii (male voice 3),M3,low,4924,VO_M3_L_WLE_FAIL2,WLE_FAIL2,
Mii (male voice 3),M3,low,4925,VO_M3_L_WLE_FAIL_END,WLE_FAIL_END,
Mii (male voice 3),M3,low,4926,VO_M3_L_DMG_L,DMG_L,
Mii (male voice 3),M3,low,4927,VO_M3_L_DMG_L2,DMG_L2,
Mii (male voice 3),M3,low,4928,VO_M3_L_DMG_L_END,DMG_L_END,
Mii (male voice 3),M3,low,4929,VO_M3_L_DMG_M,DMG_M,
Mii (male voice 3),M3,low,4930,VO_M3_L_DMG_M2,DMG_M2,
Mii (male voice 3),M3,low,4931,VO_M3_L_DMG_M_END,DMG_M_END,
Mii (male voice 3),M3,low,4932,VO_M3_L_DMG_S,DMG_S,
Mii (male voice 3),M3,low,4933,VO_M3_L_DMG_S2,DMG_S2,
Mii (male voice 3),M3,low,4934,VO_M3_L_DMG_S_END,DMG_S_END,
Mii (male voice 3),M3,low,4935,VO_M3_L_DMG_SPN,DMG_SPN,
Mii (male voice 3),M3,low,4936,VO_M3_L_DMG_SPN2,DMG_SPN2,
Mii (male voice 3),M3,low,4937,VO_M3_L_DMG_SPN_END,DMG_SPN_END,
Mii (male voice 3),M3,low,4938,VO_M3_L_DMG_FRE,DMG_FRE,
Mii (male voice 3),M3,low,4939,VO_M3_L_DMG_FRE2,DMG_FRE2,
Mii (male voice 3),M3,low,4940,VO_M3_L_DMG_FRE_END,DMG_FRE_END,
Mii (male voice 3),M3,low,4941,VO_M3_L_FAL,FAL,
Mii (male voice 3),M3,low,4942,VO_M3_L_FAL2,FAL2,
Mii (male voice 3),M3,low,4943,VO_M3_L_FAL_END,FAL_END,
Mii (male voice 3),M3,low,4944,VO_M3_L_FAL_W,FAL_W,
Mii (male voice 3),M3,low,4945,VO_M3_L_FAL_W2,FAL_W2,
Mii (male voice 3),M3,low,4946,VO_M3_L_FAL_W_END,FAL_W_END,
Mii (male voice 3),M3,low,4947,VO_M3_L_RET,RET,
Mii (male voice 3),M3,low,4948,VO_M3_L_RET2,RET2,
Mii (male voice 3),M3,low,4949,VO_M3_L_RET_END,RET_END,
Mii (male voice 3),M3,low,4950,VO_M3_L_RET_W,RET_W,
Mii (male voice 3),M3,low,4951,VO_M3_L_RET_W2,RET_W2,
Mii (male voice 3),M3,low,4952,VO_M3_L_RET_W_END,RET_W_END,
Mii (male voice 3),M3,low,4953,VO_M3_L_ITM_PUT,ITM_PUT,
Mii (male voice 3),M3,low,4954,VO_M3_L_ITM_PUT2,ITM_PUT2,
Mii (male voice 3),M3,low,4955,VO_M3_L_ITM_PUT_END,ITM_PUT_END,
Mii (male voice 3),M3,low,4956,VO_M3_L_ITM_TRW,ITM_TRW,
Mii (male voice 3),M3,low,4957,VO_M3_L_ITM_TRW2,ITM_TRW2,
Mii (male voice 3),M3,low,4958,VO_M3_L_ITM_TRW_END,ITM_TRW_END,
Mii (male voice 3),M3,low,4959,VO_M3_L_ITM_SCES,ITM_SCES,
Mii (male voice 3),M3,low,4960,VO_M3_L_ITM_SCES2,ITM_SCES2,
Mii (male voice 3),M3,low,4961,VO_M3_L_ITM_SCES_END,ITM_SCES_END,
Mii (male voice 3),M3,low,4962,VO_M3_L_ITM_PWUP,ITM_PWUP,
Mii (male voice 3),M3,low,4963,VO_M3_L_ITM_PWUP2,ITM_PWUP2,
Mii (male voice 3),M3,low,4964,VO_M3_L_ITM_PWUP_END,ITM_PWUP_END,
Mii (male voice 3),M3,low,4965,VO_M3_L_GOL_TOP,GOL_TOP,
Mii (male voice 3),M3,low,4966,VO_M3_L_GOL_TOP2,GOL_TOP2,
Mii (male voice 3),M3,low,4967,VO_M3_L_GOL_TOP_END,GOL_TOP_END,
Mii (male voice 3),M3,low,4968,VO_M3_L_GOL_GOD,GOL_GOD,
Mii (male voice 3),M3,low,4969,VO_M3_L_GOL_GOD2,GOL_GOD2,
Mii (male voice 3),M3,low,4970,VO_M3_L_GOL_GOD_END,GOL_GOD_END,
Mii (male voice 3),M3,low,4971,VO_M3_L_GOL_BAD,GOL_BAD,
Mii (male voice 3),M3,low,4972,VO_M3_L_GOL_BAD2,GOL_BAD2,
Mii (male voice 3),M3,low,4973,VO_M3_L_GOL_BAD_END,GOL_BAD_END,
Mii (male voice 3),M3,low,4974,VO_M3_L_CAN,CAN,
Mii (male voice 3),M3,low,4975,VO_M3_L_CAN2,CAN2,
Mii (male voice 3),M3,low,4976,VO_M3_L_CAN_END,CAN_END,
Mii (male voice 3),M3,low,4977,VO_M3_L_NPC_ATK,NPC_ATK,yes
Mii (male voice 3),M3,low,4978,VO_M3_L_NPC_ATK2,NPC_ATK2,yes
Mii (male voice 3),M3,low,4979,VO_M3_L_NPC_ATK_END,NPC_ATK_END,yes
Mii (male voice 3),M3,low,4980,VO_M3_L_NPC_DSH,NPC_DSH,yes
Mii (male voice 3),M3,low,4981,VO_M3_L_NPC_DSH2,NPC_DSH2,yes
Mii (male voice 3),M3,low,4982,VO_M3_L_NPC_DSH_END,NPC_DSH_END,yes
Mii (male voice 3),M3,low,4983,VO_M3_L_NPC_JP_M,NPC_JP_M,yes
Mii (male voice 3),M3,low,4984,VO_M3_L_NPC_JP_M2,NPC_JP_M2,yes
Mii (male voice 3),M3,low,4985,VO_M3_L_NPC_JP_M_END,NPC_JP_M_END,yes
Mii (male voice 3),M3,low,4986,VO_M3_L_NPC_WLE_FAIL,NPC_WLE_FAIL,yes
Mii (male voice 3),M3,low,4987,VO_M3_L_NPC_WLE_FAIL2,NPC_WLE_FAIL2,yes
Mii (male voice 3),M3,low,4988,VO_M3_L_NPC_WLE_FAIL_END,NPC_WLE_FAIL_END,yes
Mii (male voice 3),M3,low,4989,VO_M3_L_NPC_OVTAK,NPC_OVTAK,yes
Mii (male voice 3),M3,low,4990,VO_M3_L_NPC_OVTAK2,NPC_OVTAK2,yes
Mii (male voice 3),M3,low,4991,VO_M3_L_NPC_OVTAK_END,NPC_OVTAK_END,yes
Mii (male voice 3),M3,low,4992,VO_M3_L_NPC_DMG_L,NPC_DMG_L,yes
Mii (male voice 3),M3,low,4993,VO_M3_L_NPC_DMG_L2,NPC_DMG_L2,yes
Mii (male voice 3),M3,low,4994,VO_M3_L_NPC_DMG_L_END,NPC_DMG_L_END,yes
Mii (male voice 3),M3,low,4995,VO_M3_L_NPC_DMG_S,NPC_DMG_S,yes
Mii (male voice 3),M3,low,4996,VO_M3_L_NPC_DMG_S2,NPC_DMG_S2,yes
Mii (male voice 3),M3,low,4997,VO_M3_L_NPC_DMG_S_END,NPC_DMG_S_END,yes
Mii (male voice 3),M3,low,4998,VO_M3_L_NPC_DMG_SPN,NPC_DMG_SPN,yes
Mii (male voice 3),M3,low,4999,VO_M3_L_NPC_DMG_SPN2,NPC_DMG_SPN2,yes
Mii (male voice 3),M3,low,5000,VO_M3_L_NPC_DMG_SPN_END,NPC_DMG_SPN_END,yes
Mii (male voice 3),M3,low,5001,VO_M3_L_NPC_FAL,NPC_FAL,yes
Mii (male voice 3),M3,low,5002,VO_M3_L_NPC_FAL_W,NPC_FAL_W,yes
Mii (male voice 3),M3,low,5003,VO_M3_L_NPC_RET,NPC_RET,yes
Mii (male voice 3),M3,low,5004,VO_M3_L_NPC_ITM_SCES,NPC_ITM_SCES,yes
Mii (male voice 3),M3,low,5005,VO_M3_L_NPC_ITM_PWUP,NPC_ITM_PWUP,yes
Mii (male voice 3),M3,low,5006,VO_M3_L_NPC_CAN,NPC_CAN,yes
Mii (male voice 3),M3,low,5007,VO_M3_L_STRM,STRM,
Mii (male voice 3),M3,low,5008,VO_M3_L_STRM2,STRM2,
Mii (male voice 3),M3,low,5009,VO_M3_L_STRM_END,STRM_END,
Mii (male voice 3),M3,low,5010,VO_M3_L_NPC_STRM,NPC_STRM,yes
Mii (male voice 3),M3,normal,1013,VO_M3_N_SELECT_CHAR_01,SELECT_CHAR_01,
Mii (male voice 3),M3,normal,1014,VO_M3_N_SELECT_CHAR_02,SELECT_CHAR_02,
Mii (male voice 3),M3,normal,1015,VO_M3_N_SELECT_CHAR_END,SELECT_CHAR_END,
Mii (male voice 3),M3,normal,4657,VO_M3_N_ATK,ATK,
Mii (male voice 3),M3,normal,4658,VO_M3_N_ATK2,ATK2,
Mii (male voice 3),M3,normal,4659,VO_M3_N_ATK_END,ATK_END,
Mii (male voice 3),M3,normal,4660,VO_M3_N_DSH,DSH,
Mii (male voice 3),M3,normal,4661,VO_M3_N_DSH2,DSH2,
Mii (male voice 3),M3,normal,4662,VO_M3_N_DSH3,DSH3,
Mii (male voice 3),M3,normal,4663,VO_M3_N_DSH4,DSH4,
Mii (male voice 3),M3,normal,4664,VO_M3_N_DSH5,DSH5,
Mii (male voice 3),M3,normal,4665,VO_M3_N_DSH_END,DSH_END,
Mii (male voice 3),M3,normal,4666,VO_M3_N_JP_ACT,JP_ACT,
Mii (male voice 3),M3,normal,4667,VO_M3_N_JP_ACT2,JP_ACT2,
Mii (male voice 3),M3,normal,4668,VO_M3_N_JP_ACT_END,JP_ACT_END,
Mii (male voice 3),M3,normal,4669,VO_M3_N_JP_M,JP_M,
Mii (male voice 3),M3,normal,4670,VO_M3_N_JP_M2,JP_M2,
Mii (male voice 3),M3,normal,4671,VO_M3_N_JP_M_END,JP_M_END,
Mii (male voice 3),M3,normal,4672,VO_M3_N_JP_S,JP_S,
Mii (male voice 3),M3,normal,4673,VO_M3_N_JP_S2,JP_S2,
Mii (male voice 3),M3,normal,4674,VO_M3_N_JP_S_END,JP_S_END,
Mii (male voice 3),M3,normal,4675,VO_M3_N_LND_L,LND_L,
Mii (male voice 3),M3,normal,4676,VO_M3_N_LND_L2,LND_L2,
Mii (male voice 3),M3,normal,4677,VO_M3_N_LND_L_END,LND_L_END,
Mii (male voice 3),M3,normal,4678,VO_M3_N_LND_S,LND_S,
Mii (male voice 3),M3,normal,4679,VO_M3_N_LND_S2,LND_S2,
Mii (male voice 3),M3,normal,4680,VO_M3_N_LND_S_END,LND_S_END,
Mii (male voice 3),M3,normal,4681,VO_M3_N_OVTAK,OVTAK,
Mii (male voice 3),M3,normal,4682,VO_M3_N_OVTAK2,OVTAK2,
Mii (male voice 3),M3,normal,4683,VO_M3_N_OVTAK_END,OVTAK_END,
Mii (male voice 3),M3,normal,4684,VO_M3_N_WLE,WLE,
Mii (male voice 3),M3,normal,4685,VO_M3_N_WLE2,WLE2,
Mii (male voice 3),M3,normal,4686,VO_M3_N_WLE_END,WLE_END,
Mii (male voice 3),M3,normal,4687,VO_M3_N_WLE_FAIL,WLE_FAIL,
Mii (male voice 3),M3,normal,4688,VO_M3_N_WLE_FAIL2,WLE_FAIL2,
Mii (male voice 3),M3,normal,4689,VO_M3_N_WLE_FAIL_END,WLE_FAIL_END,
Mii (male voice 3),M3,normal,4690,VO_M3_N_DMG_L,DMG_L,
Mii (male voice 3),M3,normal,4691,VO_M3_N_DMG_L2,DMG_L2,
Mii (male voice 3),M3,normal,4692,VO_M3_N_DMG_L_END,DMG_L_END,
Mii (male voice 3),M3,normal,4693,VO_M3_N_DMG_M,DMG_M,
Mii (male voice 3),M3,normal,4694,VO_M3_N_DMG_M2,DMG_M2,
Mii (male voice 3),M3,normal,4695,VO_M3_N_DMG_M_END,DMG_M_END,
Mii (male voice 3),M3,normal,4696,VO_M3_N_DMG_S,DMG_S,
Mii (male voice 3),M3,normal,4697,VO_M3_N_DMG_S2,DMG_S2,
Mii (male voice 3),M3,normal,4698,VO_M3_N_DMG_S_END,DMG_S_END,
Mii (male voice 3),M3,normal,4699,VO_M3_N_DMG_SPN,DMG_SPN,
Mii (male voice 3),M3,normal,4700,VO_M3_N_DMG_SPN2,DMG_SPN2,
Mii (male voice 3),M3,normal,4701,VO_M3_N_DMG_SPN_END,DMG_SPN_END,
Mii (male voice 3),M3,normal,4702,VO_M3_N_DMG_FRE,DMG_FRE,
Mii (male voice 3),M3,normal,4703,VO_M3_N_DMG_FRE2,DMG_FRE2,
Mii (male voice 3),M3,normal,4704,VO_M3_N_DMG_FRE_END,DMG_FRE_END,
Mii (male voice 3),M3,normal,4705,VO_M3_N_FAL,FAL,
Mii (male voice 3),M3,normal,4706,VO_M3_N_FAL2,FAL2,
Mii (male voice 3),M3,normal,4707,VO_M3_N_FAL_END,FAL_END,
Mii (male voice 3),M3,normal,4708,VO_M3_N_FAL_W,FAL_W,
Mii (male voice 3),M3,normal,4709,VO_M3_N_FAL_W2,FAL_W2,
Mii (male voice 3),M3,normal,4710,VO_M3_N_FAL_W_END,FAL_W_END,
Mii (male voice 3),M3,normal,4711,VO_M3_N_RET,RET,
Mii (male voice 3),M3,normal,4712,VO_M3_N_RET2,RET2,
Mii (male voice 3),M3,normal,4713,VO_M3_N_RET_END,RET_END,
Mii (male voice 3),M3,normal,4714,VO_M3_N_RET_W,RET_W,
Mii (male voice 3),M3,normal,4715,VO_M3_N_RET_W2,RET_W2,
Mii (male voice 3),M3,normal,4716,VO_M3_N_RET_W_END,RET_W_END,
Mii (male voice 3),M3,normal,4717,VO_M3_N_ITM_PUT,ITM_PUT,
Mii (male voice 3),M3,normal,4718,VO_M3_N_ITM_PUT2,ITM_PUT2,
Mii (male voice 3),M3,normal,4719,VO_M3_N_ITM_PUT_END,ITM_PUT_END,
Mii (male voice 3),M3,normal,4720,VO_M3_N_ITM_TRW,ITM_TRW,
Mii (male voice 3),M3,normal,4721,VO_M3_N_ITM_TRW2,ITM_TRW2,
Mii (male voice 3),M3,normal,4722,VO_M3_N_ITM_TRW_END,ITM_TRW_END,
Mii (male voice 3),M3,normal,4723,VO_M3_N_ITM_SCES,ITM_SCES,
Mii (male voice 3),M3,normal,4724,VO_M3_N_ITM_SCES2,ITM_SCES2,
Mii (male voice 3),M3,normal,4725,VO_M3_N_ITM_SCES_END,ITM_SCES_END,
Mii (male voice 3),M3,normal,4726,VO_M3_N_ITM_PWUP,ITM_PWUP,
Mii (male voice 3),M3,normal,4727,VO_M3_N_ITM_PWUP2,ITM_PWUP2,
Mii (male voice 3),M3,normal,4728,VO_M3_N_ITM_PWUP_END,ITM_PWUP_END,
Mii (male voice 3),M3,normal,4729,VO_M3_N_GOL_TOP,GOL_TOP,
Mii (male voice 3),M3,normal,4730,VO_M3_N_GOL_TOP2,GOL_TOP2,
Mii (male voice 3),M3,normal,4731,VO_M3_N_GOL_TOP_END,GOL_TOP_END,
Mii (male voice 3),M3,normal,4732,VO_M3_N_GOL_GOD,GOL_GOD,
Mii (male voice 3),M3,normal,4733,VO_M3_N_GOL_GOD2,GOL_GOD2,
Mii (male voice 3),M3,normal,4734,VO_M3_N_GOL_GOD_END,GOL_GOD_END,
Mii (male voice 3),M3,normal,4735,VO_M3_N_GOL_BAD,GOL_BAD,
Mii (male voice 3),M3,normal,4736,VO_M3_N_GOL_BAD2,GOL_BAD2,
Mii (male voice 3),M3,normal,4737,VO_M3_N_GOL_BAD_END,GOL_BAD_END,
Mii (male voice 3),M3,normal,4738,VO_M3_N_CAN,CAN,
Mii (male voice 3),M3,normal,4739,VO_M3_N_CAN2,CAN2,
Mii (male voice 3),M3,normal,4740,VO_M3_N_CAN_END,CAN_END,
Mii (male voice 3),M3,normal,4741,VO_M3_N_NPC_ATK,NPC_ATK,yes
Mii (male voice 3),M3,normal,4742,VO_M3_N_NPC_ATK2,NPC_ATK2,yes
Mii (male voice 3),M3,normal,4743,VO_M3_N_NPC_ATK_END,NPC_ATK_END,yes
Mii (male voice 3),M3,normal,4744,VO_M3_N_NPC_DSH,NPC_DSH,yes
Mii (male voice 3),M3,normal,4745,VO_M3_N_NPC_DSH2,NPC_DSH2,yes
Mii (male voice 3),M3,normal,4746,VO_M3_N_NPC_DSH_END,NPC_DSH_END,yes
Mii (male voice 3),M3,normal,4747,VO_M3_N_NPC_JP_M,NPC_JP_M,yes
Mii (male voice 3),M3,normal,4748,VO_M3_N_NPC_JP_M2,NPC_JP_M2,yes
Mii (male voice 3),M3,normal,4749,VO_M3_N_NPC_JP_M_END,NPC_JP_M_END,yes
Mii (male voice 3),M3,normal,4750,VO_M3_N_NPC_WLE_FAIL,NPC_WLE_FAIL,yes
Mii (male voice 3),M3,normal,4751,VO_M3_N_NPC_WLE_FAIL2,NPC_WLE_FAIL2,yes
Mii (male voice 3),M3,normal,4752,VO_M3_N_NPC_WLE_FAIL_END,NPC_WLE_FAIL_END,yes
Mii (male voice 3),M3,normal,4753,VO_M3_N_NPC_OVTAK,NPC_OVTAK,yes
Mii (male voice 3),M3,normal,4754,VO_M3_N_NPC_OVTAK2,NPC_OVTAK2,yes
Mii (male voice 3),M3,normal,4755,VO_M3_N_NPC_OVTAK_END,NPC_OVTAK_END,yes
Mii (male voice 3),M3,normal,4756,VO_M3_N_NPC_DMG_L,NPC_DMG_L,yes
Mii (male voice 3),M3,normal,4757,VO_M3_N_NPC_DMG_L2,NPC_DMG_L2,yes
Mii (male voice 3),M3,normal,4758,VO_M3_N_NPC_DMG_L_END,NPC_DMG_L_END,yes
Mii (male voice 3),M3,normal,4759,VO_M3_N_NPC_DMG_S,NPC_DMG_S,yes
Mii (male voice 3),M3,normal,4760,VO_M3_N_NPC_DMG_S2,NPC_DMG_S2,yes
Mii (male voice 3),M3,normal,4761,VO_M3_N_NPC_DMG_S_END,NPC_DMG_S_END,yes
Mii (male voice 3),M3,normal,4762,VO_M3_N_NPC_DMG_SPN,NPC_DMG_SPN,yes
Mii (male voice 3),M3,normal,4763,VO_M3_N_NPC_DMG_SPN2,NPC_DMG_SPN2,yes
Mii (male voice 3),M3,normal,4764,VO_M3_N_NPC_DMG_SPN_END,NPC_DMG_SPN_END,yes
Mii (male voice 3),M3,normal,4765,VO_M3_N_NPC_FAL,NPC_FAL,yes
Mii (male voice 3),M3,normal,4766,VO_M3_N_NPC_FAL_W,NPC_FAL_W,yes
Mii (male voice 3),M3,normal,4767,VO_M3_N_NPC_RET,NPC_RET,yes
Mii (male voice 3),M3,normal,4768,VO_M3_N_NPC_ITM_SCES,NPC_ITM_SCES,yes
Mii (male voice 3),M3,normal,4769,VO_M3_N_NPC_ITM_PWUP,NPC_ITM_PWUP,yes
Mii (male voice 3),M3,normal,4770,VO_M3_N_NPC_CAN,NPC_CAN,yes
Mii (male voice 3),M3,normal,4771,VO_M3_N_STRM,STRM,
Mii (male voice 3),M3,normal,4772,VO_M3_N_STRM2,STRM2,
Mii (male voice 3),M3,normal,4773,VO_M3_N_STRM_END,STRM_END,
Mii (male voice 3),M3,normal,4774,VO_M3_N_NPC_STRM,NPC_STRM,yes
Mii (male voice 4),M4,high,1025,VO_M4_H_SELECT_CHAR_01,SELECT_CHAR_01,
Mii (male voice 4),M4,high,1026,VO_M4_H_SELECT_CHAR_02,SELECT_CHAR_02,
Mii (male voice 4),M4,high,1027,VO_M4_H_SELECT_CHAR_END,SELECT_CHAR_END,
Mii (male voice 4),M4,high,5129,VO_M4_H_ATK,ATK,
Mii (male voice 4),M4,high,5130,VO_M4_H_ATK2,ATK2,
Mii (male voice 4),M4,high,5131,VO_M4_H_ATK_END,ATK_END,
Mii (male voice 4),M4,high,5132,VO_M4_H_DSH,DSH,
Mii (male voice 4),M4,high,5133,VO_M4_H_DSH2,DSH2,
Mii (male voice 4),M4,high,5134,VO_M4_H_DSH3,DSH3,
Mii (male voice 4),M4,high,5135,VO_M4_H_DSH4,DSH4,
Mii (male voice 4),M4,high,5136,VO_M4_H_DSH5,DSH5,
Mii (male voice 4),M4,high,5137,VO_M4_H_DSH_END,DSH_END,
Mii (male voice 4),M4,high,5138,VO_M4_H_JP_ACT,JP_ACT,
Mii (male voice 4),M4,high,5139,VO_M4_H_JP_ACT2,JP_ACT2,
Mii (male voice 4),M4,high,5140,VO_M4_H_JP_ACT_END,JP_ACT_END,
Mii (male voice 4),M4,high,5141,VO_M4_H_JP_M,JP_M,
Mii (male voice 4),M4,high,5142,VO_M4_H_JP_M2,JP_M2,
Mii (male voice 4),M4,high,5143,VO_M4_H_JP_M_END,JP_M_END,
Mii (male voice 4),M4,high,5144,VO_M4_H_JP_S,JP_S,
Mii (male voice 4),M4,high,5145,VO_M4_H_JP_S2,JP_S2,
Mii (male voice 4),M4,high,5146,VO_M4_H_JP_S_END,JP_S_END,
Mii (male voice 4),M4,high,5147,VO_M4_H_LND_L,LND_L,
Mii (male voice 4),M4,high,5148,VO_M4_H_LND_L2,LND_L2,
Mii (male voice 4),M4,high,5149,VO_M4_H_LND_L_END,LND_L_END,
Mii (male voice 4),M4,high,5150,VO_M4_H_LND_S,LND_S,
Mii (male voice 4),M4,high,5151,VO_M4_H_LND_S2,LND_S2,
Mii (male voice 4),M4,high,5152,VO_M4_H_LND_S_END,LND_S_END,
Mii (male voice 4),M4,high,5153,VO_M4_H_OVTAK,OVTAK,
Mii (male voice 4),M4,high,5154,VO_M4_H_OVTAK2,OVTAK2,
Mii (male voice 4),M4,high,5155,VO_M4_H_OVTAK_END,OVTAK_END,
Mii (male voice 4),M4,high,5156,VO_M4_H_WLE,WLE,
Mii (male voice 4),M4,high,5157,VO_M4_H_WLE2,WLE2,
Mii (male voice 4),M4,high,5158,VO_M4_H_WLE_END,WLE_END,
Mii (male voice 4),M4,high,5159,VO_M4_H_WLE_FAIL,WLE_FAIL,
Mii (male voice 4),M4,high,5160,VO_M4_H_WLE_FAIL2,WLE_FAIL2,
Mii (male voice 4),M4,high,5161,VO_M4_H_WLE_FAIL_END,WLE_FAIL_END,
Mii (male voice 4),M4,high,5162,VO_M4_H_DMG_L,DMG_L,
Mii (male voice 4),M4,high,5163,VO_M4_H_DMG_L2,DMG_L2,
Mii (male voice 4),M4,high,5164,VO_M4_H_DMG_L_END,DMG_L_END,
Mii (male voice 4),M4,high,5165,VO_M4_H_DMG_M,DMG_M,
Mii (male voice 4),M4,high,5166,VO_M4_H_DMG_M2,DMG_M2,
Mii (male voice 4),M4,high,5167,VO_M4_H_DMG_M_END,DMG_M_END,
Mii (male voice 4),M4,high,5168,VO_M4_H_DMG_S,DMG_S,
Mii (male voice 4),M4,high,5169,VO_M4_H_DMG_S2,DMG_S2,
Mii (male voice 4),M4,high,5170,VO_M4_H_DMG_S_END,DMG_S_END,
Mii (male voice 4),M4,high,5171,VO_M4_H_DMG_SPN,DMG_SPN,
Mii (male voice 4),M4,high,5172,VO_M4_H_DMG_SPN2,DMG_SPN2,
Mii (male voice 4),M4,high,5173,VO_M4_H_DMG_SPN_END,DMG_SPN_END,
Mii (male voice 4),M4,high,5174,VO_M4_H_DMG_FRE,DMG_FRE,
Mii (male voice 4),M4,high,5175,VO_M4_H_DMG_FRE2,DMG_FRE2,
Mii (male voice 4),M4,high,5176,VO_M4_H_DMG_FRE_END,DMG_FRE_END,
Mii (male voice 4),M4,high,5177,VO_M4_H_FAL,FAL,
Mii (male voice 4),M4,high,5178,VO_M4_H_FAL2,FAL2,
Mii (male voice 4),M4,high,5179,VO_M4_H_FAL_END,FAL_END,
Mii (male voice 4),M4,high,5180,VO_M4_H_FAL_W,FAL_W,
Mii (male voice 4),M4,high,5181,VO_M4_H_FAL_W2,FAL_W2,
Mii (male voice 4),M4,high,5182,VO_M4_H_FAL_W_END,FAL_W_END,
Mii (male voice 4),M4,high,5183,VO_M4_H_RET,RET,
Mii (male voice 4),M4,high,5184,VO_M4_H_RET2,RET2,
Mii (male voice 4),M4,high,5185,VO_M4_H_RET_END,RET_END,
Mii (male voice 4),M4,high,5186,VO_M4_H_RET_W,RET_W,
Mii (male voice 4),M4,high,5187,VO_M4_H_RET_W2,RET_W2,
Mii (male voice 4),M4,high,5188,VO_M4_H_RET_W_END,RET_W_END,
Mii (male voice 4),M4,high,5189,VO_M4_H_ITM_PUT,ITM_PUT,
Mii (male voice 4),M4,high,5190,VO_M4_H_ITM_PUT2,ITM_PUT2,
Mii (male voice 4),M4,high,5191,VO_M4_H_ITM_PUT_END,ITM_PUT_END,
Mii (male voice 4),M4,high,5192,VO_M4_H_ITM_TRW,ITM_TRW,
Mii (male voice 4),M4,high,5193,VO_M4_H_ITM_TRW2,ITM_TRW2,
Mii (male voice 4),M4,high,5194,VO_M4_H_ITM_TRW_END,ITM_TRW_END,
Mii (male voice 4),M4,high,5195,VO_M4_H_ITM_SCES,ITM_SCES,
Mii (male voice 4),M4,high,5196,VO_M4_H_ITM_SCES2,ITM_SCES2,
Mii (male voice 4),M4,high,5197,VO_M4_H_ITM_SCES_END,ITM_SCES_END,
Mii (male voice 4),M4,high,5198,VO_M4_H_ITM_PWUP,ITM_PWUP,
Mii (male voice 4),M4,high,5199,VO_M4_H_ITM_PWUP2,ITM_PWUP2,
Mii (male voice 4),M4,high,5200,VO_M4_H_ITM_PWUP_END,ITM_PWUP_END,
Mii (male voice 4),M4,high,5201,VO_M4_H_GOL_TOP,GOL_TOP,
Mii (male voice 4),M4,high,5202,VO_M4_H_GOL_TOP2,GOL_TOP2,
Mii (male voice 4),M4,high,5203,VO_M4_H_GOL_TOP_END,GOL_TOP_END,
Mii (male voice 4),M4,high,5204,VO_M4_H_GOL_GOD,GOL_GOD,
Mii (male voice 4),M4,high,5205,VO_M4_H_GOL_GOD2,GOL_GOD2,
Mii (male voice 4),M4,high,5206,VO_M4_H_GOL_GOD_END,GOL_GOD_END,
Mii (male voice 4),M4,high,5207,VO_M4_H_GOL_BAD,GOL_BAD,
Mii (male voice 4),M4,high,5208,VO_M4_H_GOL_BAD2,GOL_BAD2,
Mii (male voice 4),M4,high,5209,VO_M4_H_GOL_BAD_END,GOL_BAD_END,
Mii (male voice 4),M4,high,5210,VO_M4_H_CAN,CAN,
Mii (male voice 4),M4,high,5211,VO_M4_H_CAN2,CAN2,
Mii (male voice 4),M4,high,5212,VO_M4_H_CAN_END,CAN_END,
Mii (male voice 4),M4,high,5213,VO_M4_H_NPC_ATK,NPC_ATK,yes
Mii (male voice 4),M4,high,5214,VO_M4_H_NPC_ATK2,NPC_ATK2,yes
Mii (male voice 4),M4,high,5215,VO_M4_H_NPC_ATK_END,NPC_ATK_END,yes
Mii (male voice 4),M4,high,5216,VO_M4_H_NPC_DSH,NPC_DSH,yes
Mii (male voice 4),M4,high,5217,VO_M4_H_NPC_DSH2,NPC_DSH2,yes
Mii (male voice 4),M4,high,5218,VO_M4_H_NPC_DSH_END,NPC_DSH_END,yes
Mii (male voice 4),M4,high,5219,VO_M4_H_NPC_JP_M,NPC_JP_M,yes
Mii (male voice 4),M4,high,5220,VO_M4_H_NPC_JP_M2,NPC_JP_M2,yes
Mii (male voice 4),M4,high,5221,VO_M4_H_NPC_JP_M_END,NPC_JP_M_END,yes
Mii (male voice 4),M4,high,5222,VO_M4_H_NPC_WLE_FAIL,NPC_WLE_FAIL,yes
Mii (male voice 4),M4,high,5223,VO_M4_H_NPC_WLE_FAIL2,NPC_WLE_FAIL2,yes
Mii (male voice 4),M4,high,5224,VO_M4_H_NPC_WLE_FAIL_END,NPC_WLE_FAIL_END,yes
Mii (male voice 4),M4,high,5225,VO_M4_H_NPC_OVTAK,NPC_OVTAK,yes
Mii (male voice 4),M4,high,5226,VO_M4_H_NPC_OVTAK2,NPC_OVTAK2,yes
Mii (male voice 4),M4,high,5227,VO_M4_H_NPC_OVTAK_END,NPC_OVTAK_END,yes
Mii (male voice 4),M4,high,5228,VO_M4_H_NPC_DMG_L,NPC_DMG_L,yes
Mii (male voice 4),M4,high,5229,VO_M4_H_NPC_DMG_L2,NPC_DMG_L2,yes
Mii (male voice 4),M4,high,5230,VO_M4_H_NPC_DMG_L_END,NPC_DMG_L_END,yes
Mii (male voice 4),M4,high,5231,VO_M4_H_NPC_DMG_S,NPC_DMG_S,yes
Mii (male voice 4),M4,high,5232,VO_M4_H_NPC_DMG_S2,NPC_DMG_S2,yes
Mii (male voice 4),M4,high,5233,VO_M4_H_NPC_DMG_S_END,NPC_DMG_S_END,yes
Mii (male voice 4),M4,high,5234,VO_M4_H_NPC_DMG_SPN,NPC_DMG_SPN,yes
Mii (male voice 4),M4,high,5235,VO_M4_H_NPC_DMG_SPN2,NPC_DMG_SPN2,yes
Mii (male voice 4),M4,high,5236,VO_M4_H_NPC_DMG_SPN_END,NPC_DMG_SPN_END,yes
Mii (male voice 4),M4,high,5237,VO_M4_H_NPC_FAL,NPC_FAL,yes
Mii (male voice 4),M4,high,5238,VO_M4_H_NPC_FAL_W,NPC_FAL_W,yes
Mii (male voice 4),M4,high,5239,VO_M4_H_NPC_RET,NPC_RET,yes
Mii (male voice 4),M4,high,5240,VO_M4_H_NPC_ITM_SCES,NPC_ITM_SCES,yes
Mii (male voice 4),M4,high,5241,VO_M4_H_NPC_ITM_PWUP,NPC_ITM_PWUP,yes
Mii (male voice 4),M4,high,5242,VO_M4_H_NPC_CAN,NPC_CAN,yes
Mii (male voice 4),M4,high,5243,VO_M4_H_STRM,STRM,
Mii (male voice 4),M4,high,5244,VO_M4_H_STRM2,STRM2,
Mii (male voice 4),M4,high,5245,VO_M4_H_STRM_END,STRM_END,
Mii (male voice 4),M4,high,5246,VO_M4_H_NPC_STRM,NPC_STRM,yes
Mii (male voice 4),M4,low,1028,VO_M4_L_SELECT_CHAR_01,SELECT_CHAR_01,
Mii (male voice 4),M4,low,1029,VO_M4_L_SELECT_CHAR_02,SELECT_CHAR_02,
Mii (male voice 4),M4,low,1030,VO_M4_L_SELECT_CHAR_END,SELECT_CHAR_END,
Mii (male voice 4),M4,low,5247,VO_M4_L_ATK,ATK,
Mii (male voice 4),M4,low,5248,VO_M4_L_ATK2,ATK2,
Mii (male voice 4),M4,low,5249,VO_M4_L_ATK_END,ATK_END,
Mii (male voice 4),M4,low,5250,VO_M4_L_DSH,DSH,
Mii (male voice 4),M4,low,5251,VO_M4_L_DSH2,DSH2,
Mii (male voice 4),M4,low,5252,VO_M4_L_DSH3,DSH3,
Mii (male voice 4),M4,low,5253,VO_M4_L_DSH4,DSH4,
Mii (male voice 4),M4,low,5254,VO_M4_L_DSH5,DSH5,
Mii (male voice 4),M4,low,5255,VO_M4_L_DSH_END,DSH_END,
Mii (male voice 4),M4,low,5256,VO_M4_L_JP_ACT,JP_ACT,
Mii (male voice 4),M4,low,5257,VO_M4_L_JP_ACT2,JP_ACT2,
Mii (male voice 4),M4,low,5258,VO_M4_L_JP_ACT_END,JP_ACT_END,
Mii (male voice 4),M4,low,5259,VO_M4_L_JP_M,JP_M,
Mii (male voice 4),M4,low,5260,VO_M4_L_JP_M2,JP_M2,
Mii (male voice 4),M4,low,5261,VO_M4_L_JP_M_END,JP_M_END,
Mii (male voice 4),M4,low,5262,VO_M4_L_JP_S,JP_S,
Mii (male voice 4),M4,low,5263,VO_M4_L_JP_S2,JP_S2,
Mii (male voice 4),M4,low,5264,VO_M4_L_JP_S_END,JP_S_END,
Mii (male voice 4),M4,low,5265,VO_M4_L_LND_L,LND_L,
Mii (male voice 4),M4,low,5266,VO_M4_L_LND_L2,LND_L2,
Mii (male voice 4),M4,low,5267,VO_M4_L_LND_L_END,LND_L_END,
Mii (male voice 4),M4,low,5268,VO_M4_L_LND_S,LND_S,
Mii (male voice 4),M4,low,5269,VO_M4_L_LND_S2,LND_S2,
Mii (male voice 4),M4,low,5270,VO_M4_L_LND_S_END,LND_S_END,
Mii (male voice 4),M4,low,5271,VO_M4_L_OVTAK,OVTAK,
Mii (male voice 4),M4,low,5272,VO_M4_L_OVTAK2,OVTAK2,
Mii (male voice 4),M4,low,5273,VO_M4_L_OVTAK_END,OVTAK_END,
Mii (male voice 4),M4,low,5274,VO_M4_L_WLE,WLE,
Mii (male voice 4),M4,low,5275,VO_M4_L_WLE2,WLE2,
Mii (male voice 4),M4,low,5276,VO_M4_L_WLE_END,WLE_END,
Mii (male voice 4),M4,low,5277,VO_M4_L_WLE_FAIL,WLE_FAIL,
Mii (male voice 4),M4,low,5278,VO_M4_L_WLE_FAIL2,WLE_FAIL2,
Mii (male voice 4),M4,low,5279,VO_M4_L_WLE_FAIL_END,WLE_FAIL_END,
Mii (male voice 4),M4,low,5280,VO_M4_L_DMG_L,DMG_L,
Mii (male voice 4),M4,low,5281,VO_M4_L_DMG_L2,DMG_L2,
Mii (male voice 4),M4,low,5282,VO_M4_L_DMG_L_END,DMG_L_END,
Mii (male voice 4),M4,low,5283,VO_M4_L_DMG_M,DMG_M,
Mii (male voice 4),M4,low,5284,VO_M4_L_DMG_M2,DMG_M2,
Mii (male voice 4),M4,low,5285,VO_M4_L_DMG_M_END,DMG_M_END,
Mii (male voice 4),M4,low,5286,VO_M4_L_DMG_S,DMG_S,
Mii (male voice 4),M4,low,5287,VO_M4_L_DMG_S2,DMG_S2,
Mii (male voice 4),M4,low,5288,VO_M4_L_DMG_S_END,DMG_S_END,
Mii (male voice 4),M4,low,5289,VO_M4_L_DMG_SPN,DMG_SPN,
Mii (male voice 4),M4,low,5290,VO_M4_L_DMG_SPN2,DMG_SPN2,
Mii (male voice 4),M4,low,5291,VO_M4_L_DMG_SPN_END,DMG_SPN_END,
Mii (male voice 4),M4,low,5292,VO_M4_L_DMG_FRE,DMG_FRE,
Mii (male voice 4),M4,low,5293,VO_M4_L_DMG_FRE2,DMG_FRE2,
Mii (male voice 4),M4,low,5294,VO_M4_L_DMG_FRE_END,DMG_FRE_END,
Mii (male voice 4),M4,low,5295,VO_M4_L_FAL,FAL,
Mii (male voice 4),M4,low,5296,VO_M4_L_FAL2,FAL2,
Mii (male voice 4),M4,low,5297,VO_M4_L_FAL_END,FAL_END,
Mii (male voice 4),M4,low,5298,VO_M4_L_FAL_W,FAL_W,
Mii (male voice 4),M4,low,5299,VO_M4_L_FAL_W2,FAL_W2,
Mii (male voice 4),M4,low,5300,VO_M4_L_FAL_W_END,FAL_W_END,
Mii (male voice 4),M4,low,5301,VO_M4_L_RET,RET,
Mii (male voice 4),M4,low,5302,VO_M4_L_RET2,RET2,
Mii (male voice 4),M4,low,5303,VO_M4_L_RET_END,RET_END,
Mii (male voice 4),M4,low,5304,VO_M4_L_RET_W,RET_W,
Mii (male voice 4),M4,low,5305,VO_M4_L_RET_W2,RET_W2,
Mii (male voice 4),M4,low,5306,VO_M4_L_RET_W_END,RET_W_END,
Mii (male voice 4),M4,low,5307,VO_M4_L_ITM_PUT,ITM_PUT,
Mii (male voice 4),M4,low,5308,VO_M4_L_ITM_PUT2,ITM_PUT2,
Mii (male voice 4),M4,low,5309,VO_M4_L_ITM_PUT_END,ITM_PUT_END,
Mii (male voice 4),M4,low,5310,VO_M4_L_ITM_TRW,ITM_TRW,
Mii (male voice 4),M4,low,5311,VO_M4_L_ITM_TRW2,ITM_TRW2,
Mii (male voice 4),M4,low,5312,VO_M4_L_ITM_TRW_END,ITM_TRW_END,
Mii (male voice 4),M4,low,5313,VO_M4_L_ITM_SCES,ITM_SCES,
Mii (male voice 4),M4,low,5314,VO_M4_L_ITM_SCES2,ITM_SCES2,
Mii (male voice 4),M4,low,5315,VO_M4_L_ITM_SCES_END,ITM_SCES_END,
Mii (male voice 4),M4,low,5316,VO_M4_L_ITM_PWUP,ITM_PWUP,
Mii (male voice 4),M4,low,5317,VO_M4_L_ITM_PWUP2,ITM_PWUP2,
Mii (male voice 4),M4,low,5318,VO_M4_L_ITM_PWUP_END,ITM_PWUP_END,
Mii (male voice 4),M4,low,5319,VO_M4_L_GOL_TOP,GOL_TOP,
Mii (male voice 4),M4,low,5320,VO_M4_L_GOL_TOP2,GOL_TOP2,
Mii (male voice 4),M4,low,5321,VO_M4_L_GOL_TOP_END,GOL_TOP_END,
Mii (male voice 4),M4,low,5322,VO_M4_L_GOL_GOD,GOL_GOD,
Mii (male voice 4),M4,low,5323,VO_M4_L_GOL_GOD2,GOL_GOD2,
Mii (male voice 4),M4,low,5324,VO_M4_L_GOL_GOD_END,GOL_GOD_END,
Mii (male voice 4),M4,low,5325,VO_M4_L_GOL_BAD,GOL_BAD,
Mii (male voice 4),M4,low,5326,VO_M4_L_GOL_BAD2,GOL_BAD2,
Mii (male voice 4),M4,low,5327,VO_M4_L_GOL_BAD_END,GOL_BAD_END,
Mii (male voice 4),M4,low,5328,VO_M4_L_CAN,CAN,
Mii (male voice 4),M4,low,5329,VO_M4_L_CAN2,CAN2,
Mii (male voice 4),M4,low,5330,VO_M4_L_CAN_END,CAN_END,
Mii (male voice 4),M4,low,5331,VO_M4_L_NPC_ATK,NPC_ATK,yes
Mii (male voice 4),M4,low,5332,VO_M4_L_NPC_ATK2,NPC_ATK2,yes
Mii (male voice 4),M4,low,5333,VO_M4_L_NPC_ATK_END,NPC_ATK_END,yes
Mii (male voice 4),M4,low,5334,VO_M4_L_NPC_DSH,NPC_DSH,yes
Mii (male voice 4),M4,low,5335,VO_M4_L_NPC_DSH2,NPC_DSH2,yes
Mii (male voice 4),M4,low,5336,VO_M4_L_NPC_DSH_END,NPC_DSH_END,yes
Mii (male voice 4),M4,low,5337,VO_M4_L_NPC_JP_M,NPC_JP_M,yes
Mii (male voice 4),M4,low,5338,VO_M4_L_NPC_JP_M2,NPC_JP_M2,yes
Mii (male voice 4),M4,low,5339,VO_M4_L_NPC_JP_M_END,NPC_JP_M_END,yes
Mii (male voice 4),M4,low,5340,VO_M4_L_NPC_WLE_FAIL,NPC_WLE_FAIL,yes
Mii (male voice 4),M4,low,5341,VO_M4_L_NPC_WLE_FAIL2,NPC_WLE_FAIL2,yes
Mii (male voice 4),M4,low,5342,VO_M4_L_NPC_WLE_FAIL_END,NPC_WLE_FAIL_END,yes
Mii (male voice 4),M4,low,5343,VO_M4_L_NPC_OVTAK,NPC_OVTAK,yes
Mii (male voice 4),M4,low,5344,VO_M4_L_NPC_OVTAK2,NPC_OVTAK2,yes
Mii (male voice 4),M4,low,5345,VO_M4_L_NPC_OVTAK_END,NPC_OVTAK_END,yes
Mii (male voice 4),M4,low,5346,VO_M4_L_NPC_DMG_L,NPC_DMG_L,yes
Mii (male voice 4),M4,low,5347,VO_M4_L_NPC_DMG_L2,NPC_DMG_L2,yes
Mii (male voice 4),M4,low,5348,VO_M4_L_NPC_DMG_L_END,NPC_DMG_L_END,yes
Mii (male voice 4),M4,low,5349,VO_M4_L_NPC_DMG_S,NPC_DMG_S,yes
Mii (male voice 4),M4,low,5350,VO_M4_L_NPC_DMG_S2,NPC_DMG_S2,yes
Mii (male voice 4),M4,low,5351,VO_M4_L_NPC_DMG_S_END,NPC_DMG_S_END,yes
Mii (male voice 4),M4,low,5352,VO_M4_L_NPC_DMG_SPN,NPC_DMG_SPN,yes
Mii (male voice 4),M4,low,5353,VO_M4_L_NPC_DMG_SPN2,NPC_DMG_SPN2,yes
Mii (male voice 4),M4,low,5354,VO_M4_L_NPC_DMG_SPN_END,NPC_DMG_SPN_END,yes
Mii (male voice 4),M4,low,5355,VO_M4_L_NPC_FAL,NPC_FAL,yes
Mii (male voice 4),M4,low,5356,VO_M4_L_NPC_FAL_W,NPC_FAL_W,yes
Mii (male voice 4),M4,low,5357,VO_M4_L_NPC_RET,NPC_RET,yes
Mii (male voice 4),M4,low,5358,VO_M4_L_NPC_ITM_SCES,NPC_ITM_SCES,yes
Mii (male voice 4),M4,low,5359,VO_M4_L_NPC_ITM_PWUP,NPC_ITM_PWUP,yes
Mii (male voice 4),M4,low,5360,VO_M4_L_NPC_CAN,NPC_CAN,yes
Mii (male voice 4),M4,low,5361,VO_M4_L_STRM,STRM,
Mii (male voice 4),M4,low,5362,VO_M4_L_STRM2,STRM2,
Mii (male voice 4),M4,low,5363,VO_M4_L_STRM_END,STRM_END,
Mii (male voice 4),M4,low,5364,VO_M4_L_NPC_STRM,NPC_STRM,yes
Mii (male voice 4),M4,normal,1022,VO_M4_N_SELECT_CHAR_01,SELECT_CHAR_01,
Mii (male voice 4),M4,normal,1023,VO_M4_N_SELECT_CHAR_02,SELECT_CHAR_02,
Mii (male voice 4),M4,normal,1024,VO_M4_N_SELECT_CHAR_END,SELECT_CHAR_END,
Mii (male voice 4),M4,normal,5011,VO_M4_N_ATK,ATK,
Mii (male voice 4),M4,normal,5012,VO_M4_N_ATK2,ATK2,
Mii (male voice 4),M4,normal,5013,VO_M4_N_ATK_END,ATK_END,
Mii (male voice 4),M4,normal,5014,VO_M4_N_DSH,DSH,
Mii (male voice 4),M4,normal,5015,VO_M4_N_DSH2,DSH2,
Mii (male voice 4),M4,normal,5016,VO_M4_N_DSH3,DSH3,
Mii (male voice 4),M4,normal,5017,VO_M4_N_DSH4,DSH4,
Mii (male voice 4),M4,normal,5018,VO_M4_N_DSH5,DSH5,
Mii (male voice 4),M4,normal,5019,VO_M4_N_DSH_END,DSH_END,
Mii (male voice 4),M4,normal,5020,VO_M4_N_JP_ACT,JP_ACT,
Mii (male voice 4),M4,normal,5021,VO_M4_N_JP_ACT2,JP_ACT2,
Mii (male voice 4),M4,normal,5022,VO_M4_N_JP_ACT_END,JP_ACT_END,
Mii (male voice 4),M4,normal,5023,VO_M4_N_JP_M,JP_M,
Mii (male voice 4),M4,normal,5024,VO_M4_N_JP_M2,JP_M2,
Mii (male voice 4),M4,normal,5025,VO_M4_N_JP_M_END,JP_M_END,
Mii (male voice 4),M4,normal,5026,VO_M4_N_JP_S,JP_S,
Mii (male voice 4),M4,normal,5027,VO_M4_N_JP_S2,JP_S2,
Mii (male voice 4),M4,normal,5028,VO_M4_N_JP_S_END,JP_S_END,
Mii (male voice 4),M4,normal,5029,VO_M4_N_LND_L,LND_L,
Mii (male voice 4),M4,normal,5030,VO_M4_N_LND_L2,LND_L2,
Mii (male voice 4),M4,normal,5031,VO_M4_N_LND_L_END,LND_L_END,
Mii (male voice 4),M4,normal,5032,VO_M4_N_LND_S,LND_S,
Mii (male voice 4),M4,normal,5033,VO_M4_N_LND_S2,LND_S2,
Mii (male voice 4),M4,normal,5034,VO_M4_N_LND_S_END,LND_S_END,
Mii (male voice 4),M4,normal,5035,VO_M4_N_OVTAK,OVTAK,
Mii (male voice 4),M4,normal,5036,VO_M4_N_OVTAK2,OVTAK2,
Mii (male voice 4),M4,normal,5037,VO_M4_N_OVTAK_END,OVTAK_END,
Mii (male voice 4),M4,normal,5038,VO_M4_N_WLE,WLE,
Mii (male voice 4),M4,normal,5039,VO_M4_N_WLE2,WLE2,
Mii (male voice 4),M4,normal,5040,VO_M4_N_WLE_END,WLE_END,
Mii (male voice 4),M4,normal,5041,VO_M4_N_WLE_FAIL,WLE_FAIL,
Mii (male voice 4),M4,normal,5042,VO_M4_N_WLE_FAIL2,WLE_FAIL2,
Mii (male voice 4),M4,normal,5043,VO_M4_N_WLE_FAIL_END,WLE_FAIL_END,
Mii (male voice 4),M4,normal,5044,VO_M4_N_DMG_L,DMG_L,
Mii (male voice 4),M4,normal,5045,VO_M4_N_DMG_L2,DMG_L2,
Mii (male voice 4),M4,normal,5046,VO_M4_N_DMG_L_END,DMG_L_END,
Mii (male voice 4),M4,normal,5047,VO_M4_N_DMG_M,DMG_M,
Mii (male voice 4),M4,normal,5048,VO_M4_N_DMG_M2,DMG_M2,
Mii (male voice 4),M4,normal,5049,VO_M4_N_DMG_M_END,DMG_M_END,
Mii (male voice 4),M4,normal,5050,VO_M4_N_DMG_S,DMG_S,
Mii (male voice 4),M4,normal,5051,VO_M4_N_DMG_S2,DMG_S2,
Mii (male voice 4),M4,normal,5052,VO_M4_N_DMG_S_END,DMG_S_END,
Mii (male voice 4),M4,normal,5053,VO_M4_N_DMG_SPN,DMG_SPN,
Mii (male voice 4),M4,normal,5054,VO_M4_N_DMG_SPN2,DMG_SPN2,
Mii (male voice 4),M4,normal,5055,VO_M4_N_DMG_SPN_END,DMG_SPN_END,
Mii (male voice 4),M4,normal,5056,VO_M4_N_DMG_FRE,DMG_FRE,
Mii (male voice 4),M4,normal,5057,VO_M4_N_DMG_FRE2,DMG_FRE2,
Mii (male voice 4),M4,normal,5058,VO_M4_N_DMG_FRE_END,DMG_FRE_END,
Mii (male voice 4),M4,normal,5059,VO_M4_N_FAL,FAL,
Mii (male voice 4),M4,normal,5060,VO_M4_N_FAL2,FAL2,
Mii (male voice 4),M4,normal,5061,VO_M4_N_FAL_END,FAL_END,
Mii (male voice 4),M4,normal,5062,VO_M4_N_FAL_W,FAL_W,
Mii (male voice 4),M4,normal,5063,VO_M4_N_FAL_W2,FAL_W2,
Mii (male voice 4),M4,normal,5064,VO_M4_N_FAL_W_END,FAL_W_END,
Mii (male voice 4),M4,normal,5065,VO_M4_N_RET,RET,
Mii (male voice 4),M4,normal,5066,VO_M4_N_RET2,RET2,
Mii (male voice 4),M4,normal,5067,VO_M4_N_RET_END,RET_END,
Mii (male voice 4),M4,normal,5068,VO_M4_N_RET_W,RET_W,
Mii (male voice 4),M4,normal,5069,VO_M4_N_RET_W2,RET_W2,
Mii (male voice 4),M4,normal,5070,VO_M4_N_RET_W_END,RET_W_END,
Mii (male voice 4),M4,normal,5071,VO_M4_N_ITM_PUT,ITM_PUT,
Mii (male voice 4),M4,normal,5072,VO_M4_N_ITM_PUT2,ITM_PUT2,
Mii (male voice 4),M4,normal,5073,VO_M4_N_ITM_PUT_END,ITM_PUT_END,
Mii (male voice 4),M4,normal,5074,VO_M4_N_ITM_TRW,ITM_TRW,
Mii (male voice 4),M4,normal,5075,VO_M4_N_ITM_TRW2,ITM_TRW2,
Mii (male voice 4),M4,normal,5076,VO_M4_N_ITM_TRW_END,ITM_TRW_END,
Mii (male voice 4),M4,normal,5077,VO_M4_N_ITM_SCES,ITM_SCES,
Mii (male voice 4),M4,normal,5078,VO_M4_N_ITM_SCES2,ITM_SCES2,
Mii (male voice 4),M4,normal,5079,VO_M4_N_ITM_SCES_END,ITM_SCES_END,
Mii (male voice 4),M4,normal,5080,VO_M4_N_ITM_PWUP,ITM_PWUP,
Mii (male voice 4),M4,normal,5081,VO_M4_N_ITM_PWUP2,ITM_PWUP2,
Mii (male voice 4),M4,normal,5082,VO_M4_N_ITM_PWUP_END,ITM_PWUP_END,
Mii (male voice 4),M4,normal,5083,VO_M4_N_GOL_TOP,GOL_TOP,
Mii (male voice 4),M4,normal,5084,VO_M4_N_GOL_TOP2,GOL_TOP2,
Mii (male voice 4),M4,normal,5085,VO_M4_N_GOL_TOP_END,GOL_TOP_END,
Mii (male voice 4),M4,normal,5086,VO_M4_N_GOL_GOD,GOL_GOD,
Mii (male voice 4),M4,normal,5087,VO_M4_N_GOL_GOD2,GOL_GOD2,
Mii (male voice 4),M4,normal,5088,VO_M4_N_GOL_GOD_END,GOL_GOD_END,
Mii (male voice 4),M4,normal,5089,VO_M4_N_GOL_BAD,GOL_BAD,
Mii (male voice 4),M4,normal,5090,VO_M4_N_GOL_BAD2,GOL_BAD2,
Mii (male voice 4),M4,normal,5091,VO_M4_N_GOL_BAD_END,GOL_BAD_END,
Mii (male voice 4),M4,normal,5092,VO_M4_N_CAN,CAN,
Mii (male voice 4),M4,normal,5093,VO_M4_N_CAN2,CAN2,
Mii (male voice 4),M4,normal,5094,VO_M4_N_CAN_END,CAN_END,
Mii (male voice 4),M4,normal,5095,VO_M4_N_NPC_ATK,NPC_ATK,yes
Mii (male voice 4),M4,normal,5096,VO_M4_N_NPC_ATK2,NPC_ATK2,yes
Mii (male voice 4),M4,normal,5097,VO_M4_N_NPC_ATK_END,NPC_ATK_END,yes
Mii (male voice 4),M4,normal,5098,VO_M4_N_NPC_DSH,NPC_DSH,yes
Mii (male voice 4),M4,normal,5099,VO_M4_N_NPC_DSH2,NPC_DSH2,yes
Mii (male voice 4),M4,normal,5100,VO_M4_N_NPC_DSH_END,NPC_DSH_END,yes
Mii (male voice 4),M4,normal,5101,VO_M4_N_NPC_JP_M,NPC_JP_M,yes
Mii (male voice 4),M4,normal,5102,VO_M4_N_NPC_JP_M2,NPC_JP_M2,yes
Mii (male voice 4),M4,normal,5103,VO_M4_N_NPC_JP_M_END,NPC_JP_M_END,yes
Mii (male voice 4),M4,normal,5104,VO_M4_N_NPC_WLE_FAIL,NPC_WLE_FAIL,yes
Mii (male voice 4),M4,normal,5105,VO_M4_N_NPC_WLE_FAIL2,NPC_WLE_FAIL2,yes
Mii (male voice 4),M4,normal,5106,VO_M4_N_NPC_WLE_FAIL_END,NPC_WLE_FAIL_END,yes
Mii (male voice 4),M4,normal,5107,VO_M4_N_NPC_OVTAK,NPC_OVTAK,yes
Mii (male voice 4),M4,normal,5108,VO_M4_N_NPC_OVTAK2,NPC_OVTAK2,yes
Mii (male voice 4),M4,normal,5109,VO_M4_N_NPC_OVTAK_END,NPC_OVTAK_END,yes
Mii (male voice 4),M4,normal,5110,VO_M4_N_NPC_DMG_L,NPC_DMG_L,yes
Mii (male voice 4),M4,normal,5111,VO_M4_N_NPC_DMG_L2,NPC_DMG_L2,yes
Mii (male voice 4),M4,normal,5112,VO_M4_N_NPC_DMG_L_END,NPC_DMG_L_END,yes
Mii (male voice 4),M4,normal,5113,VO_M4_N_NPC_DMG_S,NPC_DMG_S,yes
Mii (male voice 4),M4,normal,5114,VO_M4_N_NPC_DMG_S2,NPC_DMG_S2,yes
Mii (male voice 4),M4,normal,5115,VO_M4_N_NPC_DMG_S_END,NPC_DMG_S_END,yes
Mii (male voice 4),M4,normal,5116,VO_M4_N_NPC_DMG_SPN,NPC_DMG_SPN,yes
Mii (male voice 4),M4,normal,5117,VO_M4_N_NPC_DMG_SPN2,NPC_DMG_SPN2,yes
Mii (male voice 4),M4,normal,5118,VO_M4_N_NPC_DMG_SPN_END,NPC_DMG_SPN_END,yes
Mii (male voice 4),M4,normal,5119,VO_M4_N_NPC_FAL,NPC_FAL,yes
Mii (male voice 4),M4,normal,5120,VO_M4_N_NPC_FAL_W,NPC_FAL_W,yes
Mii (male voice 4),M4,normal,5121,VO_M4_N_NPC_RET,NPC_RET,yes
Mii (male voice 4),M4,normal,5122,VO_M4_N_NPC_ITM_SCES,NPC_ITM_SCES,yes
Mii (male voice 4),M4,normal,5123,VO_M4_N_NPC_ITM_PWUP,NPC_ITM_PWUP,yes
Mii (male voice 4),M4,normal,5124,VO_M4_N_NPC_CAN,NPC_CAN,yes
Mii (male voice 4),M4,normal,5125,VO_M4_N_STRM,STRM,
Mii (male voice 4),M4,normal,5126,VO_M4_N_STRM2,STRM2,
Mii (male voice 4),M4,normal,5127,VO_M4_N_STRM_END,STRM_END,
Mii (male voice 4),M4,normal,5128,VO_M4_N_NPC_STRM,NPC_STRM,yes
Mii (female voice 1),F1,high,1034,VO_F1_H_SELECT_CHAR_01,SELECT_CHAR_01,
Mii (female voice 1),F1,high,1035,VO_F1_H_SELECT_CHAR_02,SELECT_CHAR_02,
Mii (female voice 1),F1,high,1036,VO_F1_H_SELECT_CHAR_END,SELECT_CHAR_END,
Mii (female voice 1),F1,high,5483,VO_F1_H_ATK,ATK,
Mii (female voice 1),F1,high,5484,VO_F1_H_ATK2,ATK2,
Mii (female voice 1),F1,high,5485,VO_F1_H_ATK_END,ATK_END,
Mii (female voice 1),F1,high,5486,VO_F1_H_DSH,DSH,
Mii (female voice 1),F1,high,5487,VO_F1_H_DSH2,DSH2,
Mii (female voice 1),F1,high,5488,VO_F1_H_DSH3,DSH3,
Mii (female voice 1),F1,high,5489,VO_F1_H_DSH4,DSH4,
Mii (female voice 1),F1,high,5490,VO_F1_H_DSH5,DSH5,
Mii (female voice 1),F1,high,5491,VO_F1_H_DSH_END,DSH_END,
Mii (female voice 1),F1,high,5492,VO_F1_H_JP_ACT,JP_ACT,
Mii (female voice 1),F1,high,5493,VO_F1_H_JP_ACT2,JP_ACT2,
Mii (female voice 1),F1,high,5494,VO_F1_H_JP_ACT_END,JP_ACT_END,
Mii (female voice 1),F1,high,5495,VO_F1_H_JP_M,JP_M,
Mii (female voice 1),F1,high,5496,VO_F1_H_JP_M2,JP_M2,
Mii (female voice 1),F1,high,5497,VO_F1_H_JP_M_END,JP_M_END,
Mii (female voice 1),F1,high,5498,VO_F1_H_JP_S,JP_S,
Mii (female voice 1),F1,high,5499,VO_F1_H_JP_S2,JP_S2,
Mii (female voice 1),F1,high,5500,VO_F1_H_JP_S_END,JP_S_END,
Mii (female voice 1),F1,high,5501,VO_F1_H_LND_L,LND_L,
Mii (female voice 1),F1,high,5502,VO_F1_H_LND_L2,LND_L2,
Mii (female voice 1),F1,high,5503,VO_F1_H_LND_L_END,LND_L_END,
Mii (female voice 1),F1,high,5504,VO_F1_H_LND_S,LND_S,
Mii (female voice 1),F1,high,5505,VO_F1_H_LND_S2,LND_S2,
Mii (female voice 1),F1,high,5506,VO_F1_H_LND_S_END,LND_S_END,
Mii (female voice 1),F1,high,5507,VO_F1_H_OVTAK,OVTAK,
Mii (female voice 1),F1,high,5508,VO_F1_H_OVTAK2,OVTAK2,
Mii (female voice 1),F1,high,5509,VO_F1_H_OVTAK_END,OVTAK_END,
Mii (female voice 1),F1,high,5510,VO_F1_H_WLE,WLE,
Mii (female voice 1),F1,high,5511,VO_F1_H_WLE2,WLE2,
Mii (female voice 1),F1,high,5512,VO_F1_H_WLE_END,WLE_END,
Mii (female voice 1),F1,high,5513,VO_F1_H_WLE_FAIL,WLE_FAIL,
Mii (female voice 1),F1,high,5514,VO_F1_H_WLE_FAIL2,WLE_FAIL2,
Mii (female voice 1),F1,high,5515,VO_F1_H_WLE_FAIL_END,WLE_FAIL_END,
Mii (female voice 1),F1,high,5516,VO_F1_H_DMG_L,DMG_L,
Mii (female voice 1),F1,high,5517,VO_F1_H_DMG_L2,DMG_L2,
Mii (female voice 1),F1,high,5518,VO_F1_H_DMG_L_END,DMG_L_END,
Mii (female voice 1),F1,high,5519,VO_F1_H_DMG_M,DMG_M,
Mii (female voice 1),F1,high,5520,VO_F1_H_DMG_M2,DMG_M2,
Mii (female voice 1),F1,high,5521,VO_F1_H_DMG_M_END,DMG_M_END,
Mii (female voice 1),F1,high,5522,VO_F1_H_DMG_S,DMG_S,
Mii (female voice 1),F1,high,5523,VO_F1_H_DMG_S2,DMG_S2,
Mii (female voice 1),F1,high,5524,VO_F1_H_DMG_S_END,DMG_S_END,
Mii (female voice 1),F1,high,5525,VO_F1_H_DMG_SPN,DMG_SPN,
Mii (female voice 1),F1,high,5526,VO_F1_H_DMG_SPN2,DMG_SPN2,
Mii (female voice 1),F1,high,5527,VO_F1_H_DMG_SPN_END,DMG_SPN_END,
Mii (female voice 1),F1,high,5528,VO_F1_H_DMG_FRE,DMG_FRE,
Mii (female voice 1),F1,high,5529,VO_F1_H_DMG_FRE2,DMG_FRE2,
Mii (female voice 1),F1,high,5530,VO_F1_H_DMG_FRE_END,DMG_FRE_END,
Mii (female voice 1),F1,high,5531,VO_F1_H_FAL,FAL,
Mii (female voice 1),F1,high,5532,VO_F1_H_FAL2,FAL2,
Mii (female voice 1),F1,high,5533,VO_F1_H_FAL_END,FAL_END,
Mii (female voice 1),F1,high,5534,VO_F1_H_FAL_W,FAL_W,
Mii (female voice 1),F1,high,5535,VO_F1_H_FAL_W2,FAL_W2,
Mii (female voice 1),F1,high,5536,VO_F1_H_FAL_W_END,FAL_W_END,
Mii (female voice 1),F1,high,5537,VO_F1_H_RET,RET,
Mii (female voice 1),F1,high,5538,VO_F1_H_RET2,RET2,
Mii (female voice 1),F1,high,5539,VO_F1_H_RET_END,RET_END,
Mii (female voice 1),F1,high,5540,VO_F1_H_RET_W,RET_W,
Mii (female voice 1),F1,high,5541,VO_F1_H_RET_W2,RET_W2,
Mii (female voice 1),F1,high,5542,VO_F1_H_RET_W_END,RET_W_END,
Mii (female voice 1),F1,high,5543,VO_F1_H_ITM_PUT,ITM_PUT,
Mii (female voice 1),F1,high,5544,VO_F1_H_ITM_PUT2,ITM_PUT2,
Mii (female voice 1),F1,high,5545,VO_F1_H_ITM_PUT_END,ITM_PUT_END,
Mii (female voice 1),F1,high,5546,VO_F1_H_ITM_TRW,ITM_TRW,
Mii (female voice 1),F1,high,5547,VO_F1_H_ITM_TRW2,ITM_TRW2,
Mii (female voice 1),F1,high,5548,VO_F1_H_ITM_TRW_END,ITM_TRW_END,
Mii (female voice 1),F1,high,5549,VO_F1_H_ITM_SCES,ITM_SCES,
Mii (female voice 1),F1,high,5550,VO_F1_H_ITM_SCES2,ITM_SCES2,
Mii (female voice 1),F1,high,5551,VO_F1_H_ITM_SCES_END,ITM_SCES_END,
Mii (female voice 1),F1,high,5552,VO_F1_H_ITM_PWUP,ITM_PWUP,
Mii (female voice 1),F1,high,5553,VO_F1_H_ITM_PWUP2,ITM_PWUP2,
Mii (female voice 1),F1,high,5554,VO_F1_H_ITM_PWUP_END,ITM_PWUP_END,
Mii (female voice 1),F1,high,5555,VO_F1_H_GOL_TOP,GOL_TOP,
Mii (female voice 1),F1,high,5556,VO_F1_H_GOL_TOP2,GOL_TOP2,
Mii (female voice 1),F1,high,5557,VO_F1_H_GOL_TOP_END,GOL_TOP_END,
Mii (female voice 1),F1,high,5558,VO_F1_H_GOL_GOD,GOL_GOD,
Mii (female voice 1),F1,high,5559,VO_F1_H_GOL_GOD2,GOL_GOD2,
Mii (female voice 1),F1,high,5560,VO_F1_H_GOL_GOD_END,GOL_GOD_END,
Mii (female voice 1),F1,high,5561,VO_F1_H_GOL_BAD,GOL_BAD,
Mii (female voice 1),F1,high,5562,VO_F1_H_GOL_BAD2,GOL_BAD2,
Mii (female voice 1),F1,high,5563,VO_F1_H_GOL_BAD_END,GOL_BAD_END,
Mii (female voice 1),F1,high,5564,VO_F1_H_CAN,CAN,
Mii (female voice 1),F1,high,5565,VO_F1_H_CAN2,CAN2,
Mii (female voice 1),F1,high,5566,VO_F1_H_CAN_END,CAN_END,
Mii (female voice 1),F1,high,5567,VO_F1_H_NPC_ATK,NPC_ATK,yes
Mii (female voice 1),F1,high,5568,VO_F1_H_NPC_ATK2,NPC_ATK2,yes
Mii (female voice 1),F1,high,5569,VO_F1_H_NPC_ATK_END,NPC_ATK_END,yes
Mii (female voice 1),F1,high,5570,VO_F1_H_NPC_DSH,NPC_DSH,yes
Mii (female voice 1),F1,high,5571,VO_F1_H_NPC_DSH2,NPC_DSH2,yes
Mii (female voice 1),F1,high,5572,VO_F1_H_NPC_DSH_END,NPC_DSH_END,yes
Mii (female voice 1),F1,high,5573,VO_F1_H_NPC_JP_M,NPC_JP_M,yes
Mii (female voice 1),F1,high,5574,VO_F1_H_NPC_JP_M2,NPC_JP_M2,yes
Mii (female voice 1),F1,high,5575,VO_F1_H_NPC_JP_M_END,NPC_JP_M_END,yes
Mii (female voice 1),F1,high,5576,VO_F1_H_NPC_WLE_FAIL,NPC_WLE_FAIL,yes
Mii (female voice 1),F1,high,5577,VO_F1_H_NPC_WLE_FAIL2,NPC_WLE_FAIL2,yes
Mii (female voice 1),F1,high,5578,VO_F1_H_NPC_WLE_FAIL_END,NPC_WLE_FAIL_END,yes
Mii (female voice 1),F1,high,5579,VO_F1_H_NPC_OVTAK,NPC_OVTAK,yes
Mii (female voice 1),F1,high,5580,VO_F1_H_NPC_OVTAK2,NPC_OVTAK2,yes
Mii (female voice 1),F1,high,5581,VO_F1_H_NPC_OVTAK_END,NPC_OVTAK_END,yes
Mii (female voice 1),F1,high,5582,VO_F1_H_NPC_DMG_L,NPC_DMG_L,yes
Mii (female voice 1),F1,high,5583,VO_F1_H_NPC_DMG_L2,NPC_DMG_L2,yes
Mii (female voice 1),F1,high,5584,VO_F1_H_NPC_DMG_L_END,NPC_DMG_L_END,yes
Mii (female voice 1),F1,high,5585,VO_F1_H_NPC_DMG_S,NPC_DMG_S,yes
Mii (female voice 1),F1,high,5586,VO_F1_H_NPC_DMG_S2,NPC_DMG_S2,yes
Mii (female voice 1),F1,high,5587,VO_F1_H_NPC_DMG_S_END,NPC_DMG_S_END,yes
Mii (female voice 1),F1,high,5588,VO_F1_H_NPC_DMG_SPN,NPC_DMG_SPN,yes
Mii (female voice 1),F1,high,5589,VO_F1_H_NPC_DMG_SPN2,NPC_DMG_SPN2,yes
Mii (female voice 1),F1,high,5590,VO_F1_H_NPC_DMG_SPN_END,NPC_DMG_SPN_END,yes
Mii (female voice 1),F1,high,5591,VO_F1_H_NPC_FAL,NPC_FAL,yes
Mii (female voice 1),F1,high,5592,VO_F1_H_NPC_FAL_W,NPC_FAL_W,yes
Mii (female voice 1),F1,high,5593,VO_F1_H_NPC_RET,NPC_RET,yes
Mii (female voice 1),F1,high,5594,VO_F1_H_NPC_ITM_SCES,NPC_ITM_SCES,yes
Mii (female voice 1),F1,high,5595,VO_F1_H_NPC_ITM_PWUP,NPC_ITM_PWUP,yes
Mii (female voice 1),F1,high,5596,VO_F1_H_NPC_CAN,NPC_CAN,yes
Mii (female voice 1),F1,high,5597,VO_F1_H_STRM,STRM,
Mii (female voice 1),F1,high,5598,VO_F1_H_STRM2,STRM2,
Mii (female voice 1),F1,high,5599,VO_F1_H_STRM_END,STRM_END,
Mii (female voice 1),F1,high,5600,VO_F1_H_NPC_STRM,NPC_STRM,yes
Mii (female voice 1),F1,low,1037,VO_F1_L_SELECT_CHAR_01,SELECT_CHAR_01,
Mii (female voice 1),F1,low,1038,VO_F1_L_SELECT_CHAR_02,SELECT_CHAR_02,
Mii (female voice 1),F1,low,1039,VO_F1_L_SELECT_CHAR_END,SELECT_CHAR_END,
Mii (female voice 1),F1,low,5601,VO_F1_L_ATK,ATK,
Mii (female voice 1),F1,low,5602,VO_F1_L_ATK2,ATK2,
Mii (female voice 1),F1,low,5603,VO_F1_L_ATK_END,ATK_END,
Mii (female voice 1),F1,low,5604,VO_F1_L_DSH,DSH,
Mii (female voice 1),F1,low,5605,VO_F1_L_DSH2,DSH2,
Mii (female voice 1),F1,low,5606,VO_F1_L_DSH3,DSH3,
Mii (female voice 1),F1,low,5607,VO_F1_L_DSH4,DSH4,
Mii (female voice 1),F1,low,5608,VO_F1_L_DSH5,DSH5,
Mii (female voice 1),F1,low,5609,VO_F1_L_DSH_END,DSH_END,
Mii (female voice 1),F1,low,5610,VO_F1_L_JP_ACT,JP_ACT,
Mii (female voice 1),F1,low,5611,VO_F1_L_JP_ACT2,JP_ACT2,
Mii (female voice 1),F1,low,5612,VO_F1_L_JP_ACT_END,JP_ACT_END,
Mii (female voice 1),F1,low,5613,VO_F1_L_JP_M,JP_M,
Mii (female voice 1),F1,low,5614,VO_F1_L_JP_M2,JP_M2,
Mii (female voice 1),F1,low,5615,VO_F1_L_JP_M_END,JP_M_END,
Mii (female voice 1),F1,low,5616,VO_F1_L_JP_S,JP_S,
Mii (female voice 1),F1,low,5617,VO_F1_L_JP_S2,JP_S2,
Mii (female voice 1),F1,low,5618,VO_F1_L_JP_S_END,JP_S_END,
Mii (female voice 1),F1,low,5619,VO_F1_L_LND_L,LND_L,
Mii (female voice 1),F1,low,5620,VO_F1_L_LND_L2,LND_L2,
Mii (female voice 1),F1,low,5621,VO_F1_L_LND_L_END,LND_L_END,
Mii (female voice 1),F1,low,5622,VO_F1_L_LND_S,LND_S,
Mii (female voice 1),F1,low,5623,VO_F1_L_LND_S2,LND_S2,
Mii (female voice 1),F1,low,5624,VO_F1_L_LND_S_END,LND_S_END,
Mii (female voice 1),F1,low,5625,VO_F1_L_OVTAK,OVTAK,
Mii (female voice 1),F1,low,5626,VO_F1_L_OVTAK2,OVTAK2,
Mii (female voice 1),F1,low,5627,VO_F1_L_OVTAK_END,OVTAK_END,
Mii (female voice 1),F1,low,5628,VO_F1_L_WLE,WLE,
Mii (female voice 1),F1,low,5629,VO_F1_L_WLE2,WLE2,
Mii (female voice 1),F1,low,5630,VO_F1_L_WLE_END,WLE_END,
Mii (female voice 1),F1,low,5631,VO_F1_L_WLE_FAIL,WLE_FAIL,
Mii (female voice 1),F1,low,5632,VO_F1_L_WLE_FAIL2,WLE_FAIL2,
Mii (female voice 1),F1,low,5633,VO_F1_L_WLE_FAIL_END,WLE_FAIL_END,
Mii (female voice 1),F1,low,5634,VO_F1_L_DMG_L,DMG_L,
Mii (female voice 1),F1,low,5635,VO_F1_L_DMG_L2,DMG_L2,
Mii (female voice 1),F1,low,5636,VO_F1_L_DMG_L_END,DMG_L_END,
Mii (female voice 1),F1,low,5637,VO_F1_L_DMG_M,DMG_M,
Mii (female voice 1),F1,low,5638,VO_F1_L_DMG_M2,DMG_M2,
Mii (female voice 1),F1,low,5639,VO_F1_L_DMG_M_END,DMG_M_END,
Mii (female voice 1),F1,low,5640,VO_F1_L_DMG_S,DMG_S,
Mii (female voice 1),F1,low,5641,VO_F1_L_DMG_S2,DMG_S2,
Mii (female voice 1),F1,low,5642,VO_F1_L_DMG_S_END,DMG_S_END,
Mii (female voice 1),F1,low,5643,VO_F1_L_DMG_SPN,DMG_SPN,
Mii (female voice 1),F1,low,5644,VO_F1_L_DMG_SPN2,DMG_SPN2,
Mii (female voice 1),F1,low,5645,VO_F1_L_DMG_SPN_END,DMG_SPN_END,
Mii (female voice 1),F1,low,5646,VO_F1_L_DMG_FRE,DMG_FRE,
Mii (female voice 1),F1,low,5647,VO_F1_L_DMG_FRE2,DMG_FRE2,
Mii (female voice 1),F1,low,5648,VO_F1_L_DMG_FRE_END,DMG_FRE_END,
Mii (female voice 1),F1,low,5649,VO_F1_L_FAL,FAL,
Mii (female voice 1),F1,low,5650,VO_F1_L_FAL2,FAL2,
Mii (female voice 1),F1,low,5651,VO_F1_L_FAL_END,FAL_END,
Mii (female voice 1),F1,low,5652,VO_F1_L_FAL_W,FAL_W,
Mii (female voice 1),F1,low,5653,VO_F1_L_FAL_W2,FAL_W2,
Mii (female voice 1),F1,low,5654,VO_F1_L_FAL_W_END,FAL_W_END,
Mii (female voice 1),F1,low,5655,VO_F1_L_RET,RET,
Mii (female voice 1),F1,low,5656,VO_F1_L_RET2,RET2,
Mii (female voice 1),F1,low,5657,VO_F1_L_RET_END,RET_END,
Mii (female voice 1),F1,low,5658,VO_F1_L_RET_W,RET_W,
Mii (female voice 1),F1,low,5659,VO_F1_L_RET_W2,RET_W2,
Mii (female voice 1),F1,low,5660,VO_F1_L_RET_W_END,RET_W_END,
Mii (female voice 1),F1,low,5661,VO_F1_L_ITM_PUT,ITM_PUT,
Mii (female voice 1),F1,low,5662,VO_F1_L_ITM_PUT2,ITM_PUT2,
Mii (female voice 1),F1,low,5663,VO_F1_L_ITM_PUT_END,ITM_PUT_END,
Mii (female voice 1),F1,low,5664,VO_F1_L_ITM_TRW,ITM_TRW,
Mii (female voice 1),F1,low,5665,VO_F1_L_ITM_TRW2,ITM_TRW2,
Mii (female voice 1),F1,low,5666,VO_F1_L_ITM_TRW_END,ITM_TRW_END,
Mii (female voice 1),F1,low,5667,VO_F1_L_ITM_SCES,ITM_SCES,
Mii (female voice 1),F1,low,5668,VO_F1_L_ITM_SCES2,ITM_SCES2,
Mii (female voice 1),F1,low,5669,VO_F1_L_ITM_SCES_END,ITM_SCES_END,
Mii (female voice 1),F1,low,5670,VO_F1_L_ITM_PWUP,ITM_PWUP,
Mii (female voice 1),F1,low,5671,VO_F1_L_ITM_PWUP2,ITM_PWUP2,
Mii (female voice 1),F1,low,5672,VO_F1_L_ITM_PWUP_END,ITM_PWUP_END,
Mii (female voice 1),F1,low,5673,VO_F1_L_GOL_TOP,GOL_TOP,
Mii (female voice 1),F1,low,5674,VO_F1_L_GOL_TOP2,GOL_TOP2,
Mii (female voice 1),F1,low,5675,VO_F1_L_GOL_TOP_END,GOL_TOP_END,
Mii (female voice 1),F1,low,5676,VO_F1_L_GOL_GOD,GOL_GOD,
Mii (female voice 1),F1,low,5677,VO_F1_L_GOL_GOD2,GOL_GOD2,
Mii (female voice 1),F1,low,5678,VO_F1_L_GOL_GOD_END,GOL_GOD_END,
Mii (female voice 1),F1,low,5679,VO_F1_L_GOL_BAD,GOL_BAD,
Mii (female voice 1),F1,low,5680,VO_F1_L_GOL_BAD2,GOL_BAD2,
Mii (female voice 1),F1,low,5681,VO_F1_L_GOL_BAD_END,GOL_BAD_END,
Mii (female voice 1),F1,low,5682,VO_F1_L_CAN,CAN,
Mii (female voice 1),F1,low,5683,VO_F1_L_CAN2,CAN2,
Mii (female voice 1),F1,low,5684,VO_F1_L_CAN_END,CAN_END,
Mii (female voice 1),F1,low,5685,VO_F1_L_NPC_ATK,NPC_ATK,yes
Mii (female voice 1),F1,low,5686,VO_F1_L_NPC_ATK2,NPC_ATK2,yes
Mii (female voice 1),F1,low,5687,VO_F1_L_NPC_ATK_END,NPC_ATK_END,yes
Mii (female voice 1),F1,low,5688,VO_F1_L_NPC_DSH,NPC_DSH,yes
Mii (female voice 1),F1,low,5689,VO_F1_L_NPC_DSH2,NPC_DSH2,yes
Mii (female voice 1),F1,low,5690,VO_F1_L_NPC_DSH_END,NPC_DSH_END,yes
Mii (female voice 1),F1,low,5691,VO_F1_L_NPC_JP_M,NPC_JP_M,yes
Mii (female voice 1),F1,low,5692,VO_F1_L_NPC_JP_M2,NPC_JP_M2,yes
Mii (female voice 1),F1,low,5693,VO_F1_L_NPC_JP_M_END,NPC_JP_M_END,yes
Mii (female voice 1),F1,low,5694,VO_F1_L_NPC_WLE_FAIL,NPC_WLE_FAIL,yes
Mii (female voice 1),F1,low,5695,VO_F1_L_NPC_WLE_FAIL2,NPC_WLE_FAIL2,yes
Mii (female voice 1),F1,low,5696,VO_F1_L_NPC_WLE_FAIL_END,NPC_WLE_FAIL_END,yes
Mii (female voice 1),F1,low,5697,VO_F1_L_NPC_OVTAK,NPC_OVTAK,yes
Mii (female voice 1),F1,low,5698,VO_F1_L_NPC_OVTAK2,NPC_OVTAK2,yes
Mii (female voice 1),F1,low,5699,VO_F1_L_NPC_OVTAK_END,NPC_OVTAK_END,yes
Mii (female voice 1),F1,low,5700,VO_F1_L_NPC_DMG_L,NPC_DMG_L,yes
Mii (female voice 1),F1,low,5701,VO_F1_L_NPC_DMG_L2,NPC_DMG_L2,yes
Mii (female voice 1),F1,low,5702,VO_F1_L_NPC_DMG_L_END,NPC_DMG_L_END,yes
Mii (female voice 1),F1,low,5703,VO_F1_L_NPC_DMG_S,NPC_DMG_S,yes
Mii (female voice 1),F1,low,5704,VO_F1_L_NPC_DMG_S2,NPC_DMG_S2,yes
Mii (female voice 1),F1,low,5705,VO_F1_L_NPC_DMG_S_END,NPC_DMG_S_END,yes
Mii (female voice 1),F1,low,5706,VO_F1_L_NPC_DMG_SPN,NPC_DMG_SPN,yes
Mii (female voice 1),F1,low,5707,VO_F1_L_NPC_DMG_SPN2,NPC_DMG_SPN2,yes
Mii (female voice 1),F1,low,5708,VO_F1_L_NPC_DMG_SPN_END,NPC_DMG_SPN_END,yes
Mii (female voice 1),F1,low,5709,VO_F1_L_NPC_FAL,NPC_FAL,yes
Mii (female voice 1),F1,low,5710,VO_F1_L_NPC_FAL_W,NPC_FAL_W,yes
Mii (female voice 1),F1,low,5711,VO_F1_L_NPC_RET,NPC_RET,yes
Mii (female voice 1),F1,low,5712,VO_F1_L_NPC_ITM_SCES,NPC_ITM_SCES,yes
Mii (female voice 1),F1,low,5713,VO_F1_L_NPC_ITM_PWUP,NPC_ITM_PWUP,yes
Mii (female voice 1),F1,low,5714,VO_F1_L_NPC_CAN,NPC_CAN,yes
Mii (female voice 1),F1,low,5715,VO_F1_L_STRM,STRM,
Mii (female voice 1),F1,low,5716,VO_F1_L_STRM2,STRM2,
Mii (female voice 1),F1,low,5717,VO_F1_L_STRM_END,STRM_END,
Mii (female voice 1),F1,low,5718,VO_F1_L_NPC_STRM,NPC_STRM,yes
Mii (female voice 1),F1,normal,1031,VO_F1_N_SELECT_CHAR_01,SELECT_CHAR_01,
Mii (female voice 1),F1,normal,1032,VO_F1_N_SELECT_CHAR_02,SELECT_CHAR_02,
Mii (female voice 1),F1,normal,1033,VO_F1_N_SELECT_CHAR_END,SELECT_CHAR_END,
Mii (female voice 1),F1,normal,5365,VO_F1_N_ATK,ATK,
Mii (female voice 1),F1,normal,5366,VO_F1_N_ATK2,ATK2,
Mii (female voice 1),F1,normal,5367,VO_F1_N_ATK_END,ATK_END,
Mii (female voice 1),F1,normal,5368,VO_F1_N_DSH,DSH,
Mii (female voice 1),F1,normal,5369,VO_F1_N_DSH2,DSH2,
Mii (female voice 1),F1,normal,5370,VO_F1_N_DSH3,DSH3,
Mii (female voice 1),F1,normal,5371,VO_F1_N_DSH4,DSH4,
Mii (female voice 1),F1,normal,5372,VO_F1_N_DSH5,DSH5,
Mii (female voice 1),F1,normal,5373,VO_F1_N_DSH_END,DSH_END,
Mii (female voice 1),F1,normal,5374,VO_F1_N_JP_ACT,JP_ACT,
Mii (female voice 1),F1,normal,5375,VO_F1_N_JP_ACT2,JP_ACT2,
Mii (female voice 1),F1,normal,5376,VO_F1_N_JP_ACT_END,JP_ACT_END,
Mii (female voice 1),F1,normal,5377,VO_F1_N_JP_M,JP_M,
Mii (female voice 1),F1,normal,5378,VO_F1_N_JP_M2,JP_M2,
Mii (female voice 1),F1,normal,5379,VO_F1_N_JP_M_END,JP_M_END,
Mii (female voice 1),F1,normal,5380,VO_F1_N_JP_S,JP_S,
Mii (female voice 1),F1,normal,5381,VO_F1_N_JP_S2,JP_S2,
Mii (female voice 1),F1,normal,5382,VO_F1_N_JP_S_END,JP_S_END,
Mii (female voice 1),F1,normal,5383,VO_F1_N_LND_L,LND_L,
Mii (female voice 1),F1,normal,5384,VO_F1_N_LND_L2,LND_L2,
Mii (female voice 1),F1,normal,5385,VO_F1_N_LND_L_END,LND_L_END,
Mii (female voice 1),F1,normal,5386,VO_F1_N_LND_S,LND_S,
Mii (female voice 1),F1,normal,5387,VO_F1_N_LND_S2,LND_S2,
Mii (female voice 1),F1,normal,5388,VO_F1_N_LND_S_END,LND_S_END,
Mii (female voice 1),F1,normal,5389,VO_F1_N_OVTAK,OVTAK,
Mii (female voice 1),F1,normal,5390,VO_F1_N_OVTAK2,OVTAK2,
Mii (female voice 1),F1,normal,5391,VO_F1_N_OVTAK_END,OVTAK_END,
Mii (female voice 1),F1,normal,5392,VO_F1_N_WLE,WLE,
Mii (female voice 1),F1,normal,5393,VO_F1_N_WLE2,WLE2,
Mii (female voice 1),F1,normal,5394,VO_F1_N_WLE_END,WLE_END,
Mii (female voice 1),F1,normal,5395,VO_F1_N_WLE_FAIL,WLE_FAIL,
Mii (female voice 1),F1,normal,5396,VO_F1_N_WLE_FAIL2,WLE_FAIL2,
Mii (female voice 1),F1,normal,5397,VO_F1_N_WLE_FAIL_END,WLE_FAIL_END,
Mii (female voice 1),F1,normal,5398,VO_F1_N_DMG_L,DMG_L,
Mii (female voice 1),F1,normal,5399,VO_F1_N_DMG_L2,DMG_L2,
Mii (female voice 1),F1,normal,5400,VO_F1_N_DMG_L_END,DMG_L_END,
Mii (female voice 1),F1,normal,5401,VO_F1_N_DMG_M,DMG_M,
Mii (female voice 1),F1,normal,5402,VO_F1_N_DMG_M2,DMG_M2,
Mii (female voice 1),F1,normal,5403,VO_F1_N_DMG_M_END,DMG_M_END,
Mii (female voice 1),F1,normal,5404,VO_F1_N_DMG_S,DMG_S,
Mii (female voice 1),F1,normal,5405,VO_F1_N_DMG_S2,DMG_S2,
Mii (female voice 1),F1,normal,5406,VO_F1_N_DMG_S_END,DMG_S_END,
Mii (female voice 1),F1,normal,5407,VO_F1_N_DMG_SPN,DMG_SPN,
Mii (female voice 1),F1,normal,5408,VO_F1_N_DMG_SPN2,DMG_SPN2,
Mii (female voice 1),F1,normal,5409,VO_F1_N_DMG_SPN_END,DMG_SPN_END,
Mii (female voice 1),F1,normal,5410,VO_F1_N_DMG_FRE,DMG_FRE,
Mii (female voice 1),F1,normal,5411,VO_F1_N_DMG_FRE2,DMG_FRE2,
Mii (female voice 1),F1,normal,5412,VO_F1_N_DMG_FRE_END,DMG_FRE_END,
Mii (female voice 1),F1,normal,5413,VO_F1_N_FAL,FAL,
Mii (female voice 1),F1,normal,5414,VO_F1_N_FAL2,FAL2,
Mii (female voice 1),F1,normal,5415,VO_F1_N_FAL_END,FAL_END,
Mii (female voice 1),F1,normal,5416,VO_F1_N_FAL_W,FAL_W,
Mii (female voice 1),F1,normal,5417,VO_F1_N_FAL_W2,FAL_W2,
Mii (female voice 1),F1,normal,5418,VO_F1_N_FAL_W_END,FAL_W_END,
Mii (female voice 1),F1,normal,5419,VO_F1_N_RET,RET,
Mii (female voice 1),F1,normal,5420,VO_F1_N_RET2,RET2,
Mii (female voice 1),F1,normal,5421,VO_F1_N_RET_END,RET_END,
Mii (female voice 1),F1,normal,5422,VO_F1_N_RET_W,RET_W,
Mii (female voice 1),F1,normal,5423,VO_F1_N_RET_W2,RET_W2,
Mii (female voice 1),F1,normal,5424,VO_F1_N_RET_W_END,RET_W_END,
Mii (female voice 1),F1,normal,5425,VO_F1_N_ITM_PUT,ITM_PUT,
Mii (female voice 1),F1,normal,5426,VO_F1_N_ITM_PUT2,ITM_PUT2,
Mii (female voice 1),F1,normal,5427,VO_F1_N_ITM_PUT_END,ITM_PUT_END,
Mii (female voice 1),F1,normal,5428,VO_F1_N_ITM_TRW,ITM_TRW,
Mii (female voice 1),F1,normal,5429,VO_F1_N_ITM_TRW2,ITM_TRW2,
Mii (female voice 1),F1,normal,5430,VO_F1_N_ITM_TRW_END,ITM_TRW_END,
Mii (female voice 1),F1,normal,5431,VO_F1_N_ITM_SCES,ITM_SCES,
Mii (female voice 1),F1,normal,5432,VO_F1_N_ITM_SCES2,ITM_SCES2,
Mii (female voice 1),F1,normal,5433,VO_F1_N_ITM_SCES_END,ITM_SCES_END,
Mii (female voice 1),F1,normal,5434,VO_F1_N_ITM_PWUP,ITM_PWUP,
Mii (female voice 1),F1,normal,5435,VO_F1_N_ITM_PWUP2,ITM_PWUP2,
Mii (female voice 1),F1,normal,5436,VO_F1_N_ITM_PWUP_END,ITM_PWUP_END,
Mii (female voice 1),F1,normal,5437,VO_F1_N_GOL_TOP,GOL_TOP,
Mii (female voice 1),F1,normal,5438,VO_F1_N_GOL_TOP2,GOL_TOP2,
Mii (female voice 1),F1,normal,5439,VO_F1_N_GOL_TOP_END,GOL_TOP_END,
Mii (female voice 1),F1,normal,5440,VO_F1_N_GOL_GOD,GOL_GOD,
Mii (female voice 1),F1,normal,5441,VO_F1_N_GOL_GOD2,GOL_GOD2,
Mii (female voice 1),F1,normal,5442,VO_F1_N_GOL_GOD_END,GOL_GOD_END,
Mii (female voice 1),F1,normal,5443,VO_F1_N_GOL_BAD,GOL_BAD,
Mii (female voice 1),F1,normal,5444,VO_F1_N_GOL_BAD2,GOL_BAD2,
Mii (female voice 1),F1,normal,5445,VO_F1_N_GOL_BAD_END,GOL_BAD_END,
Mii (female voice 1),F1,normal,5446,VO_F1_N_CAN,CAN,
Mii (female voice 1),F1,normal,5447,VO_F1_N_CAN2,CAN2,
Mii (female voice 1),F1,normal,5448,VO_F1_N_CAN_END,CAN_END,
Mii (female voice 1),F1,normal,5449,VO_F1_N_NPC_ATK,NPC_ATK,yes
Mii (female voice 1),F1,normal,5450,VO_F1_N_NPC_ATK2,NPC_ATK2,yes
Mii (female voice 1),F1,normal,5451,VO_F1_N_NPC_ATK_END,NPC_ATK_END,yes
Mii (female voice 1),F1,normal,5452,VO_F1_N_NPC_DSH,NPC_DSH,yes
Mii (female voice 1),F1,normal,5453,VO_F1_N_NPC_DSH2,NPC_DSH2,yes
Mii (female voice 1),F1,normal,5454,VO_F1_N_NPC_DSH_END,NPC_DSH_END,yes
Mii (female voice 1),F1,normal,5455,VO_F1_N_NPC_JP_M,NPC_JP_M,yes
Mii (female voice 1),F1,normal,5456,VO_F1_N_NPC_JP_M2,NPC_JP_M2,yes
Mii (female voice 1),F1,normal,5457,VO_F1_N_NPC_JP_M_END,NPC_JP_M_END,yes
Mii (female voice 1),F1,normal,5458,VO_F1_N_NPC_WLE_FAIL,NPC_WLE_FAIL,yes
Mii (female voice 1),F1,normal,5459,VO_F1_N_NPC_WLE_FAIL2,NPC_WLE_FAIL2,yes
Mii (female voice 1),F1,normal,5460,VO_F1_N_NPC_WLE_FAIL_END,NPC_WLE_FAIL_END,yes
Mii (female voice 1),F1,normal,5461,VO_F1_N_NPC_OVTAK,NPC_OVTAK,yes
Mii (female voice 1),F1,normal,5462,VO_F1_N_NPC_OVTAK2,NPC_OVTAK2,yes
Mii (female voice 1),F1,normal,5463,VO_F1_N_NPC_OVTAK_END,NPC_OVTAK_END,yes
Mii (female voice 1),F1,normal,5464,VO_F1_N_NPC_DMG_L,NPC_DMG_L,yes
Mii (female voice 1),F1,normal,5465,VO_F1_N_NPC_DMG_L2,NPC_DMG_L2,yes
Mii (female voice 1),F1,normal,5466,VO_F1_N_NPC_DMG_L_END,NPC_DMG_L_END,yes
Mii (female voice 1),F1,normal,5467,VO_F1_N_NPC_DMG_S,NPC_DMG_S,yes
Mii (female voice 1),F1,normal,5468,VO_F1_N_NPC_DMG_S2,NPC_DMG_S2,yes
Mii (female voice 1),F1,normal,5469,VO_F1_N_NPC_DMG_S_END,NPC_DMG_S_END,yes
Mii (female voice 1),F1,normal,5470,VO_F1_N_NPC_DMG_SPN,NPC_DMG_SPN,yes
Mii (female voice 1),F1,normal,5471,VO_F1_N_NPC_DMG_SPN2,NPC_DMG_SPN2,yes
Mii (female voice 1),F1,normal,5472,VO_F1_N_NPC_DMG_SPN_END,NPC_DMG_SPN_END,yes
Mii (female voice 1),F1,normal,5473,VO_F1_N_NPC_FAL,NPC_FAL,yes
Mii (female voice 1),F1,normal,5474,VO_F1_N_NPC_FAL_W,NPC_FAL_W,yes
Mii (female voice 1),F1,normal,5475,VO_F1_N_NPC_RET,NPC_RET,yes
Mii (female voice 1),F1,normal,5476,VO_F1_N_NPC_ITM_SCES,NPC_ITM_SCES,yes
Mii (female voice 1),F1,normal,5477,VO_F1_N_NPC_ITM_PWUP,NPC_ITM_PWUP,yes
Mii (female voice 1),F1,normal,5478,VO_F1_N_NPC_CAN,NPC_CAN,yes
Mii (female voice 1),F1,normal,5479,VO_F1_N_STRM,STRM,
Mii (female voice 1),F1,normal,5480,VO_F1_N_STRM2,STRM2,
Mii (female voice 1),F1,normal,5481,VO_F1_N_STRM_END,STRM_END,
Mii (female voice 1),F1,normal,5482,VO_F1_N_NPC_STRM,NPC_STRM,yes
Mii (female voice 2),F2,high,1043,VO_F2_H_SELECT_CHAR_01,SELECT_CHAR_01,
Mii (female voice 2),F2,high,1044,VO_F2_H_SELECT_CHAR_02,SELECT_CHAR_02,
Mii (female voice 2),F2,high,1045,VO_F2_H_SELECT_CHAR_END,SELECT_CHAR_END,
Mii (female voice 2),F2,high,5837,VO_F2_H_ATK,ATK,
Mii (female voice 2),F2,high,5838,VO_F2_H_ATK2,ATK2,
Mii (female voice 2),F2,high,5839,VO_F2_H_ATK_END,ATK_END,
Mii (female voice 2),F2,high,5840,VO_F2_H_DSH,DSH,
Mii (female voice 2),F2,high,5841,VO_F2_H_DSH2,DSH2,
Mii (female voice 2),F2,high,5842,VO_F2_H_DSH3,DSH3,
Mii (female voice 2),F2,high,5843,VO_F2_H_DSH4,DSH4,
Mii (female voice 2),F2,high,5844,VO_F2_H_DSH5,DSH5,
Mii (female voice 2),F2,high,5845,VO_F2_H_DSH_END,DSH_END,
Mii (female voice 2),F2,high,5846,VO_F2_H_JP_ACT,JP_ACT,
Mii (female voice 2),F2,high,5847,VO_F2_H_JP_ACT2,JP_ACT2,
Mii (female voice 2),F2,high,5848,VO_F2_H_JP_ACT_END,JP_ACT_END,
Mii (female voice 2),F2,high,5849,VO_F2_H_JP_M,JP_M,
Mii (female voice 2),F2,high,5850,VO_F2_H_JP_M2,JP_M2,
Mii (female voice 2),F2,high,5851,VO_F2_H_JP_M_END,JP_M_END,
Mii (female voice 2),F2,high,5852,VO_F2_H_JP_S,JP_S,
Mii (female voice 2),F2,high,5853,VO_F2_H_JP_S2,JP_S2,
Mii (female voice 2),F2,high,5854,VO_F2_H_JP_S_END,JP_S_END,
Mii (female voice 2),F2,high,5855,VO_F2_H_LND_L,LND_L,
Mii (female voice 2),F2,high,5856,VO_F2_H_LND_L2,LND_L2,
Mii (female voice 2),F2,high,5857,VO_F2_H_LND_L_END,LND_L_END,
Mii (female voice 2),F2,high,5858,VO_F2_H_LND_S,LND_S,
Mii (female voice 2),F2,high,5859,VO_F2_H_LND_S2,LND_S2,
Mii (female voice 2),F2,high,5860,VO_F2_H_LND_S_END,LND_S_END,
Mii (female voice 2),F2,high,5861,VO_F2_H_OVTAK,OVTAK,
Mii (female voice 2),F2,high,5862,VO_F2_H_OVTAK2,OVTAK2,
Mii (female voice 2),F2,high,5863,VO_F2_H_OVTAK_END,OVTAK_END,
Mii (female voice 2),F2,high,5864,VO_F2_H_WLE,WLE,
Mii (female voice 2),F2,high,5865,VO_F2_H_WLE2,WLE2,
Mii (female voice 2),F2,high,5866,VO_F2_H_WLE_END,WLE_END,
Mii (female voice 2),F2,high,5867,VO_F2_H_WLE_FAIL,WLE_FAIL,
Mii (female voice 2),F2,high,5868,VO_F2_H_WLE_FAIL2,WLE_FAIL2,
Mii (female voice 2),F2,high,5869,VO_F2_H_WLE_FAIL_END,WLE_FAIL_END,
Mii (female voice 2),F2,high,5870,VO_F2_H_DMG_L,DMG_L,
Mii (female voice 2),F2,high,5871,VO_F2_H_DMG_L2,DMG_L2,
Mii (female voice 2),F2,high,5872,VO_F2_H_DMG_L_END,DMG_L_END,
Mii (female voice 2),F2,high,5873,VO_F2_H_DMG_M,DMG_M,
Mii (female voice 2),F2,high,5874,VO_F2_H_DMG_M2,DMG_M2,
Mii (female voice 2),F2,high,5875,VO_F2_H_DMG_M_END,DMG_M_END,
Mii (female voice 2),F2,high,5876,VO_F2_H_DMG_S,DMG_S,
Mii (female voice 2),F2,high,5877,VO_F2_H_DMG_S2,DMG_S2,
Mii (female voice 2),F2,high,5878,VO_F2_H_DMG_S_END,DMG_S_END,
Mii (female voice 2),F2,high,5879,VO_F2_H_DMG_SPN,DMG_SPN,
Mii (female voice 2),F2,high,5880,VO_F2_H_DMG_SPN2,DMG_SPN2,
Mii (female voice 2),F2,high,5881,VO_F2_H_DMG_SPN_END,DMG_SPN_END,
Mii (female voice 2),F2,high,5882,VO_F2_H_DMG_FRE,DMG_FRE,
Mii (female voice 2),F2,high,5883,VO_F2_H_DMG_FRE2,DMG_FRE2,
Mii (female voice 2),F2,high,5884,VO_F2_H_DMG_FRE_END,DMG_FRE_END,
Mii (female voice 2),F2,high,5885,VO_F2_H_FAL,FAL,
Mii (female voice 2),F2,high,5886,VO_F2_H_FAL2,FAL2,
Mii (female voice 2),F2,high,5887,VO_F2_H_FAL_END,FAL_END,
Mii (female voice 2),F2,high,5888,VO_F2_H_FAL_W,FAL_W,
Mii (female voice 2),F2,high,5889,VO_F2_H_FAL_W2,FAL_W2,
Mii (female voice 2),F2,high,5890,VO_F2_H_FAL_W_END,FAL_W_END,
Mii (female voice 2),F2,high,5891,VO_F2_H_RET,RET,
Mii (female voice 2),F2,high,5892,VO_F2_H_RET2,RET2,
Mii (female voice 2),F2,high,5893,VO_F2_H_RET_END,RET_END,
Mii (female voice 2),F2,high,5894,VO_F2_H_RET_W,RET_W,
Mii (female voice 2),F2,high,5895,VO_F2_H_RET_W2,RET_W2,
Mii (female voice 2),F2,high,5896,VO_F2_H_RET_W_END,RET_W_END,
Mii (female voice 2),F2,high,5897,VO_F2_H_ITM_PUT,ITM_PUT,
Mii (female voice 2),F2,high,5898,VO_F2_H_ITM_PUT2,ITM_PUT2,
Mii (female voice 2),F2,high,5899,VO_F2_H_ITM_PUT_END,ITM_PUT_END,
Mii (female voice 2),F2,high,5900,VO_F2_H_ITM_TRW,ITM_TRW,
Mii (female voice 2),F2,high,5901,VO_F2_H_ITM_TRW2,ITM_TRW2,
Mii (female voice 2),F2,high,5902,VO_F2_H_ITM_TRW_END,ITM_TRW_END,
Mii (female voice 2),F2,high,5903,VO_F2_H_ITM_SCES,ITM_SCES,
Mii (female voice 2),F2,high,5904,VO_F2_H_ITM_SCES2,ITM_SCES2,
Mii (female voice 2),F2,high,5905,VO_F2_H_ITM_SCES_END,ITM_SCES_END,
Mii (female voice 2),F2,high,5906,VO_F2_H_ITM_PWUP,ITM_PWUP,
Mii (female voice 2),F2,high,5907,VO_F2_H_ITM_PWUP2,ITM_PWUP2,
Mii (female voice 2),F2,high,5908,VO_F2_H_ITM_PWUP_END,ITM_PWUP_END,
Mii (female voice 2),F2,high,5909,VO_F2_H_GOL_TOP,GOL_TOP,
Mii (female voice 2),F2,high,5910,VO_F2_H_GOL_TOP2,GOL_TOP2,
Mii (female voice 2),F2,high,5911,VO_F2_H_GOL_TOP_END,GOL_TOP_END,
Mii (female voice 2),F2,high,5912,VO_F2_H_GOL_GOD,GOL_GOD,
Mii (female voice 2),F2,high,5913,VO_F2_H_GOL_GOD2,GOL_GOD2,
Mii (female voice 2),F2,high,5914,VO_F2_H_GOL_GOD_END,GOL_GOD_END,
Mii (female voice 2),F2,high,5915,VO_F2_H_GOL_BAD,GOL_BAD,
Mii (female voice 2),F2,high,5916,VO_F2_H_GOL_BAD2,GOL_BAD2,
Mii (female voice 2),F2,high,5917,VO_F2_H_GOL_BAD_END,GOL_BAD_END,
Mii (female voice 2),F2,high,5918,VO_F2_H_CAN,CAN,
Mii (female voice 2),F2,high,5919,VO_F2_H_CAN2,CAN2,
Mii (female voice 2),F2,high,5920,VO_F2_H_CAN_END,CAN_END,
Mii (female voice 2),F2,high,5921,VO_F2_H_NPC_ATK,NPC_ATK,yes
Mii (female voice 2),F2,high,5922,VO_F2_H_NPC_ATK2,NPC_ATK2,yes
Mii (female voice 2),F2,high,5923,VO_F2_H_NPC_ATK_END,NPC_ATK_END,yes
Mii (female voice 2),F2,high,5924,VO_F2_H_NPC_DSH,NPC_DSH,yes
Mii (female voice 2),F2,high,5925,VO_F2_H_NPC_DSH2,NPC_DSH2,yes
Mii (female voice 2),F2,high,5926,VO_F2_H_NPC_DSH_END,NPC_DSH_END,yes
Mii (female voice 2),F2,high,5927,VO_F2_H_NPC_JP_M,NPC_JP_M,yes
Mii (female voice 2),F2,high,5928,VO_F2_H_NPC_JP_M2,NPC_JP_M2,yes
Mii (female voice 2),F2,high,5929,VO_F2_H_NPC_JP_M_END,NPC_JP_M_END,yes
Mii (female voice 2),F2,high,5930,VO_F2_H_NPC_WLE_FAIL,NPC_WLE_FAIL,yes
Mii (female voice 2),F2,high,5931,VO_F2_H_NPC_WLE_FAIL2,NPC_WLE_FAIL2,yes
Mii (female voice 2),F2,high,5932,VO_F2_H_NPC_WLE_FAIL_END,NPC_WLE_FAIL_END,yes
Mii (female voice 2),F2,high,5933,VO_F2_H_NPC_OVTAK,NPC_OVTAK,yes
Mii (female voice 2),F2,high,5934,VO_F2_H_NPC_OVTAK2,NPC_OVTAK2,yes
Mii (female voice 2),F2,high,5935,VO_F2_H_NPC_OVTAK_END,NPC_OVTAK_END,yes
Mii (female voice 2),F2,high,5936,VO_F2_H_NPC_DMG_L,NPC_DMG_L,yes
Mii (female voice 2),F2,high,5937,VO_F2_H_NPC_DMG_L2,NPC_DMG_L2,yes
Mii (female voice 2),F2,high,5938,VO_F2_H_NPC_DMG_L_END,NPC_DMG_L_END,yes
Mii (female voice 2),F2,high,5939,VO_F2_H_NPC_DMG_S,NPC_DMG_S,yes
Mii (female voice 2),F2,high,5940,VO_F2_H_NPC_DMG_S2,NPC_DMG_S2,yes
Mii (female voice 2),F2,high,5941,VO_F2_H_NPC_DMG_S_END,NPC_DMG_S_END,yes
Mii (female voice 2),F2,high,5942,VO_F2_H_NPC_DMG_SPN,NPC_DMG_SPN,yes
Mii (female voice 2),F2,high,5943,VO_F2_H_NPC_DMG_SPN2,NPC_DMG_SPN2,yes
Mii (female voice 2),F2,high,5944,VO_F2_H_NPC_DMG_SPN_END,NPC_DMG_SPN_END,yes
Mii (female voice 2),F2,high,5945,VO_F2_H_NPC_FAL,NPC_FAL,yes
Mii (female voice 2),F2,high,5946,VO_F2_H_NPC_FAL_W,NPC_FAL_W,yes
Mii (female voice 2),F2,high,5947,VO_F2_H_NPC_RET,NPC_RET,yes
Mii (female voice 2),F2,high,5948,VO_F2_H_NPC_ITM_SCES,NPC_ITM_SCES,yes
Mii (female voice 2),F2,high,5949,VO_F2_H_NPC_ITM_PWUP,NPC_ITM_PWUP,yes
Mii (female voice 2),F2,high,5950,VO_F2_H_NPC_CAN,NPC_CAN,yes
Mii (female voice 2),F2,high,5951,VO_F2_H_STRM,STRM,
Mii (female voice 2),F2,high,5952,VO_F2_H_STRM2,STRM2,
Mii (female voice 2),F2,high,5953,VO_F2_H_STRM_END,STRM_END,
Mii (female voice 2),F2,high,5954,VO_F2_H_NPC_STRM,NPC_STRM,yes
Mii (female voice 2),F2,low,1046,VO_F2_L_SELECT_CHAR_01,SELECT_CHAR_01,
Mii (female voice 2),F2,low,1047,VO_F2_L_SELECT_CHAR_02,SELECT_CHAR_02,
Mii (female voice 2),F2,low,1048,VO_F2_L_SELECT_CHAR_END,SELECT_CHAR_END,
Mii (female voice 2),F2,low,5955,VO_F2_L_ATK,ATK,
Mii (female voice 2),F2,low,5956,VO_F2_L_ATK2,ATK2,
Mii (female voice 2),F2,low,5957,VO_F2_L_ATK_END,ATK_END,
Mii (female voice 2),F2,low,5958,VO_F2_L_DSH,DSH,
Mii (female voice 2),F2,low,5959,VO_F2_L_DSH2,DSH2,
Mii (female voice 2),F2,low,5960,VO_F2_L_DSH3,DSH3,
Mii (female voice 2),F2,low,5961,VO_F2_L_DSH4,DSH4,
Mii (female voice 2),F2,low,5962,VO_F2_L_DSH5,DSH5,
Mii (female voice 2),F2,low,5963,VO_F2_L_DSH_END,DSH_END,
Mii (female voice 2),F2,low,5964,VO_F2_L_JP_ACT,JP_ACT,
Mii (female voice 2),F2,low,5965,VO_F2_L_JP_ACT2,JP_ACT2,
Mii (female voice 2),F2,low,5966,VO_F2_L_JP_ACT_END,JP_ACT_END,
Mii (female voice 2),F2,low,5967,VO_F2_L_JP_M,JP_M,
Mii (female voice 2),F2,low,5968,VO_F2_L_JP_M2,JP_M2,
Mii (female voice 2),F2,low,5969,VO_F2_L_JP_M_END,JP_M_END,
Mii (female voice 2),F2,low,5970,VO_F2_L_JP_S,JP_S,
Mii (female voice 2),F2,low,5971,VO_F2_L_JP_S2,JP_S2,
Mii (female voice 2),F2,low,5972,VO_F2_L_JP_S_END,JP_S_END,
Mii (female voice 2),F2,low,5973,VO_F2_L_LND_L,LND_L,
Mii (female voice 2),F2,low,5974,VO_F2_L_LND_L2,LND_L2,
Mii (female voice 2),F2,low,5975,VO_F2_L_LND_L_END,LND_L_END,
Mii (female voice 2),F2,low,5976,VO_F2_L_LND_S,LND_S,
Mii (female voice 2),F2,low,5977,VO_F2_L_LND_S2,LND_S2,
Mii (female voice 2),F2,low,5978,VO_F2_L_LND_S_END,LND_S_END,
Mii (female voice 2),F2,low,5979,VO_F2_L_OVTAK,OVTAK,
Mii (female voice 2),F2,low,5980,VO_F2_L_OVTAK2,OVTAK2,
Mii (female voice 2),F2,low,5981,VO_F2_L_OVTAK_END,OVTAK_END,
Mii (female voice 2),F2,low,5982,VO_F2_L_WLE,WLE,
Mii (female voice 2),F2,low,5983,VO_F2_L_WLE2,WLE2,
Mii (female voice 2),F2,low,5984,VO_F2_L_WLE_END,WLE_END,
Mii (female voice 2),F2,low,5985,VO_F2_L_WLE_FAIL,WLE_FAIL,
Mii (female voice 2),F2,low,5986,VO_F2_L_WLE_FAIL2,WLE_FAIL2,
Mii (female voice 2),F2,low,5987,VO_F2_L_WLE_FAIL_END,WLE_FAIL_END,
Mii (female voice 2),F2,low,5988,VO_F2_L_DMG_L,DMG_L,
Mii (female voice 2),F2,low,5989,VO_F2_L_DMG_L2,DMG_L2,
Mii (female voice 2),F2,low,5990,VO_F2_L_DMG_L_END,DMG_L_END,
Mii (female voice 2),F2,low,5991,VO_F2_L_DMG_M,DMG_M,
Mii (female voice 2),F2,low,5992,VO_F2_L_DMG_M2,DMG_M2,
Mii (female voice 2),F2,low,5993,VO_F2_L_DMG_M_END,DMG_M_END,
Mii (female voice 2),F2,low,5994,VO_F2_L_DMG_S,DMG_S,
Mii (female voice 2),F2,low,5995,VO_F2_L_DMG_S2,DMG_S2,
Mii (female voice 2),F2,low,5996,VO_F2_L_DMG_S_END,DMG_S_END,
Mii (female voice 2),F2,low,5997,VO_F2_L_DMG_SPN,DMG_SPN,
Mii (female voice 2),F2,low,5998,VO_F2_L_DMG_SPN2,DMG_SPN2,
Mii (female voice 2),F2,low,5999,VO_F2_L_DMG_SPN_END,DMG_SPN_END,
Mii (female voice 2),F2,low,6000,VO_F2_L_DMG_FRE,DMG_FRE,
Mii (female voice 2),F2,low,6001,VO_F2_L_DMG_FRE2,DMG_FRE2,
Mii (female voice 2),F2,low,6002,VO_F2_L_DMG_FRE_END,DMG_FRE_END,
Mii (female voice 2),F2,low,6003,VO_F2_L_FAL,FAL,
Mii (female voice 2),F2,low,6004,VO_F2_L_FAL2,FAL2,
Mii (female voice 2),F2,low,6005,VO_F2_L_FAL_END,FAL_END,
Mii (female voice 2),F2,low,6006,VO_F2_L_FAL_W,FAL_W,
Mii (female voice 2),F2,low,6007,VO_F2_L_FAL_W2,FAL_W2,
Mii (female voice 2),F2,low,6008,VO_F2_L_FAL_W_END,FAL_W_END,
Mii (female voice 2),F2,low,6009,VO_F2_L_RET,RET,
Mii (female voice 2),F2,low,6010,VO_F2_L_RET2,RET2,
Mii (female voice 2),F2,low,6011,VO_F2_L_RET_END,RET_END,
Mii (female voice 2),F2,low,6012,VO_F2_L_RET_W,RET_W,
Mii (female voice 2),F2,low,6013,VO_F2_L_RET_W2,RET_W2,
Mii (female voice 2),F2,low,6014,VO_F2_L_RET_W_END,RET_W_END,
Mii (female voice 2),F2,low,6015,VO_F2_L_ITM_PUT,ITM_PUT,
Mii (female voice 2),F2,low,6016,VO_F2_L_ITM_PUT2,ITM_PUT2,
Mii (female voice 2),F2,low,6017,VO_F2_L_ITM_PUT_END,ITM_PUT_END,
Mii (female voice 2),F2,low,6018,VO_F2_L_ITM_TRW,ITM_TRW,
Mii (female voice 2),F2,low,6019,VO_F2_L_ITM_TRW2,ITM_TRW2,
Mii (female voice 2),F2,low,6020,VO_F2_L_ITM_TRW_END,ITM_TRW_END,
Mii (female voice 2),F2,low,6021,VO_F2_L_ITM_SCES,ITM_SCES,
Mii (female voice 2),F2,low,6022,VO_F2_L_ITM_SCES2,ITM_SCES2,
Mii (female voice 2),F2,low,6023,VO_F2_L_ITM_SCES_END,ITM_SCES_END,
Mii (female voice 2),F2,low,6024,VO_F2_L_ITM_PWUP,ITM_PWUP,
Mii (female voice 2),F2,low,6025,VO_F2_L_ITM_PWUP2,ITM_PWUP2,
Mii (female voice 2),F2,low,6026,VO_F2_L_ITM_PWUP_END,ITM_PWUP_END,
Mii (female voice 2),F2,low,6027,VO_F2_L_GOL_TOP,GOL_TOP,
Mii (female voice 2),F2,low,6028,VO_F2_L_GOL_TOP2,GOL_TOP2,
Mii (female voice 2),F2,low,6029,VO_F2_L_GOL_TOP_END,GOL_TOP_END,
Mii (female voice 2),F2,low,6030,VO_F2_L_GOL_GOD,GOL_GOD,
Mii (female voice 2),F2,low,6031,VO_F2_L_GOL_GOD2,GOL_GOD2,
Mii (female voice 2),F2,low,6032,VO_F2_L_GOL_GOD_END,GOL_GOD_END,
Mii (female voice 2),F2,low,6033,VO_F2_L_GOL_BAD,GOL_BAD,
Mii (female voice 2),F2,low,6034,VO_F2_L_GOL_BAD2,GOL_BAD2,
Mii (female voice 2),F2,low,6035,VO_F2_L_GOL_BAD_END,GOL_BAD_END,
Mii (female voice 2),F2,low,6036,VO_F2_L_CAN,CAN,
Mii (female voice 2),F2,low,6037,VO_F2_L_CAN2,CAN2,
Mii (female voice 2),F2,low,6038,VO_F2_L_CAN_END,CAN_END,
Mii (female voice 2),F2,low,6039,VO_F2_L_NPC_ATK,NPC_ATK,yes
Mii (female voice 2),F2,low,6040,VO_F2_L_NPC_ATK2,NPC_ATK2,yes
Mii (female voice 2),F2,low,6041,VO_F2_L_NPC_ATK_END,NPC_ATK_END,yes
Mii (female voice 2),F2,low,6042,VO_F2_L_NPC_DSH,NPC_DSH,yes
Mii (female voice 2),F2,low,6043,VO_F2_L_NPC_DSH2,NPC_DSH2,yes
Mii (female voice 2),F2,low,6044,VO_F2_L_NPC_DSH_END,NPC_DSH_END,yes
Mii (female voice 2),F2,low,6045,VO_F2_L_NPC_JP_M,NPC_JP_M,yes
Mii (female voice 2),F2,low,6046,VO_F2_L_NPC_JP_M2,NPC_JP_M2,yes
Mii (female voice 2),F2,low,6047,VO_F2_L_NPC_JP_M_END,NPC_JP_M_END,yes
Mii (female voice 2),F2,low,6048,VO_F2_L_NPC_WLE_FAIL,NPC_WLE_FAIL,yes
Mii (female voice 2),F2,low,6049,VO_F2_L_NPC_WLE_FAIL2,NPC_WLE_FAIL2,yes
Mii (female voice 2),F2,low,6050,VO_F2_L_NPC_WLE_FAIL_END,NPC_WLE_FAIL_END,yes
Mii (female voice 2),F2,low,6051,VO_F2_L_NPC_OVTAK,NPC_OVTAK,yes
Mii (female voice 2),F2,low,6052,VO_F2_L_NPC_OVTAK2,NPC_OVTAK2,yes
Mii (female voice 2),F2,low,6053,VO_F2_L_NPC_OVTAK_END,NPC_OVTAK_END,yes
Mii (female voice 2),F2,low,6054,VO_F2_L_NPC_DMG_L,NPC_DMG_L,yes
Mii (female voice 2),F2,low,6055,VO_F2_L_NPC_DMG_L2,NPC_DMG_L2,yes
Mii (female voice 2),F2,low,6056,VO_F2_L_NPC_DMG_L_END,NPC_DMG_L_END,yes
Mii (female voice 2),F2,low,6057,VO_F2_L_NPC_DMG_S,NPC_DMG_S,yes
Mii (female voice 2),F2,low,6058,VO_F2_L_NPC_DMG_S2,NPC_DMG_S2,yes
Mii (female voice 2),F2,low,6059,VO_F2_L_NPC_DMG_S_END,NPC_DMG_S_END,yes
Mii (female voice 2),F2,low,6060,VO_F2_L_NPC_DMG_SPN,NPC_DMG_SPN,yes
Mii (female voice 2),F2,low,6061,VO_F2_L_NPC_DMG_SPN2,NPC_DMG_SPN2,yes
Mii (female voice 2),F2,low,6062,VO_F2_L_NPC_DMG_SPN_END,NPC_DMG_SPN_END,yes
Mii (female voice 2),F2,low,6063,VO_F2_L_NPC_FAL,NPC_FAL,yes
Mii (female voice 2),F2,low,6064,VO_F2_L_NPC_FAL_W,NPC_FAL_W,yes
Mii (female voice 2),F2,low,6065,VO_F2_L_NPC_RET,NPC_RET,yes
Mii (female voice 2),F2,low,6066,VO_F2_L_NPC_ITM_SCES,NPC_ITM_SCES,yes
Mii (female voice 2),F2,low,6067,VO_F2_L_NPC_ITM_PWUP,NPC_ITM_PWUP,yes
Mii (female voice 2),F2,low,6068,VO_F2_L_NPC_CAN,NPC_CAN,yes
Mii (female voice 2),F2,low,6069,VO_F2_L_STRM,STRM,
Mii (female voice 2),F2,low,6070,VO_F2_L_STRM2,STRM2,
Mii (female voice 2),F2,low,6071,VO_F2_L_STRM_END,STRM_END,
Mii (female voice 2),F2,low,6072,VO_F2_L_NPC_STRM,NPC_STRM,yes
Mii (female voice 2),F2,normal,1040,VO_F2_N_SELECT_CHAR_01,SELECT_CHAR_01,
Mii (female voice 2),F2,normal,1041,VO_F2_N_SELECT_CHAR_02,SELECT_CHAR_02,
Mii (female voice 2),F2,normal,1042,VO_F2_N_SELECT_CHAR_END,SELECT_CHAR_END,
Mii (female voice 2),F2,normal,5719,VO_F2_N_ATK,ATK,
Mii (female voice 2),F2,normal,5720,VO_F2_N_ATK2,ATK2,
Mii (female voice 2),F2,normal,5721,VO_F2_N_ATK_END,ATK_END,
Mii (female voice 2),F2,normal,5722,VO_F2_N_DSH,DSH,
Mii (female voice 2),F2,normal,5723,VO_F2_N_DSH2,DSH2,
Mii (female voice 2),F2,normal,5724,VO_F2_N_DSH3,DSH3,
Mii (female voice 2),F2,normal,5725,VO_F2_N_DSH4,DSH4,
Mii (female voice 2),F2,normal,5726,VO_F2_N_DSH5,DSH5,
Mii (female voice 2),F2,normal,5727,VO_F2_N_DSH_END,DSH_END,
Mii (female voice 2),F2,normal,5728,VO_F2_N_JP_ACT,JP_ACT,
Mii (female voice 2),F2,normal,5729,VO_F2_N_JP_ACT2,JP_ACT2,
Mii (female voice 2),F2,normal,5730,VO_F2_N_JP_ACT_END,JP_ACT_END,
Mii (female voice 2),F2,normal,5731,VO_F2_N_JP_M,JP_M,
Mii (female voice 2),F2,normal,5732,VO_F2_N_JP_M2,JP_M2,
Mii (female voice 2),F2,normal,5733,VO_F2_N_JP_M_END,JP_M_END,
Mii (female voice 2),F2,normal,5734,VO_F2_N_JP_S,JP_S,
Mii (female voice 2),F2,normal,5735,VO_F2_N_JP_S2,JP_S2,
Mii (female voice 2),F2,normal,5736,VO_F2_N_JP_S_END,JP_S_END,
Mii (female voice 2),F2,normal,5737,VO_F2_N_LND_L,LND_L,
Mii (female voice 2),F2,normal,5738,VO_F2_N_LND_L2,LND_L2,
Mii (female voice 2),F2,normal,5739,VO_F2_N_LND_L_END,LND_L_END,
Mii (female voice 2),F2,normal,5740,VO_F2_N_LND_S,LND_S,
Mii (female voice 2),F2,normal,5741,VO_F2_N_LND_S2,LND_S2,
Mii (female voice 2),F2,normal,5742,VO_F2_N_LND_S_END,LND_S_END,
Mii (female voice 2),F2,normal,5743,VO_F2_N_OVTAK,OVTAK,
Mii (female voice 2),F2,normal,5744,VO_F2_N_OVTAK2,OVTAK2,
Mii (female voice 2),F2,normal,5745,VO_F2_N_OVTAK_END,OVTAK_END,
Mii (female voice 2),F2,normal,5746,VO_F2_N_WLE,WLE,
Mii (female voice 2),F2,normal,5747,VO_F2_N_WLE2,WLE2,
Mii (female voice 2),F2,normal,5748,VO_F2_N_WLE_END,WLE_END,
Mii (female voice 2),F2,normal,5749,VO_F2_N_WLE_FAIL,WLE_FAIL,
Mii (female voice 2),F2,normal,5750,VO_F2_N_WLE_FAIL2,WLE_FAIL2,
Mii (female voice 2),F2,normal,5751,VO_F2_N_WLE_FAIL_END,WLE_FAIL_END,
Mii (female voice 2),F2,normal,5752,VO_F2_N_DMG_L,DMG_L,
Mii (female voice 2),F2,normal,5753,VO_F2_N_DMG_L2,DMG_L2,
Mii (female voice 2),F2,normal,5754,VO_F2_N_DMG_L_END,DMG_L_END,
Mii (female voice 2),F2,normal,5755,VO_F2_N_DMG_M,DMG_M,
Mii (female voice 2),F2,normal,5756,VO_F2_N_DMG_M2,DMG_M2,
Mii (female voice 2),F2,normal,5757,VO_F2_N_DMG_M_END,DMG_M_END,
Mii (female voice 2),F2,normal,5758,VO_F2_N_DMG_S,DMG_S,
Mii (female voice 2),F2,normal,5759,VO_F2_N_DMG_S2,DMG_S2,
Mii (female voice 2),F2,normal,5760,VO_F2_N_DMG_S_END,DMG_S_END,
Mii (female voice 2),F2,normal,5761,VO_F2_N_DMG_SPN,DMG_SPN,
Mii (female voice 2),F2,normal,5762,VO_F2_N_DMG_SPN2,DMG_SPN2,
Mii (female voice 2),F2,normal,5763,VO_F2_N_DMG_SPN_END,DMG_SPN_END,
Mii (female voice 2),F2,normal,5764,VO_F2_N_DMG_FRE,DMG_FRE,
Mii (female voice 2),F2,normal,5765,VO_F2_N_DMG_FRE2,DMG_FRE2,
Mii (female voice 2),F2,normal,5766,VO_F2_N_DMG_FRE_END,DMG_FRE_END,
Mii (female voice 2),F2,normal,5767,VO_F2_N_FAL,FAL,
Mii (female voice 2),F2,normal,5768,VO_F2_N_FAL2,FAL2,
Mii (female voice 2),F2,normal,5769,VO_F2_N_FAL_END,FAL_END,
Mii (female voice 2),F2,normal,5770,VO_F2_N_FAL_W,FAL_W,
Mii (female voice 2),F2,normal,5771,VO_F2_N_FAL_W2,FAL_W2,
Mii (female voice 2),F2,normal,5772,VO_F2_N_FAL_W_END,FAL_W_END,
Mii (female voice 2),F2,normal,5773,VO_F2_N_RET,RET,
Mii (female voice 2),F2,normal,5774,VO_F2_N_RET2,RET2,
Mii (female voice 2),F2,normal,5775,VO_F2_N_RET_END,RET_END,
Mii (female voice 2),F2,normal,5776,VO_F2_N_RET_W,RET_W,
Mii (female voice 2),F2,normal,5777,VO_F2_N_RET_W2,RET_W2,
Mii (female voice 2),F2,normal,5778,VO_F2_N_RET_W_END,RET_W_END,
Mii (female voice 2),F2,normal,5779,VO_F2_N_ITM_PUT,ITM_PUT,
Mii (female voice 2),F2,normal,5780,VO_F2_N_ITM_PUT2,ITM_PUT2,
Mii (female voice 2),F2,normal,5781,VO_F2_N_ITM_PUT_END,ITM_PUT_END,
Mii (female voice 2),F2,normal,5782,VO_F2_N_ITM_TRW,ITM_TRW,
Mii (female voice 2),F2,normal,5783,VO_F2_N_ITM_TRW2,ITM_TRW2,
Mii (female voice 2),F2,normal,5784,VO_F2_N_ITM_TRW_END,ITM_TRW_END,
Mii (female voice 2),F2,normal,5785,VO_F2_N_ITM_SCES,ITM_SCES,
Mii (female voice 2),F2,normal,5786,VO_F2_N_ITM_SCES2,ITM_SCES2,
Mii (female voice 2),F2,normal,5787,VO_F2_N_ITM_SCES_END,ITM_SCES_END,
Mii (female voice 2),F2,normal,5788,VO_F2_N_ITM_PWUP,ITM_PWUP,
Mii (female voice 2),F2,normal,5789,VO_F2_N_ITM_PWUP2,ITM_PWUP2,
Mii (female voice 2),F2,normal,5790,VO_F2_N_ITM_PWUP_END,ITM_PWUP_END,
Mii (female voice 2),F2,normal,5791,VO_F2_N_GOL_TOP,GOL_TOP,
Mii (female voice 2),F2,normal,5792,VO_F2_N_GOL_TOP2,GOL_TOP2,
Mii (female voice 2),F2,normal,5793,VO_F2_N_GOL_TOP_END,GOL_TOP_END,
Mii (female voice 2),F2,normal,5794,VO_F2_N_GOL_GOD,GOL_GOD,
Mii (female voice 2),F2,normal,5795,VO_F2_N_GOL_GOD2,GOL_GOD2,
Mii (female voice 2),F2,normal,5796,VO_F2_N_GOL_GOD_END,GOL_GOD_END,
Mii (female voice 2),F2,normal,5797,VO_F2_N_GOL_BAD,GOL_BAD,
Mii (female voice 2),F2,normal,5798,VO_F2_N_GOL_BAD2,GOL_BAD2,
Mii (female voice 2),F2,normal,5799,VO_F2_N_GOL_BAD_END,GOL_BAD_END,
Mii (female voice 2),F2,normal,5800,VO_F2_N_CAN,CAN,
Mii (female voice 2),F2,normal,5801,VO_F2_N_CAN2,CAN2,
Mii (female voice 2),F2,normal,5802,VO_F2_N_CAN_END,CAN_END,
Mii (female voice 2),F2,normal,5803,VO_F2_N_NPC_ATK,NPC_ATK,yes
Mii (female voice 2),F2,normal,5804,VO_F2_N_NPC_ATK2,NPC_ATK2,yes
Mii (female voice 2),F2,normal,5805,VO_F2_N_NPC_ATK_END,NPC_ATK_END,yes
Mii (female voice 2),F2,normal,5806,VO_F2_N_NPC_DSH,NPC_DSH,yes
Mii (female voice 2),F2,normal,5807,VO_F2_N_NPC_DSH2,NPC_DSH2,yes
Mii (female voice 2),F2,normal,5808,VO_F2_N_NPC_DSH_END,NPC_DSH_END,yes
Mii (female voice 2),F2,normal,5809,VO_F2_N_NPC_JP_M,NPC_JP_M,yes
Mii (female voice 2),F2,normal,5810,VO_F2_N_NPC_JP_M2,NPC_JP_M2,yes
Mii (female voice 2),F2,normal,5811,VO_F2_N_NPC_JP_M_END,NPC_JP_M_END,yes
Mii (female voice 2),F2,normal,5812,VO_F2_N_NPC_WLE_FAIL,NPC_WLE_FAIL,yes
Mii (female voice 2),F2,normal,5813,VO_F2_N_NPC_WLE_FAIL2,NPC_WLE_FAIL2,yes
Mii (female voice 2),F2,normal,5814,VO_F2_N_NPC_WLE_FAIL_END,NPC_WLE_FAIL_END,yes
Mii (female voice 2),F2,normal,5815,VO_F2_N_NPC_OVTAK,NPC_OVTAK,yes
Mii (female voice 2),F2,normal,5816,VO_F2_N_NPC_OVTAK2,NPC_OVTAK2,yes
Mii (female voice 2),F2,normal,5817,VO_F2_N_NPC_OVTAK_END,NPC_OVTAK_END,yes
Mii (female voice 2),F2,normal,5818,VO_F2_N_NPC_DMG_L,NPC_DMG_L,yes
Mii (female voice 2),F2,normal,5819,VO_F2_N_NPC_DMG_L2,NPC_DMG_L2,yes
Mii (female voice 2),F2,normal,5820,VO_F2_N_NPC_DMG_L_END,NPC_DMG_L_END,yes
Mii (female voice 2),F2,normal,5821,VO_F2_N_NPC_DMG_S,NPC_DMG_S,yes
Mii (female voice 2),F2,normal,5822,VO_F2_N_NPC_DMG_S2,NPC_DMG_S2,yes
Mii (female voice 2),F2,normal,5823,VO_F2_N_NPC_DMG_S_END,NPC_DMG_S_END,yes
Mii (female voice 2),F2,normal,5824,VO_F2_N_NPC_DMG_SPN,NPC_DMG_SPN,yes
Mii (female voice 2),F2,normal,5825,VO_F2_N_NPC_DMG_SPN2,NPC_DMG_SPN2,yes
Mii (female voice 2),F2,normal,5826,VO_F2_N_NPC_DMG_SPN_END,NPC_DMG_SPN_END,yes
Mii (female voice 2),F2,normal,5827,VO_F2_N_NPC_FAL,NPC_FAL,yes
Mii (female voice 2),F2,normal,5828,VO_F2_N_NPC_FAL_W,NPC_FAL_W,yes
Mii (female voice 2),F2,normal,5829,VO_F2_N_NPC_RET,NPC_RET,yes
Mii (female voice 2),F2,normal,5830,VO_F2_N_NPC_ITM_SCES,NPC_ITM_SCES,yes
Mii (female voice 2),F2,normal,5831,VO_F2_N_NPC_ITM_PWUP,NPC_ITM_PWUP,yes
Mii (female voice 2),F2,normal,5832,VO_F2_N_NPC_CAN,NPC_CAN,yes
Mii (female voice 2),F2,normal,5833,VO_F2_N_STRM,STRM,
Mii (female voice 2),F2,normal,5834,VO_F2_N_STRM2,STRM2,
Mii (female voice 2),F2,normal,5835,VO_F2_N_STRM_END,STRM_END,
Mii (female voice 2),F2,normal,5836,VO_F2_N_NPC_STRM,NPC_STRM,yes
Mii (female voice 3),F3,high,1052,VO_F3_H_SELECT_CHAR_01,SELECT_CHAR_01,
Mii (female voice 3),F3,high,1053,VO_F3_H_SELECT_CHAR_02,SELECT_CHAR_02,
Mii (female voice 3),F3,high,1054,VO_F3_H_SELECT_CHAR_END,SELECT_CHAR_END,
Mii (female voice 3),F3,high,6191,VO_F3_H_ATK,ATK,
Mii (female voice 3),F3,high,6192,VO_F3_H_ATK2,ATK2,
Mii (female voice 3),F3,high,6193,VO_F3_H_ATK_END,ATK_END,
Mii (female voice 3),F3,high,6194,VO_F3_H_DSH,DSH,
Mii (female voice 3),F3,high,6195,VO_F3_H_DSH2,DSH2,
Mii (female voice 3),F3,high,6196,VO_F3_H_DSH3,DSH3,
Mii (female voice 3),F3,high,6197,VO_F3_H_DSH4,DSH4,
Mii (female voice 3),F3,high,6198,VO_F3_H_DSH5,DSH5,
Mii (female voice 3),F3,high,6199,VO_F3_H_DSH_END,DSH_END,
Mii (female voice 3),F3,high,6200,VO_F3_H_JP_ACT,JP_ACT,
Mii (female voice 3),F3,high,6201,VO_F3_H_JP_ACT2,JP_ACT2,
Mii (female voice 3),F3,high,6202,VO_F3_H_JP_ACT_END,JP_ACT_END,
Mii (female voice 3),F3,high,6203,VO_F3_H_JP_M,JP_M,
Mii (female voice 3),F3,high,6204,VO_F3_H_JP_M2,JP_M2,
Mii (female voice 3),F3,high,6205,VO_F3_H_JP_M_END,JP_M_END,
Mii (female voice 3),F3,high,6206,VO_F3_H_JP_S,JP_S,
Mii (female voice 3),F3,high,6207,VO_F3_H_JP_S2,JP_S2,
Mii (female voice 3),F3,high,6208,VO_F3_H_JP_S_END,JP_S_END,
Mii (female voice 3),F3,high,6209,VO_F3_H_LND_L,LND_L,
Mii (female voice 3),F3,high,6210,VO_F3_H_LND_L2,LND_L2,
Mii (female voice 3),F3,high,6211,VO_F3_H_LND_L_END,LND_L_END,
Mii (female voice 3),F3,high,6212,VO_F3_H_LND_S,LND_S,
Mii (female voice 3),F3,high,6213,VO_F3_H_LND_S2,LND_S2,
Mii (female voice 3),F3,high,6214,VO_F3_H_LND_S_END,LND_S_END,
Mii (female voice 3),F3,high,6215,VO_F3_H_OVTAK,OVTAK,
Mii (female voice 3),F3,high,6216,VO_F3_H_OVTAK2,OVTAK2,
Mii (female voice 3),F3,high,6217,VO_F3_H_OVTAK_END,OVTAK_END,
Mii (female voice 3),F3,high,6218,VO_F3_H_WLE,WLE,
Mii (female voice 3),F3,high,6219,VO_F3_H_WLE2,WLE2,
Mii (female voice 3),F3,high,6220,VO_F3_H_WLE_END,WLE_END,
Mii (female voice 3),F3,high,6221,VO_F3_H_WLE_FAIL,WLE_FAIL,
Mii (female voice 3),F3,high,6222,VO_F3_H_WLE_FAIL2,WLE_FAIL2,
Mii (female voice 3),F3,high,6223,VO_F3_H_WLE_FAIL_END,WLE_FAIL_END,
Mii (female voice 3),F3,high,6224,VO_F3_H_DMG_L,DMG_L,
Mii (female voice 3),F3,high,6225,VO_F3_H_DMG_L2,DMG_L2,
Mii (female voice 3),F3,high,6226,VO_F3_H_DMG_L_END,DMG_L_END,
Mii (female voice 3),F3,high,6227,VO_F3_H_DMG_M,DMG_M,
Mii (female voice 3),F3,high,6228,VO_F3_H_DMG_M2,DMG_M2,
Mii (female voice 3),F3,high,6229,VO_F3_H_DMG_M_END,DMG_M_END,
Mii (female voice 3),F3,high,6230,VO_F3_H_DMG_S,DMG_S,
Mii (female voice 3),F3,high,6231,VO_F3_H_DMG_S2,DMG_S2,
Mii (female voice 3),F3,high,6232,VO_F3_H_DMG_S_END,DMG_S_END,
Mii (female voice 3),F3,high,6233,VO_F3_H_DMG_SPN,DMG_SPN,
Mii (female voice 3),F3,high,6234,VO_F3_H_DMG_SPN2,DMG_SPN2,
Mii (female voice 3),F3,high,6235,VO_F3_H_DMG_SPN_END,DMG_SPN_END,
Mii (female voice 3),F3,high,6236,VO_F3_H_DMG_FRE,DMG_FRE,
Mii (female voice 3),F3,high,6237,VO_F3_H_DMG_FRE2,DMG_FRE2,
Mii (female voice 3),F3,high,6238,VO_F3_H_DMG_FRE_END,DMG_FRE_END,
Mii (female voice 3),F3,high,6239,VO_F3_H_FAL,FAL,
Mii (female voice 3),F3,high,6240,VO_F3_H_FAL2,FAL2,
Mii (female voice 3),F3,high,6241,VO_F3_H_FAL_END,FAL_END,
Mii (female voice 3),F3,high,6242,VO_F3_H_FAL_W,FAL_W,
Mii (female voice 3),F3,high,6243,VO_F3_H_FAL_W2,FAL_W2,
Mii (female voice 3),F3,high,6244,VO_F3_H_FAL_W_END,FAL_W_END,
Mii (female voice 3),F3,high,6245,VO_F3_H_RET,RET,
Mii (female voice 3),F3,high,6246,VO_F3_H_RET2,RET2,
Mii (female voice 3),F3,high,6247,VO_F3_H_RET_END,RET_END,
Mii (female voice 3),F3,high,6248,VO_F3_H_RET_W,RET_W,
Mii (female voice 3),F3,high,6249,VO_F3_H_RET_W2,RET_W2,
Mii (female voice 3),F3,high,6250,VO_F3_H_RET_W_END,RET_W_END,
Mii (female voice 3),F3,high,6251,VO_F3_H_ITM_PUT,ITM_PUT,
Mii (female voice 3),F3,high,6252,VO_F3_H_ITM_PUT2,ITM_PUT2,
Mii (female voice 3),F3,high,6253,VO_F3_H_ITM_PUT_END,ITM_PUT_END,
Mii (female voice 3),F3,high,6254,VO_F3_H_ITM_TRW,ITM_TRW,
Mii (female voice 3),F3,high,6255,VO_F3_H_ITM_TRW2,ITM_TRW2,
Mii (female voice 3),F3,high,6256,VO_F3_H_ITM_TRW_END,ITM_TRW_END,
Mii (female voice 3),F3,high,6257,VO_F3_H_ITM_SCES,ITM_SCES,
Mii (female voice 3),F3,high,6258,VO_F3_H_ITM_SCES2,ITM_SCES2,
Mii (female voice 3),F3,high,6259,VO_F3_H_ITM_SCES_END,ITM_SCES_END,
Mii (female voice 3),F3,high,6260,VO_F3_H_ITM_PWUP,ITM_PWUP,
Mii (female voice 3),F3,high,6261,VO_F3_H_ITM_PWUP2,ITM_PWUP2,
Mii (female voice 3),F3,high,6262,VO_F3_H_ITM_PWUP_END,ITM_PWUP_END,
Mii (female voice 3),F3,high,6263,VO_F3_H_GOL_TOP,GOL_TOP,
Mii (female voice 3),F3,high,6264,VO_F3_H_GOL_TOP2,GOL_TOP2,
Mii (female voice 3),F3,high,6265,VO_F3_H_GOL_TOP_END,GOL_TOP_END,
Mii (female voice 3),F3,high,6266,VO_F3_H_GOL_GOD,GOL_GOD,
Mii (female voice 3),F3,high,6267,VO_F3_H_GOL_GOD2,GOL_GOD2,
Mii (female voice 3),F3,high,6268,VO_F3_H_GOL_GOD_END,GOL_GOD_END,
Mii (female voice 3),F3,high,6269,VO_F3_H_GOL_BAD,GOL_BAD,
Mii (female voice 3),F3,high,6270,VO_F3_H_GOL_BAD2,GOL_BAD2,
Mii (female voice 3),F3,high,6271,VO_F3_H_GOL_BAD_END,GOL_BAD_END,
Mii (female voice 3),F3,high,6272,VO_F3_H_CAN,CAN,
Mii (female voice 3),F3,high,6273,VO_F3_H_CAN2,CAN2,
Mii (female voice 3),F3,high,6274,VO_F3_H_CAN_END,CAN_END,
Mii (female voice 3),F3,high,6275,VO_F3_H_NPC_ATK,NPC_ATK,yes
Mii (female voice 3),F3,high,6276,VO_F3_H_NPC_ATK2,NPC_ATK2,yes
Mii (female voice 3),F3,high,6277,VO_F3_H_NPC_ATK_END,NPC_ATK_END,yes
Mii (female voice 3),F3,high,6278,VO_F3_H_NPC_DSH,NPC_DSH,yes
Mii (female voice 3),F3,high,6279,VO_F3_H_NPC_DSH2,NPC_DSH2,yes
Mii (female voice 3),F3,high,6280,VO_F3_H_NPC_DSH_END,NPC_DSH_END,yes
Mii (female voice 3),F3,high,6281,VO_F3_H_NPC_JP_M,NPC_JP_M,yes
Mii (female voice 3),F3,high,6282,VO_F3_H_NPC_JP_M2,NPC_JP_M2,yes
Mii (female voice 3),F3,high,6283,VO_F3_H_NPC_JP_M_END,NPC_JP_M_END,yes
Mii (female voice 3),F3,high,6284,VO_F3_H_NPC_WLE_FAIL,NPC_WLE_FAIL,yes
Mii (female voice 3),F3,high,6285,VO_F3_H_NPC_WLE_FAIL2,NPC_WLE_FAIL2,yes
Mii (female voice 3),F3,high,6286,VO_F3_H_NPC_WLE_FAIL_END,NPC_WLE_FAIL_END,yes
Mii (female voice 3),F3,high,6287,VO_F3_H_NPC_OVTAK,NPC_OVTAK,yes
Mii (female voice 3),F3,high,6288,VO_F3_H_NPC_OVTAK2,NPC_OVTAK2,yes
Mii (female voice 3),F3,high,6289,VO_F3_H_NPC_OVTAK_END,NPC_OVTAK_END,yes
Mii (female voice 3),F3,high,6290,VO_F3_H_NPC_DMG_L,NPC_DMG_L,yes
Mii (female voice 3),F3,high,6291,VO_F3_H_NPC_DMG_L2,NPC_DMG_L2,yes
Mii (female voice 3),F3,high,6292,VO_F3_H_NPC_DMG_L_END,NPC_DMG_L_END,yes
Mii (female voice 3),F3,high,6293,VO_F3_H_NPC_DMG_S,NPC_DMG_S,yes
Mii (female voice 3),F3,high,6294,VO_F3_H_NPC_DMG_S2,NPC_DMG_S2,yes
Mii (female voice 3),F3,high,6295,VO_F3_H_NPC_DMG_S_END,NPC_DMG_S_END,yes
Mii (female voice 3),F3,high,6296,VO_F3_H_NPC_DMG_SPN,NPC_DMG_SPN,yes
Mii (female voice 3),F3,high,6297,VO_F3_H_NPC_DMG_SPN2,NPC_DMG_SPN2,yes
Mii (female voice 3),F3,high,6298,VO_F3_H_NPC_DMG_SPN_END,NPC_DMG_SPN_END,yes
Mii (female voice 3),F3,high,6299,VO_F3_H_NPC_FAL,NPC_FAL,yes
Mii (female voice 3),F3,high,6300,VO_F3_H_NPC_FAL_W,NPC_FAL_W,yes
Mii (female voice 3),F3,high,6301,VO_F3_H_NPC_RET,NPC_RET,yes
Mii (female voice 3),F3,high,6302,VO_F3_H_NPC_ITM_SCES,NPC_ITM_SCES,yes
Mii (female voice 3),F3,high,6303,VO_F3_H_NPC_ITM_PWUP,NPC_ITM_PWUP,yes
Mii (female voice 3),F3,high,6304,VO_F3_H_NPC_CAN,NPC_CAN,yes
Mii (female voice 3),F3,high,6305,VO_F3_H_STRM,STRM,
Mii (female voice 3),F3,high,6306,VO_F3_H_STRM2,STRM2,
Mii (female voice 3),F3,high,6307,VO_F3_H_STRM_END,STRM_END,
Mii (female voice 3),F3,high,6308,VO_F3_H_NPC_STRM,NPC_STRM,yes
Mii (female voice 3),F3,low,1055,VO_F3_L_SELECT_CHAR_01,SELECT_CHAR_01,
Mii (female voice 3),F3,low,1056,VO_F3_L_SELECT_CHAR_02,SELECT_CHAR_02,
Mii (female voice 3),F3,low,1057,VO_F3_L_SELECT_CHAR_END,SELECT_CHAR_END,
Mii (female voice 3),F3,low,6309,VO_F3_L_ATK,ATK,
Mii (female voice 3),F3,low,6310,VO_F3_L_ATK2,ATK2,
Mii (female voice 3),F3,low,6311,VO_F3_L_ATK_END,ATK_END,
Mii (female voice 3),F3,low,6312,VO_F3_L_DSH,DSH,
Mii (female voice 3),F3,low,6313,VO_F3_L_DSH2,DSH2,
Mii (female voice 3),F3,low,6314,VO_F3_L_DSH3,DSH3,
Mii (female voice 3),F3,low,6315,VO_F3_L_DSH4,DSH4,
Mii (female voice 3),F3,low,6316,VO_F3_L_DSH5,DSH5,
Mii (female voice 3),F3,low,6317,VO_F3_L_DSH_END,DSH_END,
Mii (female voice 3),F3,low,6318,VO_F3_L_JP_ACT,JP_ACT,
Mii (female voice 3),F3,low,6319,VO_F3_L_JP_ACT2,JP_ACT2,
Mii (female voice 3),F3,low,6320,VO_F3_L_JP_ACT_END,JP_ACT_END,
Mii (female voice 3),F3,low,6321,VO_F3_L_JP_M,JP_M,
Mii (female voice 3),F3,low,6322,VO_F3_L_JP_M2,JP_M2,
Mii (female voice 3),F3,low,6323,VO_F3_L_JP_M_END,JP_M_END,
Mii (female voice 3),F3,low,6324,VO_F3_L_JP_S,JP_S,
Mii (female voice 3),F3,low,6325,VO_F3_L_JP_S2,JP_S2,
Mii (female voice 3),F3,low,6326,VO_F3_L_JP_S_END,JP_S_END,
Mii (female voice 3),F3,low,6327,VO_F3_L_LND_L,LND_L,
Mii (female voice 3),F3,low,6328,VO_F3_L_LND_L2,LND_L2,
Mii (female voice 3),F3,low,6329,VO_F3_L_LND_L_END,LND_L_END,
Mii (female voice 3),F3,low,6330,VO_F3_L_LND_S,LND_S,
Mii (female voice 3),F3,low,6331,VO_F3_L_LND_S2,LND_S2,
Mii (female voice 3),F3,low,6332,VO_F3_L_LND_S_END,LND_S_END,
Mii (female voice 3),F3,low,6333,VO_F3_L_OVTAK,OVTAK,
Mii (female voice 3),F3,low,6334,VO_F3_L_OVTAK2,OVTAK2,
Mii (female voice 3),F3,low,6335,VO_F3_L_OVTAK_END,OVTAK_END,
Mii (female voice 3),F3,low,6336,VO_F3_L_WLE,WLE,
Mii (female voice 3),F3,low,6337,VO_F3_L_WLE2,WLE2,
Mii (female voice 3),F3,low,6338,VO_F3_L_WLE_END,WLE_END,
Mii (female voice 3),F3,low,6339,VO_F3_L_WLE_FAIL,WLE_FAIL,
Mii (female voice 3),F3,low,6340,VO_F3_L_WLE_FAIL2,WLE_FAIL2,
Mii (female voice 3),F3,low,6341,VO_F3_L_WLE_FAIL_END,WLE_FAIL_END,
Mii (female voice 3),F3,low,6342,VO_F3_L_DMG_L,DMG_L,
Mii (female voice 3),F3,low,6343,VO_F3_L_DMG_L2,DMG_L2,
Mii (female voice 3),F3,low,6344,VO_F3_L_DMG_L_END,DMG_L_END,
Mii (female voice 3),F3,low,6345,VO_F3_L_DMG_M,DMG_M,
Mii (female voice 3),F3,low,6346,VO_F3_L_DMG_M2,DMG_M2,
Mii (female voice 3),F3,low,6347,VO_F3_L_DMG_M_END,DMG_M_END,
Mii (female voice 3),F3,low,6348,VO_F3_L_DMG_S,DMG_S,
Mii (female voice 3),F3,low,6349,VO_F3_L_DMG_S2,DMG_S2,
Mii (female voice 3),F3,low,6350,VO_F3_L_DMG_S_END,DMG_S_END,
Mii (female voice 3),F3,low,6351,VO_F3_L_DMG_SPN,DMG_SPN,
Mii (female voice 3),F3,low,6352,VO_F3_L_DMG_SPN2,DMG_SPN2,
Mii (female voice 3),F3,low,6353,VO_F3_L_DMG_SPN_END,DMG_SPN_END,
Mii (female voice 3),F3,low,6354,VO_F3_L_DMG_FRE,DMG_FRE,
Mii (female voice 3),F3,low,6355,VO_F3_L_DMG_FRE2,DMG_FRE2,
Mii (female voice 3),F3,low,6356,VO_F3_L_DMG_FRE_END,DMG_FRE_END,
Mii (female voice 3),F3,low,6357,VO_F3_L_FAL,FAL,
Mii (female voice 3),F3,low,6358,VO_F3_L_FAL2,FAL2,
Mii (female voice 3),F3,low,6359,VO_F3_L_FAL_END,FAL_END,
Mii (female voice 3),F3,low,6360,VO_F3_L_FAL_W,FAL_W,
Mii (female voice 3),F3,low,6361,VO_F3_L_FAL_W2,FAL_W2,
Mii (female voice 3),F3,low,6362,VO_F3_L_FAL_W_END,FAL_W_END,
Mii (female voice 3),F3,low,6363,VO_F3_L_RET,RET,
Mii (female voice 3),F3,low,6364,VO_F3_L_RET2,RET2,
Mii (female voice 3),F3,low,6365,VO_F3_L_RET_END,RET_END,
Mii (female voice 3),F3,low,6366,VO_F3_L_RET_W,RET_W,
Mii (female voice 3),F3,low,6367,VO_F3_L_RET_W2,RET_W2,
Mii (female voice 3),F3,low,6368,VO_F3_L_RET_W_END,RET_W_END,
Mii (female voice 3),F3,low,6369,VO_F3_L_ITM_PUT,ITM_PUT,
Mii (female voice 3),F3,low,6370,VO_F3_L_ITM_PUT2,ITM_PUT2,
Mii (female voice 3),F3,low,6371,VO_F3_L_ITM_PUT_END,ITM_PUT_END,
Mii (female voice 3),F3,low,6372,VO_F3_L_ITM_TRW,ITM_TRW,
Mii (female voice 3),F3,low,6373,VO_F3_L_ITM_TRW2,ITM_TRW2,
Mii (female voice 3),F3,low,6374,VO_F3_L_ITM_TRW_END,ITM_TRW_END,
Mii (female voice 3),F3,low,6375,VO_F3_L_ITM_SCES,ITM_SCES,
Mii (female voice 3),F3,low,6376,VO_F3_L_ITM_SCES2,ITM_SCES2,
Mii (female voice 3),F3,low,6377,VO_F3_L_ITM_SCES_END,ITM_SCES_END,
Mii (female voice 3),F3,low,6378,VO_F3_L_ITM_PWUP,ITM_PWUP,
Mii (female voice 3),F3,low,6379,VO_F3_L_ITM_PWUP2,ITM_PWUP2,
Mii (female voice 3),F3,low,6380,VO_F3_L_ITM_PWUP_END,ITM_PWUP_END,
Mii (female voice 3),F3,low,6381,VO_F3_L_GOL_TOP,GOL_TOP,
Mii (female voice 3),F3,low,6382,VO_F3_L_GOL_TOP2,GOL_TOP2,
Mii (female voice 3),F3,low,6383,VO_F3_L_GOL_TOP_END,GOL_TOP_END,
Mii (female voice 3),F3,low,6384,VO_F3_L_GOL_GOD,GOL_GOD,
Mii (female voice 3),F3,low,6385,VO_F3_L_GOL_GOD2,GOL_GOD2,
Mii (female voice 3),F3,low,6386,VO_F3_L_GOL_GOD_END,GOL_GOD_END,
Mii (female voice 3),F3,low,6387,VO_F3_L_GOL_BAD,GOL_BAD,
Mii (female voice 3),F3,low,6388,VO_F3_L_GOL_BAD2,GOL_BAD2,
Mii (female voice 3),F3,low,6389,VO_F3_L_GOL_BAD_END,GOL_BAD_END,
Mii (female voice 3),F3,low,6390,VO_F3_L_CAN,CAN,
Mii (female voice 3),F3,low,6391,VO_F3_L_CAN2,CAN2,
Mii (female voice 3),F3,low,6392,VO_F3_L_CAN_END,CAN_END,
Mii (female voice 3),F3,low,6393,VO_F3_L_NPC_ATK,NPC_ATK,yes
Mii (female voice 3),F3,low,6394,VO_F3_L_NPC_ATK2,NPC_ATK2,yes
Mii (female voice 3),F3,low,6395,VO_F3_L_NPC_ATK_END,NPC_ATK_END,yes
Mii (female voice 3),F3,low,6396,VO_F3_L_NPC_DSH,NPC_DSH,yes
Mii (female voice 3),F3,low,6397,VO_F3_L_NPC_DSH2,NPC_DSH2,yes
Mii (female voice 3),F3,low,6398,VO_F3_L_NPC_DSH_END,NPC_DSH_END,yes
Mii (female voice 3),F3,low,6399,VO_F3_L_NPC_JP_M,NPC_JP_M,yes
Mii (female voice 3),F3,low,6400,VO_F3_L_NPC_JP_M2,NPC_JP_M2,yes
Mii (female voice 3),F3,low,6401,VO_F3_L_NPC_JP_M_END,NPC_JP_M_END,yes
Mii (female voice 3),F3,low,6402,VO_F3_L_NPC_WLE_FAIL,NPC_WLE_FAIL,yes
Mii (female voice 3),F3,low,6403,VO_F3_L_NPC_WLE_FAIL2,NPC_WLE_FAIL2,yes
Mii (female voice 3),F3,low,6404,VO_F3_L_NPC_WLE_FAIL_END,NPC_WLE_FAIL_END,yes
Mii (female voice 3),F3,low,6405,VO_F3_L_NPC_OVTAK,NPC_OVTAK,yes
Mii (female voice 3),F3,low,6406,VO_F3_L_NPC_OVTAK2,NPC_OVTAK2,yes
Mii (female voice 3),F3,low,6407,VO_F3_L_NPC_OVTAK_END,NPC_OVTAK_END,yes
Mii (female voice 3),F3,low,6408,VO_F3_L_NPC_DMG_L,NPC_DMG_L,yes
Mii (female voice 3),F3,low,6409,VO_F3_L_NPC_DMG_L2,NPC_DMG_L2,yes
Mii (female voice 3),F3,low,6410,VO_F3_L_NPC_DMG_L_END,NPC_DMG_L_END,yes
Mii (female voice 3),F3,low,6411,VO_F3_L_NPC_DMG_S,NPC_DMG_S,yes
Mii (female voice 3),F3,low,6412,VO_F3_L_NPC_DMG_S2,NPC_DMG_S2,yes
Mii (female voice 3),F3,low,6413,VO_F3_L_NPC_DMG_S_END,NPC_DMG_S_END,yes
Mii (female voice 3),F3,low,6414,VO_F3_L_NPC_DMG_SPN,NPC_DMG_SPN,yes
Mii (female voice 3),F3,low,6415,VO_F3_L_NPC_DMG_SPN2,NPC_DMG_SPN2,yes
Mii (female voice 3),F3,low,6416,VO_F3_L_NPC_DMG_SPN_END,NPC_DMG_SPN_END,yes
Mii (female voice 3),F3,low,6417,VO_F3_L_NPC_FAL,NPC_FAL,yes
Mii (female voice 3),F3,low,6418,VO_F3_L_NPC_FAL_W,NPC_FAL_W,yes
Mii (female voice 3),F3,low,6419,VO_F3_L_NPC_RET,NPC_RET,yes
Mii (female voice 3),F3,low,6420,VO_F3_L_NPC_ITM_SCES,NPC_ITM_SCES,yes
Mii (female voice 3),F3,low,6421,VO_F3_L_NPC_ITM_PWUP,NPC_ITM_PWUP,yes
Mii (female voice 3),F3,low,6422,VO_F3_L_NPC_CAN,NPC_CAN,yes
Mii (female voice 3),F3,low,6423,VO_F3_L_STRM,STRM,
Mii (female voice 3),F3,low,6424,VO_F3_L_STRM2,STRM2,
Mii (female voice 3),F3,low,6425,VO_F3_L_STRM_END,STRM_END,
Mii (female voice 3),F3,low,6426,VO_F3_L_NPC_STRM,NPC_STRM,yes
Mii (female voice 3),F3,normal,1049,VO_F3_N_SELECT_CHAR_01,SELECT_CHAR_01,
Mii (female voice 3),F3,normal,1050,VO_F3_N_SELECT_CHAR_02,SELECT_CHAR_02,
Mii (female voice 3),F3,normal,1051,VO_F3_N_SELECT_CHAR_END,SELECT_CHAR_END,
Mii (female voice 3),F3,normal,6073,VO_F3_N_ATK,ATK,
Mii (female voice 3),F3,normal,6074,VO_F3_N_ATK2,ATK2,
Mii (female voice 3),F3,normal,6075,VO_F3_N_ATK_END,ATK_END,
Mii (female voice 3),F3,normal,6076,VO_F3_N_DSH,DSH,
Mii (female voice 3),F3,normal,6077,VO_F3_N_DSH2,DSH2,
Mii (female voice 3),F3,normal,6078,VO_F3_N_DSH3,DSH3,
Mii (female voice 3),F3,normal,6079,VO_F3_N_DSH4,DSH4,
Mii (female voice 3),F3,normal,6080,VO_F3_N_DSH5,DSH5,
Mii (female voice 3),F3,normal,6081,VO_F3_N_DSH_END,DSH_END,
Mii (female voice 3),F3,normal,6082,VO_F3_N_JP_ACT,JP_ACT,
Mii (female voice 3),F3,normal,6083,VO_F3_N_JP_ACT2,JP_ACT2,
Mii (female voice 3),F3,normal,6084,VO_F3_N_JP_ACT_END,JP_ACT_END,
Mii (female voice 3),F3,normal,6085,VO_F3_N_JP_M,JP_M,
Mii (female voice 3),F3,normal,6086,VO_F3_N_JP_M2,JP_M2,
Mii (female voice 3),F3,normal,6087,VO_F3_N_JP_M_END,JP_M_END,
Mii (female voice 3),F3,normal,6088,VO_F3_N_JP_S,JP_S,
Mii (female voice 3),F3,normal,6089,VO_F3_N_JP_S2,JP_S2,
Mii (female voice 3),F3,normal,6090,VO_F3_N_JP_S_END,JP_S_END,
Mii (female voice 3),F3,normal,6091,VO_F3_N_LND_L,LND_L,
Mii (female voice 3),F3,normal,6092,VO_F3_N_LND_L2,LND_L2,
Mii (female voice 3),F3,normal,6093,VO_F3_N_LND_L_END,LND_L_END,
Mii (female voice 3),F3,normal,6094,VO_F3_N_LND_S,LND_S,
Mii (female voice 3),F3,normal,6095,VO_F3_N_LND_S2,LND_S2,
Mii (female voice 3),F3,normal,6096,VO_F3_N_LND_S_END,LND_S_END,
Mii (female voice 3),F3,normal,6097,VO_F3_N_OVTAK,OVTAK,
Mii (female voice 3),F3,normal,6098,VO_F3_N_OVTAK2,OVTAK2,
Mii (female voice 3),F3,normal,6099,VO_F3_N_OVTAK_END,OVTAK_END,
Mii (female voice 3),F3,normal,6100,VO_F3_N_WLE,WLE,
Mii (female voice 3),F3,normal,6101,VO_F3_N_WLE2,WLE2,
Mii (female voice 3),F3,normal,6102,VO_F3_N_WLE_END,WLE_END,
Mii (female voice 3),F3,normal,6103,VO_F3_N_WLE_FAIL,WLE_FAIL,
Mii (female voice 3),F3,normal,6104,VO_F3_N_WLE_FAIL2,WLE_FAIL2,
Mii (female voice 3),F3,normal,6105,VO_F3_N_WLE_FAIL_END,WLE_FAIL_END,
Mii (female voice 3),F3,normal,6106,VO_F3_N_DMG_L,DMG_L,
Mii (female voice 3),F3,normal,6107,VO_F3_N_DMG_L2,DMG_L2,
Mii (female voice 3),F3,normal,6108,VO_F3_N_DMG_L_END,DMG_L_END,
Mii (female voice 3),F3,normal,6109,VO_F3_N_DMG_M,DMG_M,
Mii (female voice 3),F3,normal,6110,VO_F3_N_DMG_M2,DMG_M2,
Mii (female voice 3),F3,normal,6111,VO_F3_N_DMG_M_END,DMG_M_END,
Mii (female voice 3),F3,normal,6112,VO_F3_N_DMG_S,DMG_S,
Mii (female voice 3),F3,normal,6113,VO_F3_N_DMG_S2,DMG_S2,
Mii (female voice 3),F3,normal,6114,VO_F3_N_DMG_S_END,DMG_S_END,
Mii (female voice 3),F3,normal,6115,VO_F3_N_DMG_SPN,DMG_SPN,
Mii (female voice 3),F3,normal,6116,VO_F3_N_DMG_SPN2,DMG_SPN2,
Mii (female voice 3),F3,normal,6117,VO_F3_N_DMG_SPN_END,DMG_SPN_END,
Mii (female voice 3),F3,normal,6118,VO_F3_N_DMG_FRE,DMG_FRE,
Mii (female voice 3),F3,normal,6119,VO_F3_N_DMG_FRE2,DMG_FRE2,
Mii (female voice 3),F3,normal,6120,VO_F3_N_DMG_FRE_END,DMG_FRE_END,
Mii (female voice 3),F3,normal,6121,VO_F3_N_FAL,FAL,
Mii (female voice 3),F3,normal,6122,VO_F3_N_FAL2,FAL2,
Mii (female voice 3),F3,normal,6123,VO_F3_N_FAL_END,FAL_END,
Mii (female voice 3),F3,normal,6124,VO_F3_N_FAL_W,FAL_W,
Mii (female voice 3),F3,normal,6125,VO_F3_N_FAL_W2,FAL_W2,
Mii (female voice 3),F3,normal,6126,VO_F3_N_FAL_W_END,FAL_W_END,
Mii (female voice 3),F3,normal,6127,VO_F3_N_RET,RET,
Mii (female voice 3),F3,normal,6128,VO_F3_N_RET2,RET2,
Mii (female voice 3),F3,normal,6129,VO_F3_N_RET_END,RET_END,
Mii (female voice 3),F3,normal,6130,VO_F3_N_RET_W,RET_W,
Mii (female voice 3),F3,normal,6131,VO_F3_N_RET_W2,RET_W2,
Mii (female voice 3),F3,normal,6132,VO_F3_N_RET_W_END,RET_W_END,
Mii (female voice 3),F3,normal,6133,VO_F3_N_ITM_PUT,ITM_PUT,
Mii (female voice 3),F3,normal,6134,VO_F3_N_ITM_PUT2,ITM_PUT2,
Mii (female voice 3),F3,normal,6135,VO_F3_N_ITM_PUT_END,ITM_PUT_END,
Mii (female voice 3),F3,normal,6136,VO_F3_N_ITM_TRW,ITM_TRW,
Mii (female voice 3),F3,normal,6137,VO_F3_N_ITM_TRW2,ITM_TRW2,
Mii (female voice 3),F3,normal,6138,VO_F3_N_ITM_TRW_END,ITM_TRW_END,
Mii (female voice 3),F3,normal,6139,VO_F3_N_ITM_SCES,ITM_SCES,
Mii (female voice 3),F3,normal,6140,VO_F3_N_ITM_SCES2,ITM_SCES2,
Mii (female voice 3),F3,normal,6141,VO_F3_N_ITM_SCES_END,ITM_SCES_END,
Mii (female voice 3),F3,normal,6142,VO_F3_N_ITM_PWUP,ITM_PWUP,
Mii (female voice 3),F3,normal,6143,VO_F3_N_ITM_PWUP2,ITM_PWUP2,
Mii (female voice 3),F3,normal,6144,VO_F3_N_ITM_PWUP_END,ITM_PWUP_END,
Mii (female voice 3),F3,normal,6145,VO_F3_N_GOL_TOP,GOL_TOP,
Mii (female voice 3),F3,normal,6146,VO_F3_N_GOL_TOP2,GOL_TOP2,
Mii (female voice 3),F3,normal,6147,VO_F3_N_GOL_TOP_END,GOL_TOP_END,
Mii (female voice 3),F3,normal,6148,VO_F3_N_GOL_GOD,GOL_GOD,
Mii (female voice 3),F3,normal,6149,VO_F3_N_GOL_GOD2,GOL_GOD2,
Mii (female voice 3),F3,normal,6150,VO_F3_N_GOL_GOD_END,GOL_GOD_END,
Mii (female voice 3),F3,normal,6151,VO_F3_N_GOL_BAD,GOL_BAD,
Mii (female voice 3),F3,normal,6152,VO_F3_N_GOL_BAD2,GOL_BAD2,
Mii (female voice 3),F3,normal,6153,VO_F3_N_GOL_BAD_END,GOL_BAD_END,
Mii (female voice 3),F3,normal,6154,VO_F3_N_CAN,CAN,
Mii (female voice 3),F3,normal,6155,VO_F3_N_CAN2,CAN2,
Mii (female voice 3),F3,normal,6156,VO_F3_N_CAN_END,CAN_END,
Mii (female voice 3),F3,normal,6157,VO_F3_N_NPC_ATK,NPC_ATK,yes
Mii (female voice 3),F3,normal,6158,VO_F3_N_NPC_ATK2,NPC_ATK2,yes
Mii (female voice 3),F3,normal,6159,VO_F3_N_NPC_ATK_END,NPC_ATK_END,yes
Mii (female voice 3),F3,normal,6160,VO_F3_N_NPC_DSH,NPC_DSH,yes
Mii (female voice 3),F3,normal,6161,VO_F3_N_NPC_DSH2,NPC_DSH2,yes
Mii (female voice 3),F3,normal,6162,VO_F3_N_NPC_DSH_END,NPC_DSH_END,yes
Mii (female voice 3),F3,normal,6163,VO_F3_N_NPC_JP_M,NPC_JP_M,yes
Mii (female voice 3),F3,normal,6164,VO_F3_N_NPC_JP_M2,NPC_JP_M2,yes
Mii (female voice 3),F3,normal,6165,VO_F3_N_NPC_JP_M_END,NPC_JP_M_END,yes
Mii (female voice 3),F3,normal,6166,VO_F3_N_NPC_WLE_FAIL,NPC_WLE_FAIL,yes
Mii (female voice 3),F3,normal,6167,VO_F3_N_NPC_WLE_FAIL2,NPC_WLE_FAIL2,yes
Mii (female voice 3),F3,normal,6168,VO_F3_N_NPC_WLE_FAIL_END,NPC_WLE_FAIL_END,yes
Mii (female voice 3),F3,normal,6169,VO_F3_N_NPC_OVTAK,NPC_OVTAK,yes
Mii (female voice 3),F3,normal,6170,VO_F3_N_NPC_OVTAK2,NPC_OVTAK2,yes
Mii (female voice 3),F3,normal,6171,VO_F3_N_NPC_OVTAK_END,NPC_OVTAK_END,yes
Mii (female voice 3),F3,normal,6172,VO_F3_N_NPC_DMG_L,NPC_DMG_L,yes
Mii (female voice 3),F3,normal,6173,VO_F3_N_NPC_DMG_L2,NPC_DMG_L2,yes
Mii (female voice 3),F3,normal,6174,VO_F3_N_NPC_DMG_L_END,NPC_DMG_L_END,yes
Mii (female voice 3),F3,normal,6175,VO_F3_N_NPC_DMG_S,NPC_DMG_S,yes
Mii (female voice 3),F3,normal,6176,VO_F3_N_NPC_DMG_S2,NPC_DMG_S2,yes
Mii (female voice 3),F3,normal,6177,VO_F3_N_NPC_DMG_S_END,NPC_DMG_S_END,yes
Mii (female voice 3),F3,normal,6178,VO_F3_N_NPC_DMG_SPN,NPC_DMG_SPN,yes
Mii (female voice 3),F3,normal,6179,VO_F3_N_NPC_DMG_SPN2,NPC_DMG_SPN2,yes
Mii (female voice 3),F3,normal,6180,VO_F3_N_NPC_DMG_SPN_END,NPC_DMG_SPN_END,yes
Mii (female voice 3),F3,normal,6181,VO_F3_N_NPC_FAL,NPC_FAL,yes
Mii (female voice 3),F3,normal,6182,VO_F3_N_NPC_FAL_W,NPC_FAL_W,yes
Mii (female voice 3),F3,normal,6183,VO_F3_N_NPC_RET,NPC_RET,yes
Mii (female voice 3),F3,normal,6184,VO_F3_N_NPC_ITM_SCES,NPC_ITM_SCES,yes
Mii (female voice 3),F3,normal,6185,VO_F3_N_NPC_ITM_PWUP,NPC_ITM_PWUP,yes
Mii (female voice 3),F3,normal,6186,VO_F3_N_NPC_CAN,NPC_CAN,yes
Mii (female voice 3),F3,normal,6187,VO_F3_N_STRM,STRM,
Mii (female voice 3),F3,normal,6188,VO_F3_N_STRM2,STRM2,
Mii (female voice 3),F3,normal,6189,VO_F3_N_STRM_END,STRM_END,
Mii (female voice 3),F3,normal,6190,VO_F3_N_NPC_STRM,NPC_STRM,yes
Mii (female voice 4),F4,high,1061,VO_F4_H_SELECT_CHAR_01,SELECT_CHAR_01,
Mii (female voice 4),F4,high,1062,VO_F4_H_SELECT_CHAR_02,SELECT_CHAR_02,
Mii (female voice 4),F4,high,1063,VO_F4_H_SELECT_CHAR_END,SELECT_CHAR_END,
Mii (female voice 4),F4,high,6545,VO_F4_H_ATK,ATK,
Mii (female voice 4),F4,high,6546,VO_F4_H_ATK2,ATK2,
Mii (female voice 4),F4,high,6547,VO_F4_H_ATK_END,ATK_END,
Mii (female voice 4),F4,high,6548,VO_F4_H_DSH,DSH,
Mii (female voice 4),F4,high,6549,VO_F4_H_DSH2,DSH2,
Mii (female voice 4),F4,high,6550,VO_F4_H_DSH3,DSH3,
Mii (female voice 4),F4,high,6551,VO_F4_H_DSH4,DSH4,
Mii (female voice 4),F4,high,6552,VO_F4_H_DSH5,DSH5,
Mii (female voice 4),F4,high,6553,VO_F4_H_DSH_END,DSH_END,
Mii (female voice 4),F4,high,6554,VO_F4_H_JP_ACT,JP_ACT,
Mii (female voice 4),F4,high,6555,VO_F4_H_JP_ACT2,JP_ACT2,
Mii (female voice 4),F4,high,6556,VO_F4_H_JP_ACT_END,JP_ACT_END,
Mii (female voice 4),F4,high,6557,VO_F4_H_JP_M,JP_M,
Mii (female voice 4),F4,high,6558,VO_F4_H_JP_M2,JP_M2,
Mii (female voice 4),F4,high,6559,VO_F4_H_JP_M_END,JP_M_END,
Mii (female voice 4),F4,high,6560,VO_F4_H_JP_S,JP_S,
Mii (female voice 4),F4,high,6561,VO_F4_H_JP_S2,JP_S2,
Mii (female voice 4),F4,high,6562,VO_F4_H_JP_S_END,JP_S_END,
Mii (female voice 4),F4,high,6563,VO_F4_H_LND_L,LND_L,
Mii (female voice 4),F4,high,6564,VO_F4_H_LND_L2,LND_L2,
Mii (female voice 4),F4,high,6565,VO_F4_H_LND_L_END,LND_L_END,
Mii (female voice 4),F4,high,6566,VO_F4_H_LND_S,LND_S,
Mii (female voice 4),F4,high,6567,VO_F4_H_LND_S2,LND_S2,
Mii (female voice 4),F4,high,6568,VO_F4_H_LND_S_END,LND_S_END,
Mii (female voice 4),F4,high,6569,VO_F4_H_OVTAK,OVTAK,
Mii (female voice 4),F4,high,6570,VO_F4_H_OVTAK2,OVTAK2,
Mii (female voice 4),F4,high,6571,VO_F4_H_OVTAK_END,OVTAK_END,
Mii (female voice 4),F4,high,6572,VO_F4_H_WLE,WLE,
Mii (female voice 4),F4,high,6573,VO_F4_H_WLE2,WLE2,
Mii (female voice 4),F4,high,6574,VO_F4_H_WLE_END,WLE_END,
Mii (female voice 4),F4,high,6575,VO_F4_H_WLE_FAIL,WLE_FAIL,
Mii (female voice 4),F4,high,6576,VO_F4_H_WLE_FAIL2,WLE_FAIL2,
Mii (female voice 4),F4,high,6577,VO_F4_H_WLE_FAIL_END,WLE_FAIL_END,
Mii (female voice 4),F4,high,6578,VO_F4_H_DMG_L,DMG_L,
Mii (female voice 4),F4,high,6579,VO_F4_H_DMG_L2,DMG_L2,
Mii (female voice 4),F4,high,6580,VO_F4_H_DMG_L_END,DMG_L_END,
Mii (female voice 4),F4,high,6581,VO_F4_H_DMG_M,DMG_M,
Mii (female voice 4),F4,high,6582,VO_F4_H_DMG_M2,DMG_M2,
Mii (female voice 4),F4,high,6583,VO_F4_H_DMG_M_END,DMG_M_END,
Mii (female voice 4),F4,high,6584,VO_F4_H_DMG_S,DMG_S,
Mii (female voice 4),F4,high,6585,VO_F4_H_DMG_S2,DMG_S2,
Mii (female voice 4),F4,high,6586,VO_F4_H_DMG_S_END,DMG_S_END,
Mii (female voice 4),F4,high,6587,VO_F4_H_DMG_SPN,DMG_SPN,
Mii (female voice 4),F4,high,6588,VO_F4_H_DMG_SPN2,DMG_SPN2,
Mii (female voice 4),F4,high,6589,VO_F4_H_DMG_SPN_END,DMG_SPN_END,
Mii (female voice 4),F4,high,6590,VO_F4_H_DMG_FRE,DMG_FRE,
Mii (female voice 4),F4,high,6591,VO_F4_H_DMG_FRE2,DMG_FRE2,
Mii (female voice 4),F4,high,6592,VO_F4_H_DMG_FRE_END,DMG_FRE_END,
Mii (female voice 4),F4,high,6593,VO_F4_H_FAL,FAL,
Mii (female voice 4),F4,high,6594,VO_F4_H_FAL2,FAL2,
Mii (female voice 4),F4,high,6595,VO_F4_H_FAL_END,FAL_END,
Mii (female voice 4),F4,high,6596,VO_F4_H_FAL_W,FAL_W,
Mii (female voice 4),F4,high,6597,VO_F4_H_FAL_W2,FAL_W2,
Mii (female voice 4),F4,high,6598,VO_F4_H_FAL_W_END,FAL_W_END,
Mii (female voice 4),F4,high,6599,VO_F4_H_RET,RET,
Mii (female voice 4),F4,high,6600,VO_F4_H_RET2,RET2,
Mii (female voice 4),F4,high,6601,VO_F4_H_RET_END,RET_END,
Mii (female voice 4),F4,high,6602,VO_F4_H_RET_W,RET_W,
Mii (female voice 4),F4,high,6603,VO_F4_H_RET_W2,RET_W2,
Mii (female voice 4),F4,high,6604,VO_F4_H_RET_W_END,RET_W_END,
Mii (female voice 4),F4,high,6605,VO_F4_H_ITM_PUT,ITM_PUT,
Mii (female voice 4),F4,high,6606,VO_F4_H_ITM_PUT2,ITM_PUT2,
Mii (female voice 4),F4,high,6607,VO_F4_H_ITM_PUT_END,ITM_PUT_END,
Mii (female voice 4),F4,high,6608,VO_F4_H_ITM_TRW,ITM_TRW,
Mii (female voice 4),F4,high,6609,VO_F4_H_ITM_TRW2,ITM_TRW2,
Mii (female voice 4),F4,high,6610,VO_F4_H_ITM_TRW_END,ITM_TRW_END,
Mii (female voice 4),F4,high,6611,VO_F4_H_ITM_SCES,ITM_SCES,
Mii (female voice 4),F4,high,6612,VO_F4_H_ITM_SCES2,ITM_SCES2,
Mii (female voice 4),F4,high,6613,VO_F4_H_ITM_SCES_END,ITM_SCES_END,
Mii (female voice 4),F4,high,6614,VO_F4_H_ITM_PWUP,ITM_PWUP,
Mii (female voice 4),F4,high,6615,VO_F4_H_ITM_PWUP2,ITM_PWUP2,
Mii (female voice 4),F4,high,6616,VO_F4_H_ITM_PWUP_END,ITM_PWUP_END,
Mii (female voice 4),F4,high,6617,VO_F4_H_GOL_TOP,GOL_TOP,
Mii (female voice 4),F4,high,6618,VO_F4_H_GOL_TOP2,GOL_TOP2,
Mii (female voice 4),F4,high,6619,VO_F4_H_GOL_TOP_END,GOL_TOP_END,
Mii (female voice 4),F4,high,6620,VO_F4_H_GOL_GOD,GOL_GOD,
Mii (female voice 4),F4,high,6621,VO_F4_H_GOL_GOD2,GOL_GOD2,
Mii (female voice 4),F4,high,6622,VO_F4_H_GOL_GOD_END,GOL_GOD_END,
Mii (female voice 4),F4,high,6623,VO_F4_H_GOL_BAD,GOL_BAD,
Mii (female voice 4),F4,high,6624,VO_F4_H_GOL_BAD2,GOL_BAD2,
Mii (female voice 4),F4,high,6625,VO_F4_H_GOL_BAD_END,GOL_BAD_END,
Mii (female voice 4),F4,high,6626,VO_F4_H_CAN,CAN,
Mii (female voice 4),F4,high,6627,VO_F4_H_CAN2,CAN2,
Mii (female voice 4),F4,high,6628,VO_F4_H_CAN_END,CAN_END,
Mii (female voice 4),F4,high,6629,VO_F4_H_NPC_ATK,NPC_ATK,yes
Mii (female voice 4),F4,high,6630,VO_F4_H_NPC_ATK2,NPC_ATK2,yes
Mii (female voice 4),F4,high,6631,VO_F4_H_NPC_ATK_END,NPC_ATK_END,yes
Mii (female voice 4),F4,high,6632,VO_F4_H_NPC_DSH,NPC_DSH,yes
Mii (female voice 4),F4,high,6633,VO_F4_H_NPC_DSH2,NPC_DSH2,yes
Mii (female voice 4),F4,high,6634,VO_F4_H_NPC_DSH_END,NPC_DSH_END,yes
Mii (female voice 4),F4,high,6635,VO_F4_H_NPC_JP_M,NPC_JP_M,yes
Mii (female voice 4),F4,high,6636,VO_F4_H_NPC_JP_M2,NPC_JP_M2,yes
Mii (female voice 4),F4,high,6637,VO_F4_H_NPC_JP_M_END,NPC_JP_M_END,yes
Mii (female voice 4),F4,high,6638,VO_F4_H_NPC_WLE_FAIL,NPC_WLE_FAIL,yes
Mii (female voice 4),F4,high,6639,VO_F4_H_NPC_WLE_FAIL2,NPC_WLE_FAIL2,yes
Mii (female voice 4),F4,high,6640,VO_F4_H_NPC_WLE_FAIL_END,NPC_WLE_FAIL_END,yes
Mii (female voice 4),F4,high,6641,VO_F4_H_NPC_OVTAK,NPC_OVTAK,yes
Mii (female voice 4),F4,high,6642,VO_F4_H_NPC_OVTAK2,NPC_OVTAK2,yes
Mii (female voice 4),F4,high,6643,VO_F4_H_NPC_OVTAK_END,NPC_OVTAK_END,yes
Mii (female voice 4),F4,high,6644,VO_F4_H_NPC_DMG_L,NPC_DMG_L,yes
Mii (female voice 4),F4,high,6645,VO_F4_H_NPC_DMG_L2,NPC_DMG_L2,yes
Mii (female voice 4),F4,high,6646,VO_F4_H_NPC_DMG_L_END,NPC_DMG_L_END,yes
Mii (female voice 4),F4,high,6647,VO_F4_H_NPC_DMG_S,NPC_DMG_S,yes
Mii (female voice 4),F4,high,6648,VO_F4_H_NPC_DMG_S2,NPC_DMG_S2,yes
Mii (female voice 4),F4,high,6649,VO_F4_H_NPC_DMG_S_END,NPC_DMG_S_END,yes
Mii (female voice 4),F4,high,6650,VO_F4_H_NPC_DMG_SPN,NPC_DMG_SPN,yes
Mii (female voice 4),F4,high,6651,VO_F4_H_NPC_DMG_SPN2,NPC_DMG_SPN2,yes
Mii (female voice 4),F4,high,6652,VO_F4_H_NPC_DMG_SPN_END,NPC_DMG_SPN_END,yes
Mii (female voice 4),F4,high,6653,VO_F4_H_NPC_FAL,NPC_FAL,yes
Mii (female voice 4),F4,high,6654,VO_F4_H_NPC_FAL_W,NPC_FAL_W,yes
Mii (female voice 4),F4,high,6655,VO_F4_H_NPC_RET,NPC_RET,yes
Mii (female voice 4),F4,high,6656,VO_F4_H_NPC_ITM_SCES,NPC_ITM_SCES,yes
Mii (female voice 4),F4,high,6657,VO_F4_H_NPC_ITM_PWUP,NPC_ITM_PWUP,yes
Mii (female voice 4),F4,high,6658,VO_F4_H_NPC_CAN,NPC_CAN,yes
Mii (female voice 4),F4,high,6659,VO_F4_H_STRM,STRM,
Mii (female voice 4),F4,high,6660,VO_F4_H_STRM2,STRM2,
Mii (female voice 4),F4,high,6661,VO_F4_H_STRM_END,STRM_END,
Mii (female voice 4),F4,high,6662,VO_F4_H_NPC_STRM,NPC_STRM,yes
Mii (female voice 4),F4,low,1064,VO_F4_L_SELECT_CHAR_01,SELECT_CHAR_01,
Mii (female voice 4),F4,low,1065,VO_F4_L_SELECT_CHAR_02,SELECT_CHAR_02,
Mii (female voice 4),F4,low,1066,VO_F4_L_SELECT_CHAR_END,SELECT_CHAR_END,
Mii (female voice 4),F4,low,6663,VO_F4_L_ATK,ATK,
Mii (female voice 4),F4,low,6664,VO_F4_L_ATK2,ATK2,
Mii (female voice 4),F4,low,6665,VO_F4_L_ATK_END,ATK_END,
Mii (female voice 4),F4,low,6666,VO_F4_L_DSH,DSH,
Mii (female voice 4),F4,low,6667,VO_F4_L_DSH2,DSH2,
Mii (female voice 4),F4,low,6668,VO_F4_L_DSH3,DSH3,
Mii (female voice 4),F4,low,6669,VO_F4_L_DSH4,DSH4,
Mii (female voice 4),F4,low,6670,VO_F4_L_DSH5,DSH5,
Mii (female voice 4),F4,low,6671,VO_F4_L_DSH_END,DSH_END,
Mii (female voice 4),F4,low,6672,VO_F4_L_JP_ACT,JP_ACT,
Mii (female voice 4),F4,low,6673,VO_F4_L_JP_ACT2,JP_ACT2,
Mii (female voice 4),F4,low,6674,VO_F4_L_JP_ACT_END,JP_ACT_END,
Mii (female voice 4),F4,low,6675,VO_F4_L_JP_M,JP_M,
Mii (female voice 4),F4,low,6676,VO_F4_L_JP_M2,JP_M2,
Mii (female voice 4),F4,low,6677,VO_F4_L_JP_M_END,JP_M_END,
Mii (female voice 4),F4,low,6678,VO_F4_L_JP_S,JP_S,
Mii (female voice 4),F4,low,6679,VO_F4_L_JP_S2,JP_S2,
Mii (female voice 4),F4,low,6680,VO_F4_L_JP_S_END,JP_S_END,
Mii (female voice 4),F4,low,6681,VO_F4_L_LND_L,LND_L,
Mii (female voice 4),F4,low,6682,VO_F4_L_LND_L2,LND_L2,
Mii (female voice 4),F4,low,6683,VO_F4_L_LND_L_END,LND_L_END,
Mii (female voice 4),F4,low,6684,VO_F4_L_LND_S,LND_S,
Mii (female voice 4),F4,low,6685,VO_F4_L_LND_S2,LND_S2,
Mii (female voice 4),F4,low,6686,VO_F4_L_LND_S_END,LND_S_END,
Mii (female voice 4),F4,low,6687,VO_F4_L_OVTAK,OVTAK,
Mii (female voice 4),F4,low,6688,VO_F4_L_OVTAK2,OVTAK2,
Mii (female voice 4),F4,low,6689,VO_F4_L_OVTAK_END,OVTAK_END,
Mii (female voice 4),F4,low,6690,VO_F4_L_WLE,WLE,
Mii (female voice 4),F4,low,6691,VO_F4_L_WLE2,WLE2,
Mii (female voice 4),F4,low,6692,VO_F4_L_WLE_END,WLE_END,
Mii (female voice 4),F4,low,6693,VO_F4_L_WLE_FAIL,WLE_FAIL,
Mii (female voice 4),F4,low,6694,VO_F4_L_WLE_FAIL2,WLE_FAIL2,
Mii (female voice 4),F4,low,6695,VO_F4_L_WLE_FAIL_END,WLE_FAIL_END,
Mii (female voice 4),F4,low,6696,VO_F4_L_DMG_L,DMG_L,
Mii (female voice 4),F4,low,6697,VO_F4_L_DMG_L2,DMG_L2,
Mii (female voice 4),F4,low,6698,VO_F4_L_DMG_L_END,DMG_L_END,
Mii (female voice 4),F4,low,6699,VO_F4_L_DMG_M,DMG_M,
Mii (female voice 4),F4,low,6700,VO_F4_L_DMG_M2,DMG_M2,
Mii (female voice 4),F4,low,6701,VO_F4_L_DMG_M_END,DMG_M_END,
Mii (female voice 4),F4,low,6702,VO_F4_L_DMG_S,DMG_S,
Mii (female voice 4),F4,low,6703,VO_F4_L_DMG_S2,DMG_S2,
Mii (female voice 4),F4,low,6704,VO_F4_L_DMG_S_END,DMG_S_END,
Mii (female voice 4),F4,low,6705,VO_F4_L_DMG_SPN,DMG_SPN,
Mii (female voice 4),F4,low,6706,VO_F4_L_DMG_SPN2,DMG_SPN2,
Mii (female voice 4),F4,low,6707,VO_F4_L_DMG_SPN_END,DMG_SPN_END,
Mii (female voice 4),F4,low,6708,VO_F4_L_DMG_FRE,DMG_FRE,
Mii (female voice 4),F4,low,6709,VO_F4_L_DMG_FRE2,DMG_FRE2,
Mii (female voice 4),F4,low,6710,VO_F4_L_DMG_FRE_END,DMG_FRE_END,
Mii (female voice 4),F4,low,6711,VO_F4_L_FAL,FAL,
Mii (female voice 4),F4,low,6712,VO_F4_L_FAL2,FAL2,
Mii (female voice 4),F4,low,6713,VO_F4_L_FAL_END,FAL_END,
Mii (female voice 4),F4,low,6714,VO_F4_L_FAL_W,FAL_W,
Mii (female voice 4),F4,low,6715,VO_F4_L_FAL_W2,FAL_W2,
Mii (female voice 4),F4,low,6716,VO_F4_L_FAL_W_END,FAL_W_END,
Mii (female voice 4),F4,low,6717,VO_F4_L_RET,RET,
Mii (female voice 4),F4,low,6718,VO_F4_L_RET2,RET2,
Mii (female voice 4),F4,low,6719,VO_F4_L_RET_END,RET_END,
Mii (female voice 4),F4,low,6720,VO_F4_L_RET_W,RET_W,
Mii (female voice 4),F4,low,6721,VO_F4_L_RET_W2,RET_W2,
Mii (female voice 4),F4,low,6722,VO_F4_L_RET_W_END,RET_W_END,
Mii (female voice 4),F4,low,6723,VO_F4_L_ITM_PUT,ITM_PUT,
Mii (female voice 4),F4,low,6724,VO_F4_L_ITM_PUT2,ITM_PUT2,
Mii (female voice 4),F4,low,6725,VO_F4_L_ITM_PUT_END,ITM_PUT_END,
Mii (female voice 4),F4,low,6726,VO_F4_L_ITM_TRW,ITM_TRW,
Mii (female voice 4),F4,low,6727,VO_F4_L_ITM_TRW2,ITM_TRW2,
Mii (female voice 4),F4,low,6728,VO_F4_L_ITM_TRW_END,ITM_TRW_END,
Mii (female voice 4),F4,low,6729,VO_F4_L_ITM_SCES,ITM_SCES,
Mii (female voice 4),F4,low,6730,VO_F4_L_ITM_SCES2,ITM_SCES2,
Mii (female voice 4),F4,low,6731,VO_F4_L_ITM_SCES_END,ITM_SCES_END,
Mii (female voice 4),F4,low,6732,VO_F4_L_ITM_PWUP,ITM_PWUP,
Mii (female voice 4),F4,low,6733,VO_F4_L_ITM_PWUP2,ITM_PWUP2,
Mii (female voice 4),F4,low,6734,VO_F4_L_ITM_PWUP_END,ITM_PWUP_END,
Mii (female voice 4),F4,low,6735,VO_F4_L_GOL_TOP,GOL_TOP,
Mii (female voice 4),F4,low,6736,VO_F4_L_GOL_TOP2,GOL_TOP2,
Mii (female voice 4),F4,low,6737,VO_F4_L_GOL_TOP_END,GOL_TOP_END,
Mii (female voice 4),F4,low,6738,VO_F4_L_GOL_GOD,GOL_GOD,
Mii (female voice 4),F4,low,6739,VO_F4_L_GOL_GOD2,GOL_GOD2,
Mii (female voice 4),F4,low,6740,VO_F4_L_GOL_GOD_END,GOL_GOD_END,
Mii (female voice 4),F4,low,6741,VO_F4_L_GOL_BAD,GOL_BAD,
Mii (female voice 4),F4,low,6742,VO_F4_L_GOL_BAD2,GOL_BAD2,
Mii (female voice 4),F4,low,6743,VO_F4_L_GOL_BAD_END,GOL_BAD_END,
Mii (female voice 4),F4,low,6744,VO_F4_L_CAN,CAN,
Mii (female voice 4),F4,low,6745,VO_F4_L_CAN2,CAN2,
Mii (female voice 4),F4,low,6746,VO_F4_L_CAN_END,CAN_END,
Mii (female voice 4),F4,low,6747,VO_F4_L_NPC_ATK,NPC_ATK,yes
Mii (female voice 4),F4,low,6748,VO_F4_L_NPC_ATK2,NPC_ATK2,yes
Mii (female voice 4),F4,low,6749,VO_F4_L_NPC_ATK_END,NPC_ATK_END,yes
Mii (female voice 4),F4,low,6750,VO_F4_L_NPC_DSH,NPC_DSH,yes
Mii (female voice 4),F4,low,6751,VO_F4_L_NPC_DSH2,NPC_DSH2,yes
Mii (female voice 4),F4,low,6752,VO_F4_L_NPC_DSH_END,NPC_DSH_END,yes
Mii (female voice 4),F4,low,6753,VO_F4_L_NPC_JP_M,NPC_JP_M,yes
Mii (female voice 4),F4,low,6754,VO_F4_L_NPC_JP_M2,NPC_JP_M2,yes
Mii (female voice 4),F4,low,6755,VO_F4_L_NPC_JP_M_END,NPC_JP_M_END,yes
Mii (female voice 4),F4,low,6756,VO_F4_L_NPC_WLE_FAIL,NPC_WLE_FAIL,yes
Mii (female voice 4),F4,low,6757,VO_F4_L_NPC_WLE_FAIL2,NPC_WLE_FAIL2,yes
Mii (female voice 4),F4,low,6758,VO_F4_L_NPC_WLE_FAIL_END,NPC_WLE_FAIL_END,yes
Mii (female voice 4),F4,low,6759,VO_F4_L_NPC_OVTAK,NPC_OVTAK,yes
Mii (female voice 4),F4,low,6760,VO_F4_L_NPC_OVTAK2,NPC_OVTAK2,yes
Mii (female voice 4),F4,low,6761,VO_F4_L_NPC_OVTAK_END,NPC_OVTAK_END,yes
Mii (female voice 4),F4,low,6762,VO_F4_L_NPC_DMG_L,NPC_DMG_L,yes
Mii (female voice 4),F4,low,6763,VO_F4_L_NPC_DMG_L2,NPC_DMG_L2,yes
Mii (female voice 4),F4,low,6764,VO_F4_L_NPC_DMG_L_END,NPC_DMG_L_END,yes
Mii (female voice 4),F4,low,6765,VO_F4_L_NPC_DMG_S,NPC_DMG_S,yes
Mii (female voice 4),F4,low,6766,VO_F4_L_NPC_DMG_S2,NPC_DMG_S2,yes
Mii (female voice 4),F4,low,6767,VO_F4_L_NPC_DMG_S_END,NPC_DMG_S_END,yes
Mii (female voice 4),F4,low,6768,VO_F4_L_NPC_DMG_SPN,NPC_DMG_SPN,yes
Mii (female voice 4),F4,low,6769,VO_F4_L_NPC_DMG_SPN2,NPC_DMG_SPN2,yes
Mii (female voice 4),F4,low,6770,VO_F4_L_NPC_DMG_SPN_END,NPC_DMG_SPN_END,yes
Mii (female voice 4),F4,low,6771,VO_F4_L_NPC_FAL,NPC_FAL,yes
Mii (female voice 4),F4,low,6772,VO_F4_L_NPC_FAL_W,NPC_FAL_W,yes
Mii (female voice 4),F4,low,6773,VO_F4_L_NPC_RET,NPC_RET,yes
Mii (female voice 4),F4,low,6774,VO_F4_L_NPC_ITM_SCES,NPC_ITM_SCES,yes
Mii (female voice 4),F4,low,6775,VO_F4_L_NPC_ITM_PWUP,NPC_ITM_PWUP,yes
Mii (female voice 4),F4,low,6776,VO_F4_L_NPC_CAN,NPC_CAN,yes
Mii (female voice 4),F4,low,6777,VO_F4_L_STRM,STRM,
Mii (female voice 4),F4,low,6778,VO_F4_L_STRM2,STRM2,
Mii (female voice 4),F4,low,6779,VO_F4_L_STRM_END,STRM_END,
Mii (female voice 4),F4,low,6780,VO_F4_L_NPC_STRM,NPC_STRM,yes
Mii (female voice 4),F4,normal,1058,VO_F4_N_SELECT_CHAR_01,SELECT_CHAR_01,
Mii (female voice 4),F4,normal,1059,VO_F4_N_SELECT_CHAR_02,SELECT_CHAR_02,
Mii (female voice 4),F4,normal,1060,VO_F4_N_SELECT_CHAR_END,SELECT_CHAR_END,
Mii (female voice 4),F4,normal,6427,VO_F4_N_ATK,ATK,
Mii (female voice 4),F4,normal,6428,VO_F4_N_ATK2,ATK2,
Mii (female voice 4),F4,normal,6429,VO_F4_N_ATK_END,ATK_END,
Mii (female voice 4),F4,normal,6430,VO_F4_N_DSH,DSH,
Mii (female voice 4),F4,normal,6431,VO_F4_N_DSH2,DSH2,
Mii (female voice 4),F4,normal,6432,VO_F4_N_DSH3,DSH3,
Mii (female voice 4),F4,normal,6433,VO_F4_N_DSH4,DSH4,
Mii (female voice 4),F4,normal,6434,VO_F4_N_DSH5,DSH5,
Mii (female voice 4),F4,normal,6435,VO_F4_N_DSH_END,DSH_END,
Mii (female voice 4),F4,normal,6436,VO_F4_N_JP_ACT,JP_ACT,
Mii (female voice 4),F4,normal,6437,VO_F4_N_JP_ACT2,JP_ACT2,
Mii (female voice 4),F4,normal,6438,VO_F4_N_JP_ACT_END,JP_ACT_END,
Mii (female voice 4),F4,normal,6439,VO_F4_N_JP_M,JP_M,
Mii (female voice 4),F4,normal,6440,VO_F4_N_JP_M2,JP_M2,
Mii (female voice 4),F4,normal,6441,VO_F4_N_JP_M_END,JP_M_END,
Mii (female voice 4),F4,normal,6442,VO_F4_N_JP_S,JP_S,
Mii (female voice 4),F4,normal,6443,VO_F4_N_JP_S2,JP_S2,
Mii (female voice 4),F4,normal,6444,VO_F4_N_JP_S_END,JP_S_END,
Mii (female voice 4),F4,normal,6445,VO_F4_N_LND_L,LND_L,
Mii (female voice 4),F4,normal,6446,VO_F4_N_LND_L2,LND_L2,
Mii (female voice 4),F4,normal,6447,VO_F4_N_LND_L_END,LND_L_END,
Mii (female voice 4),F4,normal,6448,VO_F4_N_LND_S,LND_S,
Mii (female voice 4),F4,normal,6449,VO_F4_N_LND_S2,LND_S2,
Mii (female voice 4),F4,normal,6450,VO_F4_N_LND_S_END,LND_S_END,
Mii (female voice 4),F4,normal,6451,VO_F4_N_OVTAK,OVTAK,
Mii (female voice 4),F4,normal,6452,VO_F4_N_OVTAK2,OVTAK2,
Mii (female voice 4),F4,normal,6453,VO_F4_N_OVTAK_END,OVTAK_END,
Mii (female voice 4),F4,normal,6454,VO_F4_N_WLE,WLE,
Mii (female voice 4),F4,normal,6455,VO_F4_N_WLE2,WLE2,
Mii (female voice 4),F4,normal,6456,VO_F4_N_WLE_END,WLE_END,
Mii (female voice 4),F4,normal,6457,VO_F4_N_WLE_FAIL,WLE_FAIL,
Mii (female voice 4),F4,normal,6458,VO_F4_N_WLE_FAIL2,WLE_FAIL2,
Mii (female voice 4),F4,normal,6459,VO_F4_N_WLE_FAIL_END,WLE_FAIL_END,
Mii (female voice 4),F4,normal,6460,VO_F4_N_DMG_L,DMG_L,
Mii (female voice 4),F4,normal,6461,VO_F4_N_DMG_L2,DMG_L2,
Mii (female voice 4),F4,normal,6462,VO_F4_N_DMG_L_END,DMG_L_END,
Mii (female voice 4),F4,normal,6463,VO_F4_N_DMG_M,DMG_M,
Mii (female voice 4),F4,normal,6464,VO_F4_N_DMG_M2,DMG_M2,
Mii (female voice 4),F4,normal,6465,VO_F4_N_DMG_M_END,DMG_M_END,
Mii (female voice 4),F4,normal,6466,VO_F4_N_DMG_S,DMG_S,
Mii (female voice 4),F4,normal,6467,VO_F4_N_DMG_S2,DMG_S2,
Mii (female voice 4),F4,normal,6468,VO_F4_N_DMG_S_END,DMG_S_END,
Mii (female voice 4),F4,normal,6469,VO_F4_N_DMG_SPN,DMG_SPN,
Mii (female voice 4),F4,normal,6470,VO_F4_N_DMG_SPN2,DMG_SPN2,
Mii (female voice 4),F4,normal,6471,VO_F4_N_DMG_SPN_END,DMG_SPN_END,
Mii (female voice 4),F4,normal,6472,VO_F4_N_DMG_FRE,DMG_FRE,
Mii (female voice 4),F4,normal,6473,VO_F4_N_DMG_FRE2,DMG_FRE2,
Mii (female voice 4),F4,normal,6474,VO_F4_N_DMG_FRE_END,DMG_FRE_END,
Mii (female voice 4),F4,normal,6475,VO_F4_N_FAL,FAL,
Mii (female voice 4),F4,normal,6476,VO_F4_N_FAL2,FAL2,
Mii (female voice 4),F4,normal,6477,VO_F4_N_FAL_END,FAL_END,
Mii (female voice 4),F4,normal,6478,VO_F4_N_FAL_W,FAL_W,
Mii (female voice 4),F4,normal,6479,VO_F4_N_FAL_W2,FAL_W2,
Mii (female voice 4),F4,normal,6480,VO_F4_N_FAL_W_END,FAL_W_END,
Mii (female voice 4),F4,normal,6481,VO_F4_N_RET,RET,
Mii (female voice 4),F4,normal,6482,VO_F4_N_RET2,RET2,
Mii (female voice 4),F4,normal,6483,VO_F4_N_RET_END,RET_END,
Mii (female voice 4),F4,normal,6484,VO_F4_N_RET_W,RET_W,
Mii (female voice 4),F4,normal,6485,VO_F4_N_RET_W2,RET_W2,
Mii (female voice 4),F4,normal,6486,VO_F4_N_RET_W_END,RET_W_END,
Mii (female voice 4),F4,normal,6487,VO_F4_N_ITM_PUT,ITM_PUT,
Mii (female voice 4),F4,normal,6488,VO_F4_N_ITM_PUT2,ITM_PUT2,
Mii (female voice 4),F4,normal,6489,VO_F4_N_ITM_PUT_END,ITM_PUT_END,
Mii (female voice 4),F4,normal,6490,VO_F4_N_ITM_TRW,ITM_TRW,
Mii (female voice 4),F4,normal,6491,VO_F4_N_ITM_TRW2,ITM_TRW2,
Mii (female voice 4),F4,normal,6492,VO_F4_N_ITM_TRW_END,ITM_TRW_END,
Mii (female voice 4),F4,normal,6493,VO_F4_N_ITM_SCES,ITM_SCES,
Mii (female voice 4),F4,normal,6494,VO_F4_N_ITM_SCES2,ITM_SCES2,
Mii (female voice 4),F4,normal,6495,VO_F4_N_ITM_SCES_END,ITM_SCES_END,
Mii (female voice 4),F4,normal,6496,VO_F4_N_ITM_PWUP,ITM_PWUP,
Mii (female voice 4),F4,normal,6497,VO_F4_N_ITM_PWUP2,ITM_PWUP2,
Mii (female voice 4),F4,normal,6498,VO_F4_N_ITM_PWUP_END,ITM_PWUP_END,
Mii (female voice 4),F4,normal,6499,VO_F4_N_GOL_TOP,GOL_TOP,
Mii (female voice 4),F4,normal,6500,VO_F4_N_GOL_TOP2,GOL_TOP2,
Mii (female voice 4),F4,normal,6501,VO_F4_N_GOL_TOP_END,GOL_TOP_END,
Mii (female voice 4),F4,normal,6502,VO_F4_N_GOL_GOD,GOL_GOD,
Mii (female voice 4),F4,normal,6503,VO_F4_N_GOL_GOD2,GOL_GOD2,
Mii (female voice 4),F4,normal,6504,VO_F4_N_GOL_GOD_END,GOL_GOD_END,
Mii (female voice 4),F4,normal,6505,VO_F4_N_GOL_BAD,GOL_BAD,
Mii (female voice 4),F4,normal,6506,VO_F4_N_GOL_BAD2,GOL_BAD2,
Mii (female voice 4),F4,normal,6507,VO_F4_N_GOL_BAD_END,GOL_BAD_END,
Mii (female voice 4),F4,normal,6508,VO_F4_N_CAN,CAN,
Mii (female voice 4),F4,normal,6509,VO_F4_N_CAN2,CAN2,
Mii (female voice 4),F4,normal,6510,VO_F4_N_CAN_END,CAN_END,
Mii (female voice 4),F4,normal,6511,VO_F4_N_NPC_ATK,NPC_ATK,yes
Mii (female voice 4),F4,normal,6512,VO_F4_N_NPC_ATK2,NPC_ATK2,yes
Mii (female voice 4),F4,normal,6513,VO_F4_N_NPC_ATK_END,NPC_ATK_END,yes
Mii (female voice 4),F4,normal,6514,VO_F4_N_NPC_DSH,NPC_DSH,yes
Mii (female voice 4),F4,normal,6515,VO_F4_N_NPC_DSH2,NPC_DSH2,yes
Mii (female voice 4),F4,normal,6516,VO_F4_N_NPC_DSH_END,NPC_DSH_END,yes
Mii (female voice 4),F4,normal,6517,VO_F4_N_NPC_JP_M,NPC_JP_M,yes
Mii (female voice 4),F4,normal,6518,VO_F4_N_NPC_JP_M2,NPC_JP_M2,yes
Mii (female voice 4),F4,normal,6519,VO_F4_N_NPC_JP_M_END,NPC_JP_M_END,yes
Mii (female voice 4),F4,normal,6520,VO_F4_N_NPC_WLE_FAIL,NPC_WLE_FAIL,yes
Mii (female voice 4),F4,normal,6521,VO_F4_N_NPC_WLE_FAIL2,NPC_WLE_FAIL2,yes
Mii (female voice 4),F4,normal,6522,VO_F4_N_NPC_WLE_FAIL_END,NPC_WLE_FAIL_END,yes
Mii (female voice 4),F4,normal,6523,VO_F4_N_NPC_OVTAK,NPC_OVTAK,yes
Mii (female voice 4),F4,normal,6524,VO_F4_N_NPC_OVTAK2,NPC_OVTAK2,yes
Mii (female voice 4),F4,normal,6525,VO_F4_N_NPC_OVTAK_END,NPC_OVTAK_END,yes
Mii (female voice 4),F4,normal,6526,VO_F4_N_NPC_DMG_L,NPC_DMG_L,yes
Mii (female voice 4),F4,normal,6527,VO_F4_N_NPC_DMG_L2,NPC_DMG_L2,yes
Mii (female voice 4),F4,normal,6528,VO_F4_N_NPC_DMG_L_END,NPC_DMG_L_END,yes
Mii (female voice 4),F4,normal,6529,VO_F4_N_NPC_DMG_S,NPC_DMG_S,yes
Mii (female voice 4),F4,normal,6530,VO_F4_N_NPC_DMG_S2,NPC_DMG_S2,yes
Mii (female voice 4),F4,normal,6531,VO_F4_N_NPC_DMG_S_END,NPC_DMG_S_END,yes
Mii (female voice 4),F4,normal,6532,VO_F4_N_NPC_DMG_SPN,NPC_DMG_SPN,yes
Mii (female voice 4),F4,normal,6533,VO_F4_N_NPC_DMG_SPN2,NPC_DMG_SPN2,yes
Mii (female voice 4),F4,normal,6534,VO_F4_N_NPC_DMG_SPN_END,NPC_DMG_SPN_END,yes
Mii (female voice 4),F4,normal,6535,VO_F4_N_NPC_FAL,NPC_FAL,yes
Mii (female voice 4),F4,normal,6536,VO_F4_N_NPC_FAL_W,NPC_FAL_W,yes
Mii (female voice 4),F4,normal,6537,VO_F4_N_NPC_RET,NPC_RET,yes
Mii (female voice 4),F4,normal,6538,VO_F4_N_NPC_ITM_SCES,NPC_ITM_SCES,yes
Mii (female voice 4),F4,normal,6539,VO_F4_N_NPC_ITM_PWUP,NPC_ITM_PWUP,yes
Mii (female voice 4),F4,normal,6540,VO_F4_N_NPC_CAN,NPC_CAN,yes
Mii (female voice 4),F4,normal,6541,VO_F4_N_STRM,STRM,
Mii (female voice 4),F4,normal,6542,VO_F4_N_STRM2,STRM2,
Mii (female voice 4),F4,normal,6543,VO_F4_N_STRM_END,STRM_END,
Mii (female voice 4),F4,normal,6544,VO_F4_N_NPC_STRM,NPC_STRM,yes
Title screen,TITLE,,915,VO_TITLE_MR_MK,MR_MK,
Title screen,TITLE,,916,VO_TITLE_MR_MK_WIHEE,MR_MK_WIHEE,
Title screen,TITLE,,917,VO_TITLE_MR_MK_MISS,MR_MK_MISS,
Title screen,TITLE,,918,VO_TITLE_LG_MKF,LG_MKF,
Title screen,TITLE,,919,VO_TITLE_LG_LKW,LG_LKW,
Title screen,TITLE,,920,VO_TITLE_PC_MKW,PC_MKW,
Title screen,TITLE,,921,VO_TITLE_PC_PKW,PC_PKW,
Title screen,TITLE,,922,VO_TITLE_KP_LAUGH,KP_LAUGH,
(dummy),DUMMY,,914,VO_DUMMY,,
